-- phpMyAdmin SQL Dump
-- version 4.0.10.5
-- http://www.phpmyadmin.net
--
-- Host: localhost
-- Generation Time: Jan 09, 2016 at 04:30 AM
-- Server version: 5.6.21
-- PHP Version: 5.4.23

SET SQL_MODE = "NO_AUTO_VALUE_ON_ZERO";
SET time_zone = "+00:00";


/*!40101 SET @OLD_CHARACTER_SET_CLIENT=@@CHARACTER_SET_CLIENT */;
/*!40101 SET @OLD_CHARACTER_SET_RESULTS=@@CHARACTER_SET_RESULTS */;
/*!40101 SET @OLD_COLLATION_CONNECTION=@@COLLATION_CONNECTION */;
/*!40101 SET NAMES utf8 */;

--
-- Database: `wohligco_access1`
--

-- --------------------------------------------------------

--
-- Table structure for table `about`
--

CREATE TABLE IF NOT EXISTS `about` (
  `id` int(11) NOT NULL AUTO_INCREMENT,
  `image` varchar(255) NOT NULL,
  `title` varchar(255) NOT NULL,
  `order` int(11) NOT NULL,
  `status` int(11) NOT NULL,
  PRIMARY KEY (`id`)
) ENGINE=InnoDB  DEFAULT CHARSET=latin1 AUTO_INCREMENT=26 ;

--
-- Dumping data for table `about`
--

INSERT INTO `about` (`id`, `image`, `title`, `order`, `status`) VALUES
(1, 'Abhishek_Bachan.jpeg', 'Mr. Abhishek Bachan', 2, 1),
(2, 'Adesh_Srivastava.jpeg', 'Mr. Adesh Srivastava', 22, 1),
(3, 'Aftab_Shivdasani.jpeg', 'Mr. Aftab Shivdasani', 19, 1),
(4, 'Asha_Bosle.jpeg', 'Ms. Asha Bosle', 5, 1),
(5, 'Bipasha_Basu.JPG', 'Ms. Bipasha Basu', 3, 1),
(6, 'Jay_Bhanushali.JPG', 'Mr. Jay Bhanushali', 25, 1),
(7, 'Karishma_Kapoor.jpg', 'Ms. Karishma Kapoor', 4, 1),
(8, 'MSG1.JPG', 'Mr. Gurmeet Ram Rahim Singh Ji', 14, 1),
(9, 'Murali_Kartik.JPG', 'Mr. Murali Kartik', 20, 1),
(10, 'Neil_Nitin_Mukesh.jpeg', 'Mr. Neil Nitin Mukesh', 12, 1),
(11, 'Nicolas_Anelka.JPG', 'Mr. Nicolas Anelka', 9, 1),
(12, 'Pooja_Bhatt.jpeg', 'Ms. Pooja Bhatt', 11, 1),
(13, 'Priya_Dutt.jpeg', 'Ms. Priya Dutt', 10, 1),
(14, 'Ranvir_Shoorey.jpeg', 'Mr. Ranvir Shoorey', 17, 1),
(15, 'Remo_Dsouza.jpeg', 'Mr. Remo D''souza', 18, 1),
(16, 'Ritesh_Genelia_Deshmukh.jpg', 'Mr. & Mrs. Deshmukh', 6, 1),
(17, 'Rohit_Sharma.jpeg', 'Mr. Rohit Sharma', 7, 1),
(18, 'Sharukh_Khan.JPG', 'Mr. Sharukh Khan', 1, 1),
(19, 'Siddhart_Mallya.JPG', 'Mr. Siddhart Mallya', 15, 1),
(20, 'Yusuf_Pathan.JPG', 'Mr. Yusuf Pathan', 8, 1),
(21, 'Amit_Thackeray.JPG', 'Mr. Amit Thackeray', 13, 1),
(22, 'Andy_Bichel.jpeg', 'Mr. Andy Bichel', 21, 1),
(23, 'Purab_Kohli.JPG', 'Mr. Purab Kohli', 24, 1),
(24, 'Ram_Kapoor.JPG', 'Mr. Ram Kapoor', 16, 1),
(25, 'VJ_Andy.JPG', 'VJ Andy', 23, 1);

-- --------------------------------------------------------

--
-- Table structure for table `accesslevel`
--

CREATE TABLE IF NOT EXISTS `accesslevel` (
  `id` int(11) NOT NULL AUTO_INCREMENT,
  `name` varchar(255) NOT NULL,
  PRIMARY KEY (`id`)
) ENGINE=InnoDB  DEFAULT CHARSET=utf8 AUTO_INCREMENT=5 ;

--
-- Dumping data for table `accesslevel`
--

INSERT INTO `accesslevel` (`id`, `name`) VALUES
(1, 'Admin'),
(2, 'Customer'),
(3, 'Wholesaler'),
(4, 'Press');

-- --------------------------------------------------------

--
-- Table structure for table `article`
--

CREATE TABLE IF NOT EXISTS `article` (
  `id` int(11) NOT NULL AUTO_INCREMENT,
  `name` varchar(255) NOT NULL,
  `content` text NOT NULL,
  `status` int(11) NOT NULL,
  PRIMARY KEY (`id`)
) ENGINE=InnoDB DEFAULT CHARSET=latin1 AUTO_INCREMENT=1 ;

-- --------------------------------------------------------

--
-- Table structure for table `banner1`
--

CREATE TABLE IF NOT EXISTS `banner1` (
  `id` int(11) NOT NULL,
  `name` varchar(255) NOT NULL,
  `link` varchar(255) NOT NULL,
  `target` varchar(255) NOT NULL,
  `status` int(11) NOT NULL,
  `fromdate` date NOT NULL,
  `todate` date NOT NULL,
  `image` varchar(255) NOT NULL,
  PRIMARY KEY (`id`)
) ENGINE=InnoDB DEFAULT CHARSET=latin1;

-- --------------------------------------------------------

--
-- Table structure for table `banner2`
--

CREATE TABLE IF NOT EXISTS `banner2` (
  `id` int(11) NOT NULL,
  `name` varchar(255) NOT NULL,
  `link` varchar(255) NOT NULL,
  `target` varchar(255) NOT NULL,
  `status` int(11) NOT NULL,
  `fromdate` date NOT NULL,
  `todate` date NOT NULL,
  `image` varchar(255) NOT NULL,
  PRIMARY KEY (`id`)
) ENGINE=InnoDB DEFAULT CHARSET=latin1;

-- --------------------------------------------------------

--
-- Table structure for table `banner3`
--

CREATE TABLE IF NOT EXISTS `banner3` (
  `id` int(11) NOT NULL,
  `name` varchar(255) NOT NULL,
  `link` varchar(255) NOT NULL,
  `target` varchar(255) NOT NULL,
  `status` int(11) NOT NULL,
  `fromdate` date NOT NULL,
  `todate` date NOT NULL,
  `image` varchar(255) NOT NULL,
  PRIMARY KEY (`id`)
) ENGINE=InnoDB DEFAULT CHARSET=latin1;

-- --------------------------------------------------------

--
-- Table structure for table `bloggerscorner`
--

CREATE TABLE IF NOT EXISTS `bloggerscorner` (
  `id` int(11) NOT NULL,
  `name` varchar(255) NOT NULL,
  `link` varchar(255) NOT NULL,
  `target` varchar(255) NOT NULL,
  `order` int(11) NOT NULL,
  `status` int(11) NOT NULL,
  `image` varchar(255) NOT NULL,
  PRIMARY KEY (`id`)
) ENGINE=InnoDB DEFAULT CHARSET=latin1;

-- --------------------------------------------------------

--
-- Table structure for table `brand`
--

CREATE TABLE IF NOT EXISTS `brand` (
  `id` int(11) NOT NULL AUTO_INCREMENT,
  `name` varchar(255) CHARACTER SET utf8 NOT NULL,
  `order` int(11) NOT NULL,
  `logo` varchar(255) CHARACTER SET utf8 NOT NULL,
  `isdistributer` varchar(255) CHARACTER SET utf8 NOT NULL,
  PRIMARY KEY (`id`)
) ENGINE=InnoDB  DEFAULT CHARSET=latin1 AUTO_INCREMENT=105 ;

--
-- Dumping data for table `brand`
--

INSERT INTO `brand` (`id`, `name`, `order`, `logo`, `isdistributer`) VALUES
(2, 'Acmemade', 1, 'acmemade2.jpeg', '0'),
(3, 'Adonit', 3, 'adonit2.png', '0'),
(4, 'Apple', 2, 'apple1.png', '0'),
(5, 'Autodrive', 4, 'autodrive1.png', '1'),
(6, 'B&O', 5, 'bo_play.png', '0'),
(7, 'Beats By Dre', 6, 'Beats-By-Dre.png', '0'),
(8, 'Bee-wi', 7, 'bee-wi.jpg', '0'),
(9, 'Beez', 8, 'beez.jpg', '1'),
(10, 'Belkin', 9, 'belkin.png', '0'),
(11, 'Bling My Thing', 10, 'bling-my-thing1.jpg', '1'),
(12, 'Blueair', 11, 'blueair.png', '1'),
(13, 'BMW', 12, 'BMW.png', '1'),
(14, 'Bose', 13, 'bose.png', '0'),
(15, 'Bowers&Wilkins', 14, 'BowersWilkins.png', '0'),
(16, 'Cadyce', 15, 'cadyce.jpg', '0'),
(17, 'Crumpler', 16, 'crumpler.png', '1'),
(18, 'Draco Design', 17, 'draco_design.png', '0'),
(19, 'Ed Hardy', 18, 'Ed_hardy_logo.jpg', '1'),
(20, 'Energizer', 19, 'Energizer.jpg', '1'),
(21, 'Essentials', 20, 'essentials.png', '1'),
(23, 'Fiat', 22, 'fiat.jpg', '1'),
(24, 'Go Pro', 23, 'go_pro.png', '0'),
(25, 'GoPole', 24, 'GoPole.jpg', '0'),
(26, 'Griffin', 25, 'griffin.png', '0'),
(28, 'Hurom', 27, 'hurom.png', '1'),
(29, 'iHealth', 28, 'iHealth.png', '0'),
(30, 'iLuv', 29, 'iluv.png', '1'),
(31, 'Incipio', 30, 'incipio.png', '1'),
(33, 'iSkin', 32, 'iskin.png', '1'),
(34, 'iWalk', 33, 'iwalk.png', '0'),
(35, 'Jawbone', 34, 'jawbone.png', '0'),
(36, 'Jbl', 35, 'jbl.jpg', '0'),
(37, 'Joby', 36, 'joby.png', '0'),
(38, 'Just Mobile', 37, 'just_mobile.png', '0'),
(39, 'Knog', 38, 'knog.jpg', '0'),
(40, 'Lamborghini', 39, 'lamborghini.png', '1'),
(41, 'Leatherman', 40, 'leatherman.png', '1'),
(42, 'Ledlenser', 41, 'ledlenser.jpg', '0'),
(43, 'Lifeproof', 42, 'lifeproof.png', '1'),
(44, 'Logitech', 43, 'logitech.png', '0'),
(45, 'Macmerise', 44, 'macmerise.png', '0'),
(46, 'Marshall', 45, 'marshallheadphones.png', '0'),
(48, 'Minix', 47, 'minix1.png', '0'),
(49, 'Mipow', 48, 'MIPOW.png', '1'),
(50, 'Monster', 49, 'monster_headphones.png', '0'),
(51, 'Mophie', 50, 'mophie.png', '0'),
(52, 'Native Union', 51, 'native_union.png', '1'),
(53, 'Olloclip', 52, 'olloclip.png', '0'),
(54, 'Otterbox', 53, 'otterbox.png', '1'),
(55, 'Parrot', 54, 'parrot.png', '0'),
(57, 'Plantronics', 56, 'plantronics.jpg', '0'),
(59, 'Power Traveller', 58, 'power_traveller.jpg', '1'),
(60, 'Psb speakers', 59, 'psb_speakers.png', '0'),
(61, 'Remax', 60, 'remax.png', '0'),
(62, 'Sandisk', 61, 'sandisk.png', '0'),
(63, 'scosche', 62, 'scosche.png', '0'),
(64, 'Shure', 63, 'Shure.png', '0'),
(66, 'Sol Republic', 65, 'sol_republic.png', '0'),
(67, 'Speck', 66, 'speck.png', '0'),
(69, 'Switcheasy', 68, 'switcheasy.jpg', '1'),
(70, 'Thule', 69, 'thule.png', '0'),
(71, 'Tucano', 70, 'tucano.png', '1'),
(72, 'UE', 71, 'UE-LOGO.png', '0'),
(73, 'Urbanears', 72, 'urbanears.PNG', '0'),
(74, 'Vorson', 73, 'vorson.png', '1'),
(75, 'Wicked Audio', 74, 'wicked_audio.png', '1'),
(76, 'X-mini', 75, 'x-mini.png', '1'),
(77, 'Xtrememac', 76, 'xtrememac.png', '1'),
(78, 'Zoom', 77, 'zoom.jpg', '0'),
(79, 'Skullcandy', 64, 'skull_candy1.png', '0'),
(81, 'IO', 79, 'io.jpg', '0'),
(82, 'Fitbit', 80, 'fitbit.jpg', '0'),
(84, 'Ferrari', 81, 'ferrari1.png', '1'),
(85, 'Guess', 82, 'Guess1.jpg', '1'),
(86, 'Mini', 83, 'mini_cooper1.jpg', '1'),
(87, 'DJI', 84, 'dji.jpg', '0'),
(88, 'Nespresso', 85, 'nespresso.jpg', '0'),
(91, 'Ricoh', 87, 'ricoh.png', '0'),
(92, 'Traxxas', 88, 'traxxas.png', '0'),
(94, 'Dyson', 89, 'dyson.jpg', '0'),
(95, 'Golden Bric', 90, 'logo_1_final_.png', '0'),
(96, 'Stadler Form', 91, 'stadler_form.png', '0'),
(97, 'Freego', 92, 'freego.jpg', '0'),
(98, 'Tomoloo', 93, 'tomoloo1.jpg', '0'),
(99, 'Swissvoice', 94, 'swissvoice.jpg', '0'),
(100, 'RHA', 95, 'rha.png', '0'),
(101, 'V-Moda', 96, 'v-moda.jpg', '0'),
(103, 'Mercedes', 0, '', ''),
(104, '', 0, '', '');

-- --------------------------------------------------------

--
-- Table structure for table `category`
--

CREATE TABLE IF NOT EXISTS `category` (
  `id` int(11) NOT NULL AUTO_INCREMENT,
  `name` varchar(255) CHARACTER SET utf8 NOT NULL,
  `parent` int(11) NOT NULL,
  `status` int(11) NOT NULL,
  `order` int(11) NOT NULL,
  `image1` varchar(255) CHARACTER SET utf8 NOT NULL,
  `image2` varchar(255) CHARACTER SET utf8 NOT NULL,
  PRIMARY KEY (`id`)
) ENGINE=InnoDB  DEFAULT CHARSET=latin1 AUTO_INCREMENT=45 ;

--
-- Dumping data for table `category`
--

INSERT INTO `category` (`id`, `name`, `parent`, `status`, `order`, `image1`, `image2`) VALUES
(3, 'Earphones & Headphones', 0, 1, 2, '3.png', ''),
(4, 'Wireless Headphones', 3, 1, 4, '', ''),
(5, 'Speakers & Docks', 0, 1, 5, 'headphones1.jpg', 'iphone-cases-and-covers.jpg'),
(6, 'Bluetooth', 5, 1, 2, 'headphones.jpg', '21.png'),
(7, 'Headphones', 3, 1, 3, '', ''),
(8, 'Earphones', 3, 1, 1, '', ''),
(9, 'Toys & Games', 10, 1, 6, '', ''),
(10, 'Gadgets', 0, 1, 6, 'product_square_(bottom_left)1.jpg', 'banner3.jpg'),
(11, 'Health & Fitness', 10, 1, 1, '', ''),
(12, 'Samsung', 36, 1, 2, '', ''),
(13, 'Others', 1, 1, 3, '', ''),
(14, 'Bags & Sleeves', 0, 1, 1, '1765442.jpg', ''),
(15, 'Bags', 14, 1, 1, '', ''),
(16, 'Sleeves', 14, 1, 2, '', ''),
(17, 'Accessories', 0, 1, 4, '', ''),
(18, 'Apple Accessories', 17, 1, 1, '', ''),
(19, 'Go Pro Accessories', 17, 1, 2, '', ''),
(20, 'Power & Cables', 17, 1, 3, '', ''),
(21, 'Adapters', 17, 1, 4, '', ''),
(22, 'Storage Devices', 17, 1, 5, '', ''),
(23, 'Others', 17, 1, 6, '', ''),
(24, 'Portable', 5, 1, 1, '', ''),
(25, 'Airplay', 5, 1, 3, '', ''),
(26, 'Docks', 5, 1, 4, '', ''),
(27, 'Others', 5, 1, 5, '', ''),
(28, 'Recorders', 10, 1, 2, '', ''),
(29, 'Photogrpahy & Creativity', 10, 1, 3, '', ''),
(30, 'Cordless/Landline Phones', 10, 1, 4, '', ''),
(31, 'Printers & Scanners', 10, 1, 5, '', ''),
(36, 'Cases & Protection', 0, 1, 0, 'bmt-large.jpg', 'WINTER-2015-LookBook-Incipio6_c2.jpg'),
(37, 'Apple', 36, 1, 1, '', ''),
(38, 'Others', 10, 1, 7, '', ''),
(39, 'Wireless Earphones', 3, 1, 2, '', ''),
(43, '', 0, 0, 0, '', '');

-- --------------------------------------------------------

--
-- Table structure for table `categorylog`
--

CREATE TABLE IF NOT EXISTS `categorylog` (
  `id` int(11) NOT NULL AUTO_INCREMENT,
  `user` int(11) NOT NULL,
  `category` int(11) NOT NULL,
  `action` varchar(255) NOT NULL,
  `timestamp` timestamp NOT NULL DEFAULT CURRENT_TIMESTAMP,
  PRIMARY KEY (`id`)
) ENGINE=InnoDB  DEFAULT CHARSET=latin1 AUTO_INCREMENT=219 ;

--
-- Dumping data for table `categorylog`
--

INSERT INTO `categorylog` (`id`, `user`, `category`, `action`, `timestamp`) VALUES
(1, 1, 18, 'Category Created', '2015-04-17 12:25:47'),
(2, 1, 18, 'Category Edited', '2015-04-17 12:26:12'),
(3, 1, 19, 'Category Created', '2015-04-17 12:40:23'),
(4, 1, 20, 'Category Created', '2015-04-17 13:02:39'),
(5, 1, 21, 'Category Created', '2015-04-17 13:10:33'),
(6, 1, 22, 'Category Created', '2015-04-17 14:03:49'),
(7, 1, 23, 'Category Created', '2015-04-17 14:10:32'),
(8, 1, 17, 'Category Edited', '2015-04-20 09:53:54'),
(9, 1, 17, 'Category Edited', '2015-04-20 09:56:15'),
(10, 1, 24, 'Category Created', '2015-04-27 11:42:25'),
(11, 1, 1, 'Category Edited', '2015-04-27 11:42:45'),
(12, 1, 3, 'Category Edited', '2015-04-27 11:42:58'),
(13, 1, 4, 'Category Edited', '2015-04-27 11:43:13'),
(14, 1, 5, 'Category Edited', '2015-04-27 11:43:24'),
(15, 1, 6, 'Category Edited', '2015-04-27 11:43:34'),
(16, 1, 7, 'Category Edited', '2015-04-27 11:43:48'),
(17, 1, 8, 'Category Edited', '2015-04-27 11:44:00'),
(18, 1, 25, 'Category Created', '2015-04-27 11:45:32'),
(19, 1, 26, 'Category Created', '2015-04-27 11:45:56'),
(20, 1, 27, 'Category Created', '2015-04-27 11:46:10'),
(21, 1, 28, 'Category Created', '2015-04-27 11:46:25'),
(22, 1, 29, 'Category Created', '2015-04-27 11:46:39'),
(23, 1, 7, 'Category Edited', '2015-04-27 11:50:16'),
(24, 1, 8, 'Category Edited', '2015-04-27 11:50:50'),
(25, 1, 17, 'Category Edited', '2015-04-27 11:51:57'),
(26, 1, 9, 'Category Edited', '2015-04-27 11:52:26'),
(27, 1, 10, 'Category Edited', '2015-04-27 11:53:21'),
(28, 1, 11, 'Category Edited', '2015-04-27 11:53:33'),
(29, 1, 24, 'Category Edited', '2015-04-27 11:55:44'),
(30, 1, 15, 'Category Edited', '2015-04-27 11:56:19'),
(31, 1, 16, 'Category Edited', '2015-04-27 11:56:33'),
(32, 1, 30, 'Category Created', '2015-04-27 11:57:49'),
(33, 1, 13, 'Category Edited', '2015-04-27 11:58:55'),
(34, 1, 14, 'Category Edited', '2015-04-27 11:59:11'),
(35, 1, 12, 'Category Edited', '2015-04-27 11:59:57'),
(36, 1, 6, 'Category Edited', '2015-04-27 12:11:30'),
(37, 1, 6, 'Category Edited', '2015-04-27 12:12:26'),
(38, 1, 31, 'Category Created', '2015-05-12 10:33:01'),
(39, 1, 32, 'Category Created', '2015-05-12 10:34:10'),
(40, 1, 10, 'Category Edited', '2015-05-20 13:16:06'),
(41, 1, 28, 'Category Edited', '2015-05-20 13:36:02'),
(42, 1, 10, 'Category Deleted', '2015-05-20 13:36:53'),
(43, 1, 11, 'Category Deleted', '2015-05-20 13:37:51'),
(44, 1, 28, 'Category Deleted', '2015-05-20 13:37:57'),
(45, 1, 28, 'Category Deleted', '2015-05-20 13:38:00'),
(46, 1, 56, 'Category Created', '2015-06-15 06:56:20'),
(47, 1, 57, 'Category Created', '2015-06-16 06:15:25'),
(48, 1, 58, 'Category Created', '2015-06-16 06:15:41'),
(49, 1, 59, 'Category Created', '2015-06-16 06:15:56'),
(50, 1, 60, 'Category Created', '2015-06-16 06:16:13'),
(51, 1, 61, 'Category Created', '2015-06-16 06:16:53'),
(52, 1, 62, 'Category Created', '2015-06-16 06:17:11'),
(53, 1, 61, 'Category Edited', '2015-07-02 11:15:33'),
(54, 1, 43, 'Category Deleted', '2015-07-03 07:11:44'),
(55, 1, 66, 'Category Edited', '2015-07-04 10:27:25'),
(56, 1, 76, 'Category Edited', '2015-07-04 10:28:46'),
(57, 1, 66, 'Category Edited', '2015-07-04 10:30:13'),
(58, 1, 66, 'Category Edited', '2015-07-04 10:30:44'),
(59, 1, 78, 'Category Created', '2015-07-08 09:39:32'),
(60, 1, 79, 'Category Created', '2015-07-08 10:54:20'),
(61, 1, 80, 'Category Created', '2015-07-08 10:54:43'),
(62, 1, 81, 'Category Created', '2015-07-08 10:55:04'),
(63, 1, 82, 'Category Created', '2015-07-08 10:55:26'),
(64, 1, 80, 'Category Edited', '2015-07-09 06:10:07'),
(65, 1, 69, 'Category Edited', '2015-07-09 06:11:14'),
(66, 1, 68, 'Category Edited', '2015-07-09 06:11:17'),
(67, 1, 80, 'Category Edited', '2015-07-09 06:11:20'),
(68, 1, 69, 'Category Edited', '2015-07-09 06:11:42'),
(69, 1, 68, 'Category Edited', '2015-07-09 06:11:45'),
(70, 1, 83, 'Category Created', '2015-08-06 11:25:24'),
(71, 1, 70, 'Category Edited', '2015-08-21 11:22:42'),
(72, 1, 70, 'Category Edited', '2015-08-21 11:23:01'),
(73, 1, 1, 'Category Created', '2015-09-11 12:55:42'),
(74, 1, 2, 'Category Created', '2015-09-11 12:56:21'),
(75, 1, 3, 'Category Created', '2015-09-11 12:56:44'),
(76, 1, 4, 'Category Created', '2015-09-11 12:57:18'),
(77, 1, 5, 'Category Created', '2015-09-11 12:57:37'),
(78, 1, 6, 'Category Created', '2015-09-11 12:58:20'),
(79, 1, 7, 'Category Created', '2015-09-11 12:58:48'),
(80, 1, 8, 'Category Created', '2015-09-11 13:00:30'),
(81, 1, 9, 'Category Created', '2015-09-11 13:00:57'),
(82, 1, 10, 'Category Created', '2015-09-11 13:01:19'),
(83, 1, 11, 'Category Created', '2015-09-11 13:01:53'),
(84, 1, 12, 'Category Created', '2015-09-11 13:02:18'),
(85, 1, 13, 'Category Created', '2015-09-11 13:02:36'),
(86, 1, 14, 'Category Created', '2015-09-11 13:03:06'),
(87, 1, 17, 'Category Created', '2015-09-11 13:05:33'),
(88, 1, 18, 'Category Created', '2015-09-11 13:06:00'),
(89, 1, 21, 'Category Created', '2015-09-11 13:07:02'),
(90, 1, 22, 'Category Created', '2015-09-11 13:07:31'),
(91, 1, 26, 'Category Created', '2015-09-11 13:09:34'),
(92, 1, 27, 'Category Created', '2015-09-11 13:09:59'),
(93, 1, 1, 'Category Edited', '2015-10-06 07:21:02'),
(94, 1, 1, 'Category Created', '2015-10-14 07:33:37'),
(95, 1, 2, 'Category Created', '2015-10-14 07:34:04'),
(96, 1, 3, 'Category Created', '2015-10-14 07:34:27'),
(97, 1, 3, 'Category Edited', '2015-10-14 07:34:45'),
(98, 1, 4, 'Category Created', '2015-10-14 07:35:07'),
(99, 1, 5, 'Category Created', '2015-10-14 07:35:53'),
(100, 1, 6, 'Category Created', '2015-10-14 07:36:21'),
(101, 1, 7, 'Category Created', '2015-10-14 07:37:50'),
(102, 1, 8, 'Category Created', '2015-10-14 07:38:21'),
(103, 1, 9, 'Category Created', '2015-10-14 07:38:46'),
(104, 1, 10, 'Category Created', '2015-10-14 07:39:09'),
(105, 1, 10, 'Category Edited', '2015-10-14 07:39:23'),
(106, 1, 11, 'Category Created', '2015-10-14 07:40:10'),
(107, 1, 12, 'Category Created', '2015-10-14 07:43:28'),
(108, 1, 13, 'Category Created', '2015-10-14 07:44:45'),
(109, 1, 14, 'Category Created', '2015-10-14 07:46:03'),
(110, 1, 15, 'Category Created', '2015-10-14 07:46:50'),
(111, 1, 1, 'Category Deleted', '2015-10-26 10:35:47'),
(112, 1, 1, 'Category Deleted', '2015-10-26 10:35:48'),
(113, 1, 2, 'Category Created', '2015-10-26 10:36:54'),
(114, 1, 2, 'Category Edited', '2015-10-26 10:41:43'),
(115, 1, 3, 'Category Edited', '2015-11-03 09:49:06'),
(116, 1, 3, 'Category Edited', '2015-11-03 09:49:15'),
(117, 1, 9, 'Category Created', '2015-11-25 14:47:31'),
(118, 1, 9, 'Category Edited', '2015-11-26 08:18:27'),
(119, 1, 9, 'Category Edited', '2015-11-26 12:01:57'),
(120, 1, 9, 'Category Edited', '2015-11-26 12:02:07'),
(121, 1, 9, 'Category Edited', '2015-11-26 12:03:01'),
(122, 1, 8, 'Category Edited', '2015-11-26 12:03:21'),
(123, 1, 9, 'Category Edited', '2015-11-26 12:03:31'),
(124, 1, 10, 'Category Created', '2015-11-26 12:03:47'),
(125, 1, 9, 'Category Edited', '2015-11-26 12:03:58'),
(126, 1, 10, 'Category Edited', '2015-11-26 12:04:18'),
(127, 1, 10, 'Category Edited', '2015-11-26 12:04:33'),
(128, 1, 9, 'Category Edited', '2015-11-26 12:04:51'),
(129, 1, 10, 'Category Edited', '2015-11-26 12:05:02'),
(130, 1, 11, 'Category Created', '2015-11-26 12:09:22'),
(131, 1, 10, 'Category Edited', '2015-11-26 12:09:59'),
(132, 1, 10, 'Category Edited', '2015-11-26 12:10:34'),
(133, 1, 10, 'Category Edited', '2015-11-26 12:11:17'),
(134, 1, 12, 'Category Created', '2015-11-26 12:22:49'),
(135, 1, 13, 'Category Created', '2015-11-26 12:23:03'),
(136, 1, 14, 'Category Created', '2015-11-26 12:23:57'),
(137, 1, 15, 'Category Created', '2015-11-26 12:24:18'),
(138, 1, 16, 'Category Created', '2015-11-26 12:24:36'),
(139, 1, 17, 'Category Created', '2015-11-26 12:25:10'),
(140, 1, 18, 'Category Created', '2015-11-26 12:25:37'),
(141, 1, 19, 'Category Created', '2015-11-26 12:25:55'),
(142, 1, 20, 'Category Created', '2015-11-26 12:26:13'),
(143, 1, 21, 'Category Created', '2015-11-26 12:26:27'),
(144, 1, 22, 'Category Created', '2015-11-26 12:26:44'),
(145, 1, 23, 'Category Created', '2015-11-26 12:26:59'),
(146, 1, 24, 'Category Created', '2015-11-26 12:27:38'),
(147, 1, 25, 'Category Created', '2015-11-26 12:28:08'),
(148, 1, 26, 'Category Created', '2015-11-26 12:28:24'),
(149, 1, 27, 'Category Created', '2015-11-26 12:28:40'),
(150, 1, 28, 'Category Created', '2015-11-26 12:29:17'),
(151, 1, 29, 'Category Created', '2015-11-26 12:29:34'),
(152, 1, 30, 'Category Created', '2015-11-26 12:30:03'),
(153, 1, 31, 'Category Created', '2015-11-26 12:30:15'),
(154, 1, 25, 'Category Edited', '2015-11-26 15:47:15'),
(155, 1, 12, 'Category Edited', '2015-11-26 15:48:08'),
(156, 1, 14, 'Category Edited', '2015-12-01 14:12:28'),
(157, 1, 36, 'Category Edited', '2015-12-01 14:13:10'),
(158, 1, 36, 'Category Edited', '2015-12-01 14:15:58'),
(159, 1, 36, 'Category Edited', '2015-12-01 14:16:25'),
(160, 1, 3, 'Category Edited', '2015-12-01 14:17:41'),
(161, 1, 17, 'Category Edited', '2015-12-01 14:17:54'),
(162, 1, 5, 'Category Edited', '2015-12-01 14:18:21'),
(163, 1, 10, 'Category Edited', '2015-12-01 14:18:38'),
(164, 1, 40, 'Category Deleted', '2015-12-04 15:31:30'),
(165, 1, 31, 'Category Edited', '2015-12-07 08:07:59'),
(166, 1, 30, 'Category Edited', '2015-12-07 08:08:21'),
(167, 1, 30, 'Category Edited', '2015-12-07 08:11:20'),
(168, 1, 31, 'Category Edited', '2015-12-07 08:11:21'),
(169, 1, 41, 'Category Deleted', '2015-12-07 11:13:01'),
(170, 1, 3, 'Category Edited', '2015-12-07 11:19:02'),
(171, 1, 36, 'Category Edited', '2015-12-09 06:39:57'),
(172, 1, 36, 'Category Edited', '2015-12-09 06:40:42'),
(173, 1, 37, 'Category Edited', '2015-12-09 06:42:03'),
(174, 1, 6, 'Category Edited', '2015-12-09 06:58:43'),
(175, 1, 5, 'Category Edited', '2015-12-09 07:01:14'),
(176, 1, 5, 'Category Edited', '2015-12-10 10:03:21'),
(177, 1, 10, 'Category Edited', '2015-12-10 10:03:24'),
(178, 1, 10, 'Category Edited', '2015-12-10 10:03:52'),
(179, 1, 5, 'Category Edited', '2015-12-10 10:03:55'),
(180, 1, 12, 'Category Edited', '2015-12-10 10:04:21'),
(181, 1, 37, 'Category Edited', '2015-12-10 10:04:24'),
(182, 1, 8, 'Category Edited', '2015-12-10 10:05:27'),
(183, 1, 7, 'Category Edited', '2015-12-10 10:05:35'),
(184, 1, 39, 'Category Edited', '2015-12-10 10:05:42'),
(185, 1, 4, 'Category Edited', '2015-12-10 10:05:48'),
(186, 1, 6, 'Category Edited', '2015-12-10 10:07:17'),
(187, 1, 24, 'Category Edited', '2015-12-10 10:07:25'),
(188, 1, 25, 'Category Edited', '2015-12-10 10:07:31'),
(189, 1, 30, 'Category Edited', '2015-12-10 10:08:17'),
(190, 1, 11, 'Category Edited', '2015-12-10 10:08:24'),
(191, 1, 38, 'Category Edited', '2015-12-10 10:08:34'),
(192, 1, 31, 'Category Edited', '2015-12-10 10:08:45'),
(193, 1, 9, 'Category Edited', '2015-12-10 10:09:13'),
(194, 1, 28, 'Category Edited', '2015-12-10 10:09:24'),
(195, 1, 29, 'Category Edited', '2015-12-10 10:09:33'),
(196, 1, 28, 'Category Edited', '2015-12-10 10:10:28'),
(197, 1, 28, 'Category Edited', '2015-12-10 10:15:10'),
(198, 1, 3, 'Category Edited', '2015-12-10 10:28:30'),
(199, 1, 5, 'Category Edited', '2015-12-10 10:30:18'),
(200, 1, 10, 'Category Edited', '2015-12-10 11:36:25'),
(201, 1, 10, 'Category Edited', '2015-12-10 11:37:16'),
(202, 1, 10, 'Category Edited', '2015-12-11 09:24:26'),
(203, 1, 5, 'Category Edited', '2015-12-11 09:27:00'),
(204, 1, 5, 'Category Edited', '2015-12-11 09:32:45'),
(205, 1, 3, 'Category Edited', '2015-12-11 09:34:35'),
(206, 1, 3, 'Category Edited', '2015-12-11 09:35:04'),
(207, 1, 36, 'Category Edited', '2015-12-11 09:35:47'),
(208, 1, 42, 'Category Created', '2015-12-11 13:35:47'),
(209, 1, 42, 'Category Deleted', '2015-12-11 13:35:53'),
(210, 1, 36, 'Category Edited', '2015-12-11 14:51:13'),
(211, 1, 36, 'Category Edited', '2015-12-14 13:51:50'),
(212, 1, 36, 'Category Edited', '2015-12-14 13:52:53'),
(213, 1, 14, 'Category Edited', '2015-12-14 14:03:51'),
(214, 1, 36, 'Category Edited', '2015-12-14 14:07:10'),
(215, 1, 36, 'Category Edited', '2015-12-14 14:07:38'),
(216, 1, 36, 'Category Edited', '2015-12-14 14:08:33'),
(217, 1, 36, 'Category Edited', '2015-12-14 14:09:10'),
(218, 1, 44, 'Category Deleted', '2015-12-16 09:25:21');

-- --------------------------------------------------------

--
-- Table structure for table `celebcorner`
--

CREATE TABLE IF NOT EXISTS `celebcorner` (
  `id` int(11) NOT NULL AUTO_INCREMENT,
  `name` varchar(255) NOT NULL,
  `link` varchar(255) NOT NULL,
  `target` varchar(255) NOT NULL,
  `order` int(11) NOT NULL,
  `status` int(11) NOT NULL,
  `image` varchar(255) NOT NULL,
  PRIMARY KEY (`id`)
) ENGINE=InnoDB DEFAULT CHARSET=latin1 AUTO_INCREMENT=1 ;

-- --------------------------------------------------------

--
-- Table structure for table `ci_sessions`
--

CREATE TABLE IF NOT EXISTS `ci_sessions` (
  `session_id` varchar(40) NOT NULL DEFAULT '0',
  `ip_address` varchar(45) NOT NULL DEFAULT '0',
  `user_agent` varchar(120) NOT NULL,
  `last_activity` int(10) unsigned NOT NULL DEFAULT '0',
  `user_data` text NOT NULL,
  PRIMARY KEY (`session_id`),
  KEY `last_activity_idx` (`last_activity`)
) ENGINE=MyISAM DEFAULT CHARSET=latin1;

--
-- Dumping data for table `ci_sessions`
--

INSERT INTO `ci_sessions` (`session_id`, `ip_address`, `user_agent`, `last_activity`, `user_data`) VALUES
('962b796f59c55486e98267f1a18fd33a', '66.249.79.85', 'Mozilla/5.0 (compatible; Googlebot/2.1; +http://www.google.com/bot.html)', 1451884301, ''),
('2ac128d6c3d7b39aab5a6debb24acf91', '66.249.79.85', 'Mozilla/5.0 (compatible; Googlebot/2.1; +http://www.google.com/bot.html)', 1451884302, ''),
('64c88f55ed8783b68bd59d2734d885f4', '45.125.152.231', 'Mozilla/5.0 (Macintosh; Intel Mac OS X 10_10_5) AppleWebKit/537.36 (KHTML, like Gecko) Chrome/47.0.2526.106 Safari/537.3', 1451894142, ''),
('7a03d0b6a9e9cd77d25bc1d36c5b50b6', '45.125.152.231', 'Mozilla/5.0 (Macintosh; Intel Mac OS X 10_10_5) AppleWebKit/537.36 (KHTML, like Gecko) Chrome/47.0.2526.106 Safari/537.3', 1451894142, ''),
('8a7f43e246f6ee0a115c7e763697abc4', '45.125.152.231', 'Mozilla/5.0 (Macintosh; Intel Mac OS X 10_10_5) AppleWebKit/537.36 (KHTML, like Gecko) Chrome/47.0.2526.106 Safari/537.3', 1451894142, ''),
('767fd797d6d69f1b7899ceb0013d60b8', '45.125.152.231', 'Mozilla/5.0 (Macintosh; Intel Mac OS X 10_10_5) AppleWebKit/537.36 (KHTML, like Gecko) Chrome/47.0.2526.106 Safari/537.3', 1451894142, ''),
('459f3b5ff3ca09fd0883aff39ade3ee1', '45.125.152.231', 'Mozilla/5.0 (Macintosh; Intel Mac OS X 10_10_5) AppleWebKit/537.36 (KHTML, like Gecko) Chrome/47.0.2526.106 Safari/537.3', 1451894142, ''),
('71c1979d1e8f731ca610e8db157166e6', '45.125.152.231', 'Mozilla/5.0 (Macintosh; Intel Mac OS X 10_10_5) AppleWebKit/537.36 (KHTML, like Gecko) Chrome/47.0.2526.106 Safari/537.3', 1451894142, ''),
('475066fe950f580c65d42a5722debd4d', '45.125.152.231', 'Mozilla/5.0 (Macintosh; Intel Mac OS X 10_10_5) AppleWebKit/537.36 (KHTML, like Gecko) Chrome/47.0.2526.106 Safari/537.3', 1451894143, ''),
('87138eb0c4d46387afa4c30c987c9c6e', '45.125.152.231', 'Mozilla/5.0 (Macintosh; Intel Mac OS X 10_10_5) AppleWebKit/537.36 (KHTML, like Gecko) Chrome/47.0.2526.106 Safari/537.3', 1451894143, ''),
('533fb056783ad9ceab057fc73d8a71dd', '45.125.152.231', 'Mozilla/5.0 (Macintosh; Intel Mac OS X 10_10_5) AppleWebKit/537.36 (KHTML, like Gecko) Chrome/47.0.2526.106 Safari/537.3', 1451894143, ''),
('b08835750499bfb7bd61fa26cae525a1', '45.125.152.231', 'Mozilla/5.0 (Macintosh; Intel Mac OS X 10_10_5) AppleWebKit/537.36 (KHTML, like Gecko) Chrome/47.0.2526.106 Safari/537.3', 1451894143, ''),
('4375d4b46b296880b8f2c020e987b76d', '66.249.79.89', 'Mozilla/5.0 (compatible; Googlebot/2.1; +http://www.google.com/bot.html)', 1451906118, ''),
('cdbb107ad3d8215d7a37e97058fd5466', '66.249.79.85', 'Mozilla/5.0 (compatible; Googlebot/2.1; +http://www.google.com/bot.html)', 1451906119, ''),
('2a9ea0e4fb334ede2aad3eb1ba147220', '66.249.79.89', 'Mozilla/5.0 (compatible; Googlebot/2.1; +http://www.google.com/bot.html)', 1451932591, ''),
('4ee2f733c703584e984f16f3217285eb', '66.249.79.89', 'Mozilla/5.0 (compatible; Googlebot/2.1; +http://www.google.com/bot.html)', 1451932591, ''),
('5421ea751828586c3feb9bb502787ef3', '66.249.79.85', 'Mozilla/5.0 (compatible; Googlebot/2.1; +http://www.google.com/bot.html)', 1451955021, ''),
('1569b719074402b500a4389052c372ef', '66.249.79.85', 'Mozilla/5.0 (compatible; Googlebot/2.1; +http://www.google.com/bot.html)', 1451955021, ''),
('9296f716aefbf4f45f9edfc1698a9623', '66.102.6.219', 'Mozilla/5.0 (X11; Linux x86_64) AppleWebKit/537.36 (KHTML, like Gecko; Google Web Preview) Chrome/27.0.1453 Safari/537.3', 1451970928, ''),
('b5a422117164e53a4d3877e014f38db2', '66.102.6.215', 'Mozilla/5.0 (X11; Linux x86_64) AppleWebKit/537.36 (KHTML, like Gecko; Google Web Preview) Chrome/27.0.1453 Safari/537.3', 1451970928, ''),
('4cae10dff421f886614340a6a004587d', '66.102.6.223', 'Mozilla/5.0 (X11; Linux x86_64) AppleWebKit/537.36 (KHTML, like Gecko; Google Web Preview) Chrome/27.0.1453 Safari/537.3', 1451970929, ''),
('89bf2fd14c3b21f6e22a2517fa9c0598', '66.102.6.219', 'Mozilla/5.0 (X11; Linux x86_64) AppleWebKit/537.36 (KHTML, like Gecko; Google Web Preview) Chrome/27.0.1453 Safari/537.3', 1451970929, ''),
('01c1d3d3240d3397e10f78d5ec02ed30', '66.102.6.215', 'Mozilla/5.0 (X11; Linux x86_64) AppleWebKit/537.36 (KHTML, like Gecko; Google Web Preview) Chrome/27.0.1453 Safari/537.3', 1451970929, ''),
('d0ad3a71cb6755e5bc83d5b5c50bedcc', '66.102.6.215', 'Mozilla/5.0 (X11; Linux x86_64) AppleWebKit/537.36 (KHTML, like Gecko; Google Web Preview) Chrome/27.0.1453 Safari/537.3', 1451970929, ''),
('347f0d358cf3da4f8bf28b83e3726e78', '66.102.6.215', 'Mozilla/5.0 (X11; Linux x86_64) AppleWebKit/537.36 (KHTML, like Gecko; Google Web Preview) Chrome/27.0.1453 Safari/537.3', 1451970942, ''),
('da30cc8037762264a954d4047e32b569', '66.102.6.215', 'Mozilla/5.0 (X11; Linux x86_64) AppleWebKit/537.36 (KHTML, like Gecko; Google Web Preview) Chrome/27.0.1453 Safari/537.3', 1451970942, ''),
('831ebc9fbab23847f5cf3d8d780ac59a', '66.102.6.223', 'Mozilla/5.0 (X11; Linux x86_64) AppleWebKit/537.36 (KHTML, like Gecko; Google Web Preview) Chrome/27.0.1453 Safari/537.3', 1451970942, ''),
('f885196300af09022a587f2f9284f31f', '66.102.6.215', 'Mozilla/5.0 (X11; Linux x86_64) AppleWebKit/537.36 (KHTML, like Gecko; Google Web Preview) Chrome/27.0.1453 Safari/537.3', 1451970942, ''),
('3b37cffc04c354a191deca0292990d52', '66.102.6.223', 'Mozilla/5.0 (X11; Linux x86_64) AppleWebKit/537.36 (KHTML, like Gecko; Google Web Preview) Chrome/27.0.1453 Safari/537.3', 1451970942, ''),
('c9aa329285691c697a64063beaa511e5', '66.102.6.215', 'Mozilla/5.0 (X11; Linux x86_64) AppleWebKit/537.36 (KHTML, like Gecko; Google Web Preview) Chrome/27.0.1453 Safari/537.3', 1451970942, ''),
('5ae581987a74799258189e4d2c23371e', '45.125.152.231', 'Mozilla/5.0 (Windows NT 10.0; WOW64) AppleWebKit/537.36 (KHTML, like Gecko) Chrome/47.0.2526.106 Safari/537.36', 1451973034, 'a:8:{s:9:"user_data";s:0:"";s:2:"id";s:1:"1";s:5:"email";s:17:"wohlig@wohlig.com";s:4:"name";s:5:"Aditi";s:9:"firstname";s:5:"Aditi";s:8:"lastname";s:5:"Patil";s:11:"accesslevel";s:1:"1";s:9:"logged_in";s:4:"true";}');

-- --------------------------------------------------------

--
-- Table structure for table `contact`
--

CREATE TABLE IF NOT EXISTS `contact` (
  `id` int(11) NOT NULL AUTO_INCREMENT,
  `name` varchar(255) NOT NULL,
  `email` varchar(255) NOT NULL,
  `telephone` varchar(255) NOT NULL,
  `comment` text NOT NULL,
  `timestamp` timestamp NOT NULL DEFAULT CURRENT_TIMESTAMP,
  PRIMARY KEY (`id`)
) ENGINE=MyISAM  DEFAULT CHARSET=latin1 AUTO_INCREMENT=58 ;

--
-- Dumping data for table `contact`
--

INSERT INTO `contact` (`id`, `name`, `email`, `telephone`, `comment`, `timestamp`) VALUES
(55, 'edrtfgyhuj', 'jfhkj@jbdcxh.dgvs', '8545478', 'dghj', '2015-09-09 10:33:21'),
(56, 'cvghbjn', 'gvb@dg.hgh', '365699', 'sredrtg', '2015-09-10 04:54:17'),
(54, 'kuah', 'hsk@krss.lkw', '915151515', 'd,mdnb m', '2015-09-09 10:32:07'),
(53, 'ghj', 'jehf@dbj.ddh', '8558', 'vbnm', '2015-09-09 10:27:52'),
(57, 'fghj', 'jwhekwj@ejjh.fdf', '67898', 'gerkgwyea', '2015-11-17 12:07:04');

-- --------------------------------------------------------

--
-- Table structure for table `country`
--

CREATE TABLE IF NOT EXISTS `country` (
  `id` int(11) NOT NULL AUTO_INCREMENT,
  `iso` char(2) NOT NULL,
  `name` varchar(80) NOT NULL,
  `nicename` varchar(80) NOT NULL,
  `iso3` char(3) DEFAULT NULL,
  `numcode` smallint(6) DEFAULT NULL,
  `phonecode` int(5) NOT NULL,
  PRIMARY KEY (`id`)
) ENGINE=MyISAM  DEFAULT CHARSET=latin1 AUTO_INCREMENT=240 ;

--
-- Dumping data for table `country`
--

INSERT INTO `country` (`id`, `iso`, `name`, `nicename`, `iso3`, `numcode`, `phonecode`) VALUES
(1, 'AF', 'AFGHANISTAN', 'Afghanistan', 'AFG', 4, 93),
(2, 'AL', 'ALBANIA', 'Albania', 'ALB', 8, 355),
(3, 'DZ', 'ALGERIA', 'Algeria', 'DZA', 12, 213),
(4, 'AS', 'AMERICAN SAMOA', 'American Samoa', 'ASM', 16, 1684),
(5, 'AD', 'ANDORRA', 'Andorra', 'AND', 20, 376),
(6, 'AO', 'ANGOLA', 'Angola', 'AGO', 24, 244),
(7, 'AI', 'ANGUILLA', 'Anguilla', 'AIA', 660, 1264),
(8, 'AQ', 'ANTARCTICA', 'Antarctica', NULL, NULL, 0),
(9, 'AG', 'ANTIGUA AND BARBUDA', 'Antigua and Barbuda', 'ATG', 28, 1268),
(10, 'AR', 'ARGENTINA', 'Argentina', 'ARG', 32, 54),
(11, 'AM', 'ARMENIA', 'Armenia', 'ARM', 51, 374),
(12, 'AW', 'ARUBA', 'Aruba', 'ABW', 533, 297),
(13, 'AU', 'AUSTRALIA', 'Australia', 'AUS', 36, 61),
(14, 'AT', 'AUSTRIA', 'Austria', 'AUT', 40, 43),
(15, 'AZ', 'AZERBAIJAN', 'Azerbaijan', 'AZE', 31, 994),
(16, 'BS', 'BAHAMAS', 'Bahamas', 'BHS', 44, 1242),
(17, 'BH', 'BAHRAIN', 'Bahrain', 'BHR', 48, 973),
(18, 'BD', 'BANGLADESH', 'Bangladesh', 'BGD', 50, 880),
(19, 'BB', 'BARBADOS', 'Barbados', 'BRB', 52, 1246),
(20, 'BY', 'BELARUS', 'Belarus', 'BLR', 112, 375),
(21, 'BE', 'BELGIUM', 'Belgium', 'BEL', 56, 32),
(22, 'BZ', 'BELIZE', 'Belize', 'BLZ', 84, 501),
(23, 'BJ', 'BENIN', 'Benin', 'BEN', 204, 229),
(24, 'BM', 'BERMUDA', 'Bermuda', 'BMU', 60, 1441),
(25, 'BT', 'BHUTAN', 'Bhutan', 'BTN', 64, 975),
(26, 'BO', 'BOLIVIA', 'Bolivia', 'BOL', 68, 591),
(27, 'BA', 'BOSNIA AND HERZEGOVINA', 'Bosnia and Herzegovina', 'BIH', 70, 387),
(28, 'BW', 'BOTSWANA', 'Botswana', 'BWA', 72, 267),
(29, 'BV', 'BOUVET ISLAND', 'Bouvet Island', NULL, NULL, 0),
(30, 'BR', 'BRAZIL', 'Brazil', 'BRA', 76, 55),
(31, 'IO', 'BRITISH INDIAN OCEAN TERRITORY', 'British Indian Ocean Territory', NULL, NULL, 246),
(32, 'BN', 'BRUNEI DARUSSALAM', 'Brunei Darussalam', 'BRN', 96, 673),
(33, 'BG', 'BULGARIA', 'Bulgaria', 'BGR', 100, 359),
(34, 'BF', 'BURKINA FASO', 'Burkina Faso', 'BFA', 854, 226),
(35, 'BI', 'BURUNDI', 'Burundi', 'BDI', 108, 257),
(36, 'KH', 'CAMBODIA', 'Cambodia', 'KHM', 116, 855),
(37, 'CM', 'CAMEROON', 'Cameroon', 'CMR', 120, 237),
(38, 'CA', 'CANADA', 'Canada', 'CAN', 124, 1),
(39, 'CV', 'CAPE VERDE', 'Cape Verde', 'CPV', 132, 238),
(40, 'KY', 'CAYMAN ISLANDS', 'Cayman Islands', 'CYM', 136, 1345),
(41, 'CF', 'CENTRAL AFRICAN REPUBLIC', 'Central African Republic', 'CAF', 140, 236),
(42, 'TD', 'CHAD', 'Chad', 'TCD', 148, 235),
(43, 'CL', 'CHILE', 'Chile', 'CHL', 152, 56),
(44, 'CN', 'CHINA', 'China', 'CHN', 156, 86),
(45, 'CX', 'CHRISTMAS ISLAND', 'Christmas Island', NULL, NULL, 61),
(46, 'CC', 'COCOS (KEELING) ISLANDS', 'Cocos (Keeling) Islands', NULL, NULL, 672),
(47, 'CO', 'COLOMBIA', 'Colombia', 'COL', 170, 57),
(48, 'KM', 'COMOROS', 'Comoros', 'COM', 174, 269),
(49, 'CG', 'CONGO', 'Congo', 'COG', 178, 242),
(50, 'CD', 'CONGO, THE DEMOCRATIC REPUBLIC OF THE', 'Congo, the Democratic Republic of the', 'COD', 180, 242),
(51, 'CK', 'COOK ISLANDS', 'Cook Islands', 'COK', 184, 682),
(52, 'CR', 'COSTA RICA', 'Costa Rica', 'CRI', 188, 506),
(53, 'CI', 'COTE D''IVOIRE', 'Cote D''Ivoire', 'CIV', 384, 225),
(54, 'HR', 'CROATIA', 'Croatia', 'HRV', 191, 385),
(55, 'CU', 'CUBA', 'Cuba', 'CUB', 192, 53),
(56, 'CY', 'CYPRUS', 'Cyprus', 'CYP', 196, 357),
(57, 'CZ', 'CZECH REPUBLIC', 'Czech Republic', 'CZE', 203, 420),
(58, 'DK', 'DENMARK', 'Denmark', 'DNK', 208, 45),
(59, 'DJ', 'DJIBOUTI', 'Djibouti', 'DJI', 262, 253),
(60, 'DM', 'DOMINICA', 'Dominica', 'DMA', 212, 1767),
(61, 'DO', 'DOMINICAN REPUBLIC', 'Dominican Republic', 'DOM', 214, 1809),
(62, 'EC', 'ECUADOR', 'Ecuador', 'ECU', 218, 593),
(63, 'EG', 'EGYPT', 'Egypt', 'EGY', 818, 20),
(64, 'SV', 'EL SALVADOR', 'El Salvador', 'SLV', 222, 503),
(65, 'GQ', 'EQUATORIAL GUINEA', 'Equatorial Guinea', 'GNQ', 226, 240),
(66, 'ER', 'ERITREA', 'Eritrea', 'ERI', 232, 291),
(67, 'EE', 'ESTONIA', 'Estonia', 'EST', 233, 372),
(68, 'ET', 'ETHIOPIA', 'Ethiopia', 'ETH', 231, 251),
(69, 'FK', 'FALKLAND ISLANDS (MALVINAS)', 'Falkland Islands (Malvinas)', 'FLK', 238, 500),
(70, 'FO', 'FAROE ISLANDS', 'Faroe Islands', 'FRO', 234, 298),
(71, 'FJ', 'FIJI', 'Fiji', 'FJI', 242, 679),
(72, 'FI', 'FINLAND', 'Finland', 'FIN', 246, 358),
(73, 'FR', 'FRANCE', 'France', 'FRA', 250, 33),
(74, 'GF', 'FRENCH GUIANA', 'French Guiana', 'GUF', 254, 594),
(75, 'PF', 'FRENCH POLYNESIA', 'French Polynesia', 'PYF', 258, 689),
(76, 'TF', 'FRENCH SOUTHERN TERRITORIES', 'French Southern Territories', NULL, NULL, 0),
(77, 'GA', 'GABON', 'Gabon', 'GAB', 266, 241),
(78, 'GM', 'GAMBIA', 'Gambia', 'GMB', 270, 220),
(79, 'GE', 'GEORGIA', 'Georgia', 'GEO', 268, 995),
(80, 'DE', 'GERMANY', 'Germany', 'DEU', 276, 49),
(81, 'GH', 'GHANA', 'Ghana', 'GHA', 288, 233),
(82, 'GI', 'GIBRALTAR', 'Gibraltar', 'GIB', 292, 350),
(83, 'GR', 'GREECE', 'Greece', 'GRC', 300, 30),
(84, 'GL', 'GREENLAND', 'Greenland', 'GRL', 304, 299),
(85, 'GD', 'GRENADA', 'Grenada', 'GRD', 308, 1473),
(86, 'GP', 'GUADELOUPE', 'Guadeloupe', 'GLP', 312, 590),
(87, 'GU', 'GUAM', 'Guam', 'GUM', 316, 1671),
(88, 'GT', 'GUATEMALA', 'Guatemala', 'GTM', 320, 502),
(89, 'GN', 'GUINEA', 'Guinea', 'GIN', 324, 224),
(90, 'GW', 'GUINEA-BISSAU', 'Guinea-Bissau', 'GNB', 624, 245),
(91, 'GY', 'GUYANA', 'Guyana', 'GUY', 328, 592),
(92, 'HT', 'HAITI', 'Haiti', 'HTI', 332, 509),
(93, 'HM', 'HEARD ISLAND AND MCDONALD ISLANDS', 'Heard Island and Mcdonald Islands', NULL, NULL, 0),
(94, 'VA', 'HOLY SEE (VATICAN CITY STATE)', 'Holy See (Vatican City State)', 'VAT', 336, 39),
(95, 'HN', 'HONDURAS', 'Honduras', 'HND', 340, 504),
(96, 'HK', 'HONG KONG', 'Hong Kong', 'HKG', 344, 852),
(97, 'HU', 'HUNGARY', 'Hungary', 'HUN', 348, 36),
(98, 'IS', 'ICELAND', 'Iceland', 'ISL', 352, 354),
(99, 'IN', 'INDIA', 'India', 'IND', 356, 91),
(100, 'ID', 'INDONESIA', 'Indonesia', 'IDN', 360, 62),
(101, 'IR', 'IRAN, ISLAMIC REPUBLIC OF', 'Iran, Islamic Republic of', 'IRN', 364, 98),
(102, 'IQ', 'IRAQ', 'Iraq', 'IRQ', 368, 964),
(103, 'IE', 'IRELAND', 'Ireland', 'IRL', 372, 353),
(104, 'IL', 'ISRAEL', 'Israel', 'ISR', 376, 972),
(105, 'IT', 'ITALY', 'Italy', 'ITA', 380, 39),
(106, 'JM', 'JAMAICA', 'Jamaica', 'JAM', 388, 1876),
(107, 'JP', 'JAPAN', 'Japan', 'JPN', 392, 81),
(108, 'JO', 'JORDAN', 'Jordan', 'JOR', 400, 962),
(109, 'KZ', 'KAZAKHSTAN', 'Kazakhstan', 'KAZ', 398, 7),
(110, 'KE', 'KENYA', 'Kenya', 'KEN', 404, 254),
(111, 'KI', 'KIRIBATI', 'Kiribati', 'KIR', 296, 686),
(112, 'KP', 'KOREA, DEMOCRATIC PEOPLE''S REPUBLIC OF', 'Korea, Democratic People''s Republic of', 'PRK', 408, 850),
(113, 'KR', 'KOREA, REPUBLIC OF', 'Korea, Republic of', 'KOR', 410, 82),
(114, 'KW', 'KUWAIT', 'Kuwait', 'KWT', 414, 965),
(115, 'KG', 'KYRGYZSTAN', 'Kyrgyzstan', 'KGZ', 417, 996),
(116, 'LA', 'LAO PEOPLE''S DEMOCRATIC REPUBLIC', 'Lao People''s Democratic Republic', 'LAO', 418, 856),
(117, 'LV', 'LATVIA', 'Latvia', 'LVA', 428, 371),
(118, 'LB', 'LEBANON', 'Lebanon', 'LBN', 422, 961),
(119, 'LS', 'LESOTHO', 'Lesotho', 'LSO', 426, 266),
(120, 'LR', 'LIBERIA', 'Liberia', 'LBR', 430, 231),
(121, 'LY', 'LIBYAN ARAB JAMAHIRIYA', 'Libyan Arab Jamahiriya', 'LBY', 434, 218),
(122, 'LI', 'LIECHTENSTEIN', 'Liechtenstein', 'LIE', 438, 423),
(123, 'LT', 'LITHUANIA', 'Lithuania', 'LTU', 440, 370),
(124, 'LU', 'LUXEMBOURG', 'Luxembourg', 'LUX', 442, 352),
(125, 'MO', 'MACAO', 'Macao', 'MAC', 446, 853),
(126, 'MK', 'MACEDONIA, THE FORMER YUGOSLAV REPUBLIC OF', 'Macedonia, the Former Yugoslav Republic of', 'MKD', 807, 389),
(127, 'MG', 'MADAGASCAR', 'Madagascar', 'MDG', 450, 261),
(128, 'MW', 'MALAWI', 'Malawi', 'MWI', 454, 265),
(129, 'MY', 'MALAYSIA', 'Malaysia', 'MYS', 458, 60),
(130, 'MV', 'MALDIVES', 'Maldives', 'MDV', 462, 960),
(131, 'ML', 'MALI', 'Mali', 'MLI', 466, 223),
(132, 'MT', 'MALTA', 'Malta', 'MLT', 470, 356),
(133, 'MH', 'MARSHALL ISLANDS', 'Marshall Islands', 'MHL', 584, 692),
(134, 'MQ', 'MARTINIQUE', 'Martinique', 'MTQ', 474, 596),
(135, 'MR', 'MAURITANIA', 'Mauritania', 'MRT', 478, 222),
(136, 'MU', 'MAURITIUS', 'Mauritius', 'MUS', 480, 230),
(137, 'YT', 'MAYOTTE', 'Mayotte', NULL, NULL, 269),
(138, 'MX', 'MEXICO', 'Mexico', 'MEX', 484, 52),
(139, 'FM', 'MICRONESIA, FEDERATED STATES OF', 'Micronesia, Federated States of', 'FSM', 583, 691),
(140, 'MD', 'MOLDOVA, REPUBLIC OF', 'Moldova, Republic of', 'MDA', 498, 373),
(141, 'MC', 'MONACO', 'Monaco', 'MCO', 492, 377),
(142, 'MN', 'MONGOLIA', 'Mongolia', 'MNG', 496, 976),
(143, 'MS', 'MONTSERRAT', 'Montserrat', 'MSR', 500, 1664),
(144, 'MA', 'MOROCCO', 'Morocco', 'MAR', 504, 212),
(145, 'MZ', 'MOZAMBIQUE', 'Mozambique', 'MOZ', 508, 258),
(146, 'MM', 'MYANMAR', 'Myanmar', 'MMR', 104, 95),
(147, 'NA', 'NAMIBIA', 'Namibia', 'NAM', 516, 264),
(148, 'NR', 'NAURU', 'Nauru', 'NRU', 520, 674),
(149, 'NP', 'NEPAL', 'Nepal', 'NPL', 524, 977),
(150, 'NL', 'NETHERLANDS', 'Netherlands', 'NLD', 528, 31),
(151, 'AN', 'NETHERLANDS ANTILLES', 'Netherlands Antilles', 'ANT', 530, 599),
(152, 'NC', 'NEW CALEDONIA', 'New Caledonia', 'NCL', 540, 687),
(153, 'NZ', 'NEW ZEALAND', 'New Zealand', 'NZL', 554, 64),
(154, 'NI', 'NICARAGUA', 'Nicaragua', 'NIC', 558, 505),
(155, 'NE', 'NIGER', 'Niger', 'NER', 562, 227),
(156, 'NG', 'NIGERIA', 'Nigeria', 'NGA', 566, 234),
(157, 'NU', 'NIUE', 'Niue', 'NIU', 570, 683),
(158, 'NF', 'NORFOLK ISLAND', 'Norfolk Island', 'NFK', 574, 672),
(159, 'MP', 'NORTHERN MARIANA ISLANDS', 'Northern Mariana Islands', 'MNP', 580, 1670),
(160, 'NO', 'NORWAY', 'Norway', 'NOR', 578, 47),
(161, 'OM', 'OMAN', 'Oman', 'OMN', 512, 968),
(162, 'PK', 'PAKISTAN', 'Pakistan', 'PAK', 586, 92),
(163, 'PW', 'PALAU', 'Palau', 'PLW', 585, 680),
(164, 'PS', 'PALESTINIAN TERRITORY, OCCUPIED', 'Palestinian Territory, Occupied', NULL, NULL, 970),
(165, 'PA', 'PANAMA', 'Panama', 'PAN', 591, 507),
(166, 'PG', 'PAPUA NEW GUINEA', 'Papua New Guinea', 'PNG', 598, 675),
(167, 'PY', 'PARAGUAY', 'Paraguay', 'PRY', 600, 595),
(168, 'PE', 'PERU', 'Peru', 'PER', 604, 51),
(169, 'PH', 'PHILIPPINES', 'Philippines', 'PHL', 608, 63),
(170, 'PN', 'PITCAIRN', 'Pitcairn', 'PCN', 612, 0),
(171, 'PL', 'POLAND', 'Poland', 'POL', 616, 48),
(172, 'PT', 'PORTUGAL', 'Portugal', 'PRT', 620, 351),
(173, 'PR', 'PUERTO RICO', 'Puerto Rico', 'PRI', 630, 1787),
(174, 'QA', 'QATAR', 'Qatar', 'QAT', 634, 974),
(175, 'RE', 'REUNION', 'Reunion', 'REU', 638, 262),
(176, 'RO', 'ROMANIA', 'Romania', 'ROM', 642, 40),
(177, 'RU', 'RUSSIAN FEDERATION', 'Russian Federation', 'RUS', 643, 70),
(178, 'RW', 'RWANDA', 'Rwanda', 'RWA', 646, 250),
(179, 'SH', 'SAINT HELENA', 'Saint Helena', 'SHN', 654, 290),
(180, 'KN', 'SAINT KITTS AND NEVIS', 'Saint Kitts and Nevis', 'KNA', 659, 1869),
(181, 'LC', 'SAINT LUCIA', 'Saint Lucia', 'LCA', 662, 1758),
(182, 'PM', 'SAINT PIERRE AND MIQUELON', 'Saint Pierre and Miquelon', 'SPM', 666, 508),
(183, 'VC', 'SAINT VINCENT AND THE GRENADINES', 'Saint Vincent and the Grenadines', 'VCT', 670, 1784),
(184, 'WS', 'SAMOA', 'Samoa', 'WSM', 882, 684),
(185, 'SM', 'SAN MARINO', 'San Marino', 'SMR', 674, 378),
(186, 'ST', 'SAO TOME AND PRINCIPE', 'Sao Tome and Principe', 'STP', 678, 239),
(187, 'SA', 'SAUDI ARABIA', 'Saudi Arabia', 'SAU', 682, 966),
(188, 'SN', 'SENEGAL', 'Senegal', 'SEN', 686, 221),
(189, 'CS', 'SERBIA AND MONTENEGRO', 'Serbia and Montenegro', NULL, NULL, 381),
(190, 'SC', 'SEYCHELLES', 'Seychelles', 'SYC', 690, 248),
(191, 'SL', 'SIERRA LEONE', 'Sierra Leone', 'SLE', 694, 232),
(192, 'SG', 'SINGAPORE', 'Singapore', 'SGP', 702, 65),
(193, 'SK', 'SLOVAKIA', 'Slovakia', 'SVK', 703, 421),
(194, 'SI', 'SLOVENIA', 'Slovenia', 'SVN', 705, 386),
(195, 'SB', 'SOLOMON ISLANDS', 'Solomon Islands', 'SLB', 90, 677),
(196, 'SO', 'SOMALIA', 'Somalia', 'SOM', 706, 252),
(197, 'ZA', 'SOUTH AFRICA', 'South Africa', 'ZAF', 710, 27),
(198, 'GS', 'SOUTH GEORGIA AND THE SOUTH SANDWICH ISLANDS', 'South Georgia and the South Sandwich Islands', NULL, NULL, 0),
(199, 'ES', 'SPAIN', 'Spain', 'ESP', 724, 34),
(200, 'LK', 'SRI LANKA', 'Sri Lanka', 'LKA', 144, 94),
(201, 'SD', 'SUDAN', 'Sudan', 'SDN', 736, 249),
(202, 'SR', 'SURINAME', 'Suriname', 'SUR', 740, 597),
(203, 'SJ', 'SVALBARD AND JAN MAYEN', 'Svalbard and Jan Mayen', 'SJM', 744, 47),
(204, 'SZ', 'SWAZILAND', 'Swaziland', 'SWZ', 748, 268),
(205, 'SE', 'SWEDEN', 'Sweden', 'SWE', 752, 46),
(206, 'CH', 'SWITZERLAND', 'Switzerland', 'CHE', 756, 41),
(207, 'SY', 'SYRIAN ARAB REPUBLIC', 'Syrian Arab Republic', 'SYR', 760, 963),
(208, 'TW', 'TAIWAN, PROVINCE OF CHINA', 'Taiwan, Province of China', 'TWN', 158, 886),
(209, 'TJ', 'TAJIKISTAN', 'Tajikistan', 'TJK', 762, 992),
(210, 'TZ', 'TANZANIA, UNITED REPUBLIC OF', 'Tanzania, United Republic of', 'TZA', 834, 255),
(211, 'TH', 'THAILAND', 'Thailand', 'THA', 764, 66),
(212, 'TL', 'TIMOR-LESTE', 'Timor-Leste', NULL, NULL, 670),
(213, 'TG', 'TOGO', 'Togo', 'TGO', 768, 228),
(214, 'TK', 'TOKELAU', 'Tokelau', 'TKL', 772, 690),
(215, 'TO', 'TONGA', 'Tonga', 'TON', 776, 676),
(216, 'TT', 'TRINIDAD AND TOBAGO', 'Trinidad and Tobago', 'TTO', 780, 1868),
(217, 'TN', 'TUNISIA', 'Tunisia', 'TUN', 788, 216),
(218, 'TR', 'TURKEY', 'Turkey', 'TUR', 792, 90),
(219, 'TM', 'TURKMENISTAN', 'Turkmenistan', 'TKM', 795, 7370),
(220, 'TC', 'TURKS AND CAICOS ISLANDS', 'Turks and Caicos Islands', 'TCA', 796, 1649),
(221, 'TV', 'TUVALU', 'Tuvalu', 'TUV', 798, 688),
(222, 'UG', 'UGANDA', 'Uganda', 'UGA', 800, 256),
(223, 'UA', 'UKRAINE', 'Ukraine', 'UKR', 804, 380),
(224, 'AE', 'UNITED ARAB EMIRATES', 'United Arab Emirates', 'ARE', 784, 971),
(225, 'GB', 'UNITED KINGDOM', 'United Kingdom', 'GBR', 826, 44),
(226, 'US', 'UNITED STATES', 'United States', 'USA', 840, 1),
(227, 'UM', 'UNITED STATES MINOR OUTLYING ISLANDS', 'United States Minor Outlying Islands', NULL, NULL, 1),
(228, 'UY', 'URUGUAY', 'Uruguay', 'URY', 858, 598),
(229, 'UZ', 'UZBEKISTAN', 'Uzbekistan', 'UZB', 860, 998),
(230, 'VU', 'VANUATU', 'Vanuatu', 'VUT', 548, 678),
(231, 'VE', 'VENEZUELA', 'Venezuela', 'VEN', 862, 58),
(232, 'VN', 'VIET NAM', 'Viet Nam', 'VNM', 704, 84),
(233, 'VG', 'VIRGIN ISLANDS, BRITISH', 'Virgin Islands, British', 'VGB', 92, 1284),
(234, 'VI', 'VIRGIN ISLANDS, U.S.', 'Virgin Islands, U.s.', 'VIR', 850, 1340),
(235, 'WF', 'WALLIS AND FUTUNA', 'Wallis and Futuna', 'WLF', 876, 681),
(236, 'EH', 'WESTERN SAHARA', 'Western Sahara', 'ESH', 732, 212),
(237, 'YE', 'YEMEN', 'Yemen', 'YEM', 887, 967),
(238, 'ZM', 'ZAMBIA', 'Zambia', 'ZMB', 894, 260),
(239, 'ZW', 'ZIMBABWE', 'Zimbabwe', 'ZWE', 716, 263);

-- --------------------------------------------------------

--
-- Table structure for table `coupontype`
--

CREATE TABLE IF NOT EXISTS `coupontype` (
  `id` int(11) NOT NULL AUTO_INCREMENT,
  `name` varchar(255) NOT NULL,
  PRIMARY KEY (`id`)
) ENGINE=InnoDB  DEFAULT CHARSET=latin1 AUTO_INCREMENT=5 ;

--
-- Dumping data for table `coupontype`
--

INSERT INTO `coupontype` (`id`, `name`) VALUES
(1, 'Discount on cart'),
(2, 'Y products free on x products'),
(3, 'Discount on particular products'),
(4, 'Free Delivery');

-- --------------------------------------------------------

--
-- Table structure for table `currency`
--

CREATE TABLE IF NOT EXISTS `currency` (
  `id` int(11) NOT NULL AUTO_INCREMENT,
  `name` varchar(255) NOT NULL,
  `isdefault` int(11) NOT NULL,
  `conversionrate` double NOT NULL,
  PRIMARY KEY (`id`)
) ENGINE=InnoDB  DEFAULT CHARSET=latin1 AUTO_INCREMENT=4 ;

--
-- Dumping data for table `currency`
--

INSERT INTO `currency` (`id`, `name`, `isdefault`, `conversionrate`) VALUES
(1, 'INR', 1, 1),
(3, 'USD', 0, 0.025);

-- --------------------------------------------------------

--
-- Table structure for table `currency_country`
--

CREATE TABLE IF NOT EXISTS `currency_country` (
  `currency` int(11) NOT NULL,
  `country` int(11) NOT NULL
) ENGINE=InnoDB DEFAULT CHARSET=latin1;

-- --------------------------------------------------------

--
-- Table structure for table `discountcoupon`
--

CREATE TABLE IF NOT EXISTS `discountcoupon` (
  `id` int(11) NOT NULL AUTO_INCREMENT,
  `coupontype` int(11) NOT NULL,
  `discountpercent` double NOT NULL,
  `discountamount` double NOT NULL,
  `couponcode` varchar(255) NOT NULL,
  `minamount` double NOT NULL,
  `xproducts` int(11) NOT NULL,
  `yproducts` int(11) NOT NULL,
  PRIMARY KEY (`id`)
) ENGINE=InnoDB  DEFAULT CHARSET=latin1 AUTO_INCREMENT=2 ;

--
-- Dumping data for table `discountcoupon`
--

INSERT INTO `discountcoupon` (`id`, `coupontype`, `discountpercent`, `discountamount`, `couponcode`, `minamount`, `xproducts`, `yproducts`) VALUES
(1, 3, 10, 5000, 'MM123', 10000, 0, 0);

-- --------------------------------------------------------

--
-- Table structure for table `discountproducts`
--

CREATE TABLE IF NOT EXISTS `discountproducts` (
  `discountcoupon` int(11) NOT NULL,
  `product` int(11) NOT NULL
) ENGINE=InnoDB DEFAULT CHARSET=latin1;

-- --------------------------------------------------------

--
-- Table structure for table `homeslider`
--

CREATE TABLE IF NOT EXISTS `homeslider` (
  `id` int(11) NOT NULL AUTO_INCREMENT,
  `order` int(11) NOT NULL,
  `image` varchar(255) CHARACTER SET utf8 NOT NULL,
  `product` int(11) NOT NULL,
  PRIMARY KEY (`id`)
) ENGINE=InnoDB  DEFAULT CHARSET=utf8 COLLATE=utf8_unicode_ci AUTO_INCREMENT=8 ;

--
-- Dumping data for table `homeslider`
--

INSERT INTO `homeslider` (`id`, `order`, `image`, `product`) VALUES
(3, 5, 'Nude-banners2.jpg', 36),
(4, 1, 'Marshall_Kilburn_Wireless_Portable_Speaker_Black_31.jpeg', 353),
(5, 3, 'PLAY_1920x8401.jpg', 31),
(6, 2, 'banner_1.jpg', 175),
(7, 4, 'product_rectangle_(top_left).jpg', 239);

-- --------------------------------------------------------

--
-- Table structure for table `limitedstock`
--

CREATE TABLE IF NOT EXISTS `limitedstock` (
  `id` int(11) NOT NULL AUTO_INCREMENT,
  `name` varchar(255) NOT NULL,
  `email` varchar(255) NOT NULL,
  `address` varchar(255) NOT NULL,
  `timestamp` timestamp NOT NULL DEFAULT CURRENT_TIMESTAMP ON UPDATE CURRENT_TIMESTAMP,
  PRIMARY KEY (`id`)
) ENGINE=InnoDB DEFAULT CHARSET=latin1 AUTO_INCREMENT=1 ;

-- --------------------------------------------------------

--
-- Table structure for table `menu`
--

CREATE TABLE IF NOT EXISTS `menu` (
  `id` int(11) NOT NULL,
  `name` varchar(255) NOT NULL,
  `description` varchar(255) NOT NULL,
  `keyword` varchar(255) NOT NULL,
  `url` text NOT NULL,
  `linktype` int(11) NOT NULL,
  `parent` int(11) NOT NULL,
  `isactive` int(11) NOT NULL,
  `order` int(11) NOT NULL,
  `icon` varchar(255) NOT NULL,
  PRIMARY KEY (`id`)
) ENGINE=InnoDB DEFAULT CHARSET=latin1;

--
-- Dumping data for table `menu`
--

INSERT INTO `menu` (`id`, `name`, `description`, `keyword`, `url`, `linktype`, `parent`, `isactive`, `order`, `icon`) VALUES
(1, 'Users', '', '', 'site/viewusers', 1, 0, 1, 1, 'icon-user'),
(2, 'Subscribe', '', '', 'site/viewsubscribe', 1, 0, 1, 8, 'icon-user'),
(3, 'Payment Gateway', '', '', 'site/viewpaymentgateway', 1, 0, 1, 9, 'icon-user'),
(4, 'Dashboard', '', '', 'site/index', 1, 0, 1, 0, 'icon-dashboard'),
(5, 'Orders', '', '', 'site/vieworder', 1, 0, 1, 10, 'icon-user'),
(6, 'Products', '', '', 'site/viewproduct', 1, 0, 1, 2, 'icon-user'),
(7, 'Brand', '', '', 'site/viewbrand', 1, 0, 1, 3, 'icon-user'),
(8, 'Category', '', '', 'site/viewcategory', 1, 0, 1, 4, 'icon-user'),
(9, 'Offer', '', '', 'site/viewoffer', 1, 0, 1, 5, 'icon-user'),
(10, 'Promotions', '', '', 'site/viewdiscountcoupon', 1, 0, 1, 6, 'icon-user'),
(11, 'Home Slider', '', '', 'site/viewhomeslider', 1, 0, 1, 10, 'icon-user'),
(12, 'Home Products', '', '', 'site/viewproductwaiting', 1, 0, 1, 11, 'icon-user'),
(13, 'Contact Us', '', '', 'site/viewcontact', 1, 0, 1, 13, 'icon-user'),
(14, 'Types', '', '', 'site/viewtype', 1, 0, 1, 3, 'icon-user'),
(15, 'New Arrivals', '', '', 'site/viewnewarrivals', 1, 0, 1, 3, 'icon-user'),
(17, 'About us', '', '', 'site/viewaboutus', 1, 0, 1, 3, 'icon-user');

-- --------------------------------------------------------

--
-- Table structure for table `menuaccess`
--

CREATE TABLE IF NOT EXISTS `menuaccess` (
  `menu` int(11) NOT NULL,
  `access` int(11) NOT NULL,
  UNIQUE KEY `menu` (`menu`,`access`)
) ENGINE=InnoDB DEFAULT CHARSET=latin1;

--
-- Dumping data for table `menuaccess`
--

INSERT INTO `menuaccess` (`menu`, `access`) VALUES
(1, 1),
(2, 1),
(3, 1),
(4, 1),
(5, 1),
(6, 1),
(7, 1),
(7, 3),
(8, 1),
(9, 1),
(10, 1),
(11, 1),
(12, 1),
(13, 1),
(14, 1),
(15, 1),
(16, 1),
(17, 1),
(18, 1),
(19, 1),
(20, 1),
(21, 1),
(22, 1),
(23, 1),
(24, 1),
(25, 1),
(26, 1),
(27, 1),
(28, 1),
(29, 1);

-- --------------------------------------------------------

--
-- Table structure for table `navigation`
--

CREATE TABLE IF NOT EXISTS `navigation` (
  `id` int(11) NOT NULL,
  `name` varchar(255) NOT NULL,
  `parent` int(11) NOT NULL,
  `link` varchar(255) NOT NULL,
  `target` varchar(255) NOT NULL,
  `order` int(11) NOT NULL,
  `status` int(11) NOT NULL,
  `icon` varchar(255) NOT NULL,
  PRIMARY KEY (`id`)
) ENGINE=InnoDB DEFAULT CHARSET=latin1;

-- --------------------------------------------------------

--
-- Table structure for table `newarrival`
--

CREATE TABLE IF NOT EXISTS `newarrival` (
  `id` int(11) NOT NULL AUTO_INCREMENT,
  `product` int(11) NOT NULL,
  `order` varchar(20) NOT NULL,
  PRIMARY KEY (`id`)
) ENGINE=InnoDB  DEFAULT CHARSET=latin1 AUTO_INCREMENT=28 ;

--
-- Dumping data for table `newarrival`
--

INSERT INTO `newarrival` (`id`, `product`, `order`) VALUES
(9, 164, '2'),
(10, 174, '3'),
(11, 176, '4'),
(12, 300, '5'),
(13, 317, '6'),
(14, 345, '7'),
(16, 158, ''),
(17, 168, ''),
(18, 179, ''),
(19, 181, ''),
(20, 203, ''),
(21, 239, ''),
(22, 254, ''),
(23, 302, ''),
(24, 316, ''),
(25, 354, ''),
(26, 350, ''),
(27, 350, '');

-- --------------------------------------------------------

--
-- Table structure for table `newslettermail`
--

CREATE TABLE IF NOT EXISTS `newslettermail` (
  `id` int(11) NOT NULL,
  `name` varchar(255) NOT NULL,
  `subject` varchar(255) NOT NULL,
  `scheduletime` datetime NOT NULL,
  PRIMARY KEY (`id`)
) ENGINE=InnoDB DEFAULT CHARSET=latin1;

-- --------------------------------------------------------

--
-- Table structure for table `newslettermailuser`
--

CREATE TABLE IF NOT EXISTS `newslettermailuser` (
  `newslettermail` int(11) NOT NULL,
  `newsletteremail` varchar(255) NOT NULL,
  `user` int(11) NOT NULL,
  PRIMARY KEY (`newslettermail`)
) ENGINE=InnoDB DEFAULT CHARSET=latin1;

-- --------------------------------------------------------

--
-- Table structure for table `newsletterusers`
--

CREATE TABLE IF NOT EXISTS `newsletterusers` (
  `id` int(11) NOT NULL AUTO_INCREMENT,
  `user` int(11) NOT NULL,
  `email` varchar(255) NOT NULL,
  `status` int(11) NOT NULL,
  PRIMARY KEY (`id`)
) ENGINE=InnoDB  DEFAULT CHARSET=latin1 AUTO_INCREMENT=111 ;

--
-- Dumping data for table `newsletterusers`
--

INSERT INTO `newsletterusers` (`id`, `user`, `email`, `status`) VALUES
(25, 44, 'undefined', 0),
(26, 45, 'jagruti@wohli.com', 0),
(27, 47, 'patiljagruti181@gmail.com', 0),
(28, 48, 'saini@gmail.com', 0),
(29, 50, 'blueclusters@gmail.com', 0),
(30, 51, 'avinash@wohlig.com', 0),
(31, 52, 'chintan@wohlig.com', 0),
(32, 53, 'chintan@wohlig.com', 0),
(33, 55, 'chintan@wohlig.com', 0),
(34, 57, 'priyapeer@yahoo.com', 0),
(35, 60, 'pulkitno2@gmail.com', 0),
(36, 61, 'sohan1@gmail.com', 0),
(37, 62, 'sohan2@gmail.com', 0),
(38, 63, 'mahesh@gmail.com', 0),
(39, 64, 'sohn@gmail.com', 0),
(40, 65, 'sn@gmail.com', 0),
(41, 66, 'ffffff@gmail.com', 0),
(42, 67, 'fffffkkkf@gmail.com', 0),
(43, 68, 'fffffkppkkf@gmail.com', 0),
(44, 69, 'avvv@gmail.com', 0),
(45, 70, 'demo@dmeo.com', 0),
(46, 71, 'haha@gmail.com', 0),
(47, 72, 'jaja@gmail.com', 0),
(48, 73, 'ho@gmail.com', 0),
(49, 74, 'shn3@gmail.com', 0),
(50, 75, 'fffffffff@gmail.com', 0),
(51, 76, 'shhhh@gmail.com', 0),
(52, 77, 'shn123@gmail.com', 0),
(53, 78, 'do@gmail.com', 0),
(54, 79, 'ganeshshetty233@yahoo.in', 0),
(55, 80, 'shn1@gmail.com', 0),
(56, 81, 'sgn@gmail.com', 0),
(57, 82, 'avinashsohan@gmail.com', 0),
(58, 83, 'shn12@gmail.com', 0),
(59, 85, 'jagruti@yahoo.com', 0),
(60, 86, 'debbysmum@yahoo.ca', 0),
(61, 87, 'gogo@gmail.com', 0),
(62, 88, 'nikhilbansode572@yahoo.in', 0),
(63, 89, 'ambestmedia@gmail.com', 0),
(64, 90, 'voraavniv@gmail.com', 0),
(65, 92, 'sachin@ambestmedia.com', 0),
(66, 93, 'reddyajay28@yahoo.in', 0),
(67, 94, 'negimeera2@gmail.com', 0),
(68, 95, 'nadarmilton@yahoo.in', 0),
(69, 96, '5242@gmail.com', 0),
(70, 97, 'dhavalwohlig@gmail.com', 0),
(71, 98, 'dhaval.gala2014@gmail.com', 0),
(72, 99, 'vigneshkasthuri2009@gmail.com', 0),
(73, 100, 'dhaval@wohlig.com', 0),
(74, 101, 'sohan@gmail.com', 0),
(75, 102, 'shn@gmail.com', 0),
(76, 103, 'jagruti@wohligco.com', 0),
(77, 104, 'jagrutii@wohlig.com', 0),
(78, 105, 'jagrutiy@wohlig.com', 0),
(79, 106, 'jagruti181@wohlig.com', 0),
(80, 107, 'demo@demo.com', 0),
(81, 108, 'kajolahuja654@yahoo.in', 0),
(82, 109, 'avanitushar@rediffmail.com', 0),
(83, 110, 'AVNI7772@YAHOO.COM', 0),
(84, 111, 'jagruti@gmail.com', 0),
(85, 10, 'shdj@ysgdh.sdgs', 0),
(86, 11, 'ghd@sdyh.sd', 0),
(87, 12, 'abc@email.com', 0),
(88, 13, 'hii@sdyh.csdc', 0),
(89, 18, 'demo@demo.com', 0),
(90, 19, 'jagruti@wohlig.com', 0),
(91, 20, 'jagruti@wohlig.com', 0),
(92, 21, 'priya@gmail.com', 0),
(93, 22, 'cgvhb@cvb.bdhe', 0),
(94, 19, 'bobthebuilder@pogo.com', 0),
(95, 21, 'dsa@jdfha.djf', 0),
(96, 22, 'amitwohig@gmail.com', 0),
(97, 25, 'jay@email.com', 0),
(98, 27, '', 0),
(99, 28, 'vigwohlig@gmail.com', 0),
(100, 29, 'viggwohlig@gmail.com', 0),
(101, 30, '', 0),
(102, 31, 'vigwohlig@gmail.com', 0),
(103, 32, 'vigwohlig@gmail.com', 0),
(104, 33, 'dhaval@gmail.com', 0),
(105, 34, 'abcd@gmail.com', 0),
(106, 35, 'abcd@yahoo.com', 0),
(107, 36, 'darshil_210@yahoo.com', 0),
(108, 37, 'vigwohlig@gmail.com', 0),
(109, 43, 'drvickztheinsane@gmail.com', 0),
(110, 45, 'mahesh@wohlig.com', 0);

-- --------------------------------------------------------

--
-- Table structure for table `offer`
--

CREATE TABLE IF NOT EXISTS `offer` (
  `id` int(11) NOT NULL AUTO_INCREMENT,
  `title` varchar(255) NOT NULL,
  `description` text NOT NULL,
  `price` double NOT NULL,
  `startdate` date NOT NULL,
  `enddate` date NOT NULL,
  `status` int(11) NOT NULL,
  `timestamp` timestamp NOT NULL DEFAULT CURRENT_TIMESTAMP ON UPDATE CURRENT_TIMESTAMP,
  `image` varchar(255) NOT NULL,
  PRIMARY KEY (`id`)
) ENGINE=InnoDB  DEFAULT CHARSET=latin1 AUTO_INCREMENT=10 ;

--
-- Dumping data for table `offer`
--

INSERT INTO `offer` (`id`, `title`, `description`, `price`, `startdate`, `enddate`, `status`, `timestamp`, `image`) VALUES
(2, 'retx', 'strdt', 545, '2015-11-01', '2015-12-31', 1, '2015-11-25 08:16:56', 'Professional_JSON.png'),
(3, 'retx', 'strdt', 545, '2015-11-01', '2015-12-30', 1, '2015-11-25 08:22:36', 'iphone6ho.jpg'),
(5, 'retx', 'strdt', 545, '2015-09-10', '2015-09-30', 0, '2015-09-22 07:52:41', 'glass2.jpg'),
(6, 'retx', 'strdt', 545, '2015-09-25', '2015-09-30', 0, '2015-09-22 07:52:56', '5.png'),
(7, 'retx', 'strdt', 545, '2015-10-01', '2015-10-10', 0, '2015-09-22 07:53:15', '5.jpg'),
(8, 'retx', 'strdt', 545, '2015-09-20', '2015-09-30', 0, '2015-09-14 09:46:51', '8.jpg');

-- --------------------------------------------------------

--
-- Table structure for table `offerproduct`
--

CREATE TABLE IF NOT EXISTS `offerproduct` (
  `id` int(11) NOT NULL AUTO_INCREMENT,
  `offer` int(11) NOT NULL,
  `product` int(11) NOT NULL,
  `quantity` int(11) NOT NULL,
  `order` int(11) NOT NULL,
  PRIMARY KEY (`id`)
) ENGINE=InnoDB  DEFAULT CHARSET=latin1 AUTO_INCREMENT=21 ;

--
-- Dumping data for table `offerproduct`
--

INSERT INTO `offerproduct` (`id`, `offer`, `product`, `quantity`, `order`) VALUES
(1, 8, 4, 1, 1),
(2, 8, 1, 1, 2),
(6, 3, 6, 1, 1),
(7, 4, 3, 1, 2),
(8, 5, 5, 1, 2),
(9, 5, 7, 1, 1),
(10, 4, 5, 1, 1),
(11, 9, 5, 1, 1),
(12, 9, 4, 1, 1),
(13, 7, 1, 1, 1),
(14, 7, 2, 1, 1),
(15, 6, 3, 1, 1),
(16, 6, 4, 1, 1),
(17, 2, 85, 100, 0),
(18, 2, 15, 50, 0),
(20, 3, 24, 1, 0);

-- --------------------------------------------------------

--
-- Table structure for table `order`
--

CREATE TABLE IF NOT EXISTS `order` (
  `id` int(11) NOT NULL AUTO_INCREMENT,
  `user` int(11) NOT NULL,
  `firstname` varchar(255) NOT NULL,
  `lastname` varchar(255) NOT NULL,
  `email` varchar(255) NOT NULL,
  `billingaddress` varchar(255) NOT NULL,
  `billingcity` varchar(255) NOT NULL,
  `billingstate` varchar(255) NOT NULL,
  `billingcountry` varchar(255) NOT NULL,
  `shippingaddress` varchar(255) NOT NULL,
  `shippingcity` varchar(255) NOT NULL,
  `shippingcountry` varchar(255) NOT NULL,
  `shippingstate` varchar(255) NOT NULL,
  `shippingpincode` varchar(255) NOT NULL,
  `defaultcurrency` varchar(255) NOT NULL,
  `timestamp` timestamp NOT NULL DEFAULT CURRENT_TIMESTAMP,
  `totalamount` double NOT NULL,
  `discountamount` double NOT NULL,
  `finalamount` double NOT NULL,
  `discountcoupon` int(11) NOT NULL,
  `paymentmethod` int(11) NOT NULL,
  `orderstatus` int(11) NOT NULL,
  `currency` int(11) NOT NULL,
  `trackingcode` varchar(255) NOT NULL,
  `billingpincode` varchar(255) NOT NULL,
  `shippingmethod` int(11) DEFAULT NULL,
  `shippingname` varchar(255) NOT NULL,
  `shippingtel` varchar(255) NOT NULL,
  `customernote` varchar(255) NOT NULL,
  `billingcontact` varchar(255) NOT NULL,
  `shippingcontact` varchar(255) NOT NULL,
  PRIMARY KEY (`id`)
) ENGINE=InnoDB  DEFAULT CHARSET=latin1 AUTO_INCREMENT=85 ;

--
-- Dumping data for table `order`
--

INSERT INTO `order` (`id`, `user`, `firstname`, `lastname`, `email`, `billingaddress`, `billingcity`, `billingstate`, `billingcountry`, `shippingaddress`, `shippingcity`, `shippingcountry`, `shippingstate`, `shippingpincode`, `defaultcurrency`, `timestamp`, `totalamount`, `discountamount`, `finalamount`, `discountcoupon`, `paymentmethod`, `orderstatus`, `currency`, `trackingcode`, `billingpincode`, `shippingmethod`, `shippingname`, `shippingtel`, `customernote`, `billingcontact`, `shippingcontact`) VALUES
(1, 1, 'pooja', 'thakare', 'pooja.wohlig@gmail.com', 'sec-4 airoli', 'airoli', 'eyrrz', 'rata', 'gtrsgsr', 'gt', 'tgxt', 'gtr', 'tsrgrr', '', '2015-09-16 09:31:13', 0, 0, 7886, 0, 0, 1, 0, '', '5686', 0, 'xt', '', 'ytry', '5465', 'tytr'),
(2, 0, '', '', '', '', '', '', '', '', '', '', '', '', '', '2015-11-30 11:45:38', 0, 0, 0, 0, 0, 1, 0, '', '', 0, '', '', '', '', ''),
(3, 0, '', '', '', '', '', '', '', '', '', '', '', '', '', '2015-11-30 11:45:38', 0, 0, 0, 0, 0, 1, 0, '', '', 0, '', '', '', '', ''),
(4, 0, '', '', '', '', '', '', '', '', '', '', '', '', '', '2015-11-30 12:04:57', 0, 0, 0, 0, 0, 1, 0, '', '', 0, '', '', '', '', ''),
(5, 0, '', '', '', '', '', '', '', '', '', '', '', '', '', '2015-11-30 12:04:57', 0, 0, 0, 0, 0, 1, 0, '', '', 0, '', '', '', '', ''),
(6, 0, '', '', '', '', '', '', '', '', '', '', '', '', '', '2015-11-30 12:06:55', 0, 0, 0, 0, 0, 1, 0, '', '', 0, '', '', '', '', ''),
(7, 0, '', '', '', '', '', '', '', '', '', '', '', '', '', '2015-11-30 12:12:08', 0, 0, 0, 0, 0, 1, 0, '', '', 0, '', '', '', '', ''),
(8, 43, 'Aditi', 'Patil', 'wohlig@wohlig.com', 'sec-4 airoli', 'NaviMumbai', 'MAharashtra', 'India', 'sec-4 airoli', 'NaviMumbai', 'India', 'MAharashtra', '400708', '', '2015-12-01 14:30:35', 0, 0, 0, 0, 0, 1, 0, '', '400708', 0, '', '', '', '111', '111'),
(9, 0, '', '', '', '', '', '', '', '', '', '', '', '', '', '2015-12-02 11:06:39', 0, 0, 0, 0, 0, 1, 0, '', '', 0, '', '', '', '', ''),
(10, 0, '', '', '', '', '', '', '', '', '', '', '', '', '', '2015-12-02 11:06:40', 0, 0, 0, 0, 0, 1, 0, '', '', 0, '', '', '', '', ''),
(11, 0, '', '', '', '', '', '', '', '', '', '', '', '', '', '2015-12-02 11:06:45', 0, 0, 0, 0, 0, 1, 0, '', '', 0, '', '', '', '', ''),
(12, 0, '', '', '', '', '', '', '', '', '', '', '', '', '', '2015-12-07 07:48:31', 0, 0, 0, 0, 0, 1, 0, '', '', 0, '', '', '', '', ''),
(13, 0, '', '', '', '', '', '', '', '', '', '', '', '', '', '2015-12-07 07:48:37', 0, 0, 0, 0, 0, 1, 0, '', '', 0, '', '', '', '', ''),
(14, 0, '', '', '', '', '', '', '', '', '', '', '', '', '', '2015-12-07 07:48:38', 0, 0, 0, 0, 0, 1, 0, '', '', 0, '', '', '', '', ''),
(15, 0, 'Darshil', 'Shah', 'darshil@accessinfoworld.com', 'Hight street Phoenix, Lower Parel.', 'Mumbai', 'Maharashtra', 'India', 'Hight street Phoenix, Lower Parel.', 'Mumbai', 'India', 'Maharashtra', '400001', '', '2015-12-10 17:02:56', 0, 0, 65000, 0, 0, 1, 0, '', '400001', 0, '', '', '', '9876543210', '9876543210'),
(16, 0, '', '', '', '', '', '', '', '', '', '', '', '', '', '2015-12-23 08:45:06', 0, 0, 0, 0, 0, 1, 0, '', '', 0, '', '', '', '', ''),
(17, 0, '', '', '', '', '', '', '', '', '', '', '', '', '', '2015-12-23 08:45:06', 0, 0, 0, 0, 0, 1, 0, '', '', 0, '', '', '', '', ''),
(18, 0, '', '', '', '', '', '', '', '', '', '', '', '', '', '2015-12-23 08:49:02', 0, 0, 0, 0, 0, 1, 0, '', '', 0, '', '', '', '', ''),
(19, 0, '', '', '', '', '', '', '', '', '', '', '', '', '', '2015-12-23 08:49:03', 0, 0, 0, 0, 0, 1, 0, '', '', 0, '', '', '', '', ''),
(20, 0, '', '', '', '', '', '', '', '', '', '', '', '', '', '2015-12-23 08:58:11', 0, 0, 0, 0, 0, 1, 0, '', '', 0, '', '', '', '', ''),
(21, 0, '', '', '', '', '', '', '', '', '', '', '', '', '', '2015-12-23 08:58:12', 0, 0, 0, 0, 0, 1, 0, '', '', 0, '', '', '', '', ''),
(22, 0, '', '', '', '', '', '', '', '', '', '', '', '', '', '2015-12-23 08:59:29', 0, 0, 0, 0, 0, 1, 0, '', '', 0, '', '', '', '', ''),
(23, 0, '', '', '', '', '', '', '', '', '', '', '', '', '', '2015-12-23 08:59:29', 0, 0, 0, 0, 0, 1, 0, '', '', 0, '', '', '', '', ''),
(24, 0, '', '', '', '', '', '', '', '', '', '', '', '', '', '2015-12-23 09:03:30', 0, 0, 0, 0, 0, 1, 0, '', '', 0, '', '', '', '', ''),
(25, 0, '', '', '', '', '', '', '', '', '', '', '', '', '', '2015-12-23 09:03:30', 0, 0, 0, 0, 0, 1, 0, '', '', 0, '', '', '', '', ''),
(26, 0, '', '', '', '', '', '', '', '', '', '', '', '', '', '2015-12-23 09:04:31', 0, 0, 0, 0, 0, 1, 0, '', '', 0, '', '', '', '', ''),
(27, 0, '', '', '', '', '', '', '', '', '', '', '', '', '', '2015-12-23 09:05:04', 0, 0, 0, 0, 0, 1, 0, '', '', 0, '', '', '', '', ''),
(28, 0, '', '', '', '', '', '', '', '', '', '', '', '', '', '2015-12-23 09:05:04', 0, 0, 0, 0, 0, 1, 0, '', '', 0, '', '', '', '', ''),
(29, 0, '', '', '', '', '', '', '', '', '', '', '', '', '', '2015-12-23 09:09:42', 0, 0, 0, 0, 0, 1, 0, '', '', 0, '', '', '', '', ''),
(30, 0, '', '', '', '', '', '', '', '', '', '', '', '', '', '2015-12-23 09:09:42', 0, 0, 0, 0, 0, 1, 0, '', '', 0, '', '', '', '', ''),
(31, 0, '', '', '', '', '', '', '', '', '', '', '', '', '', '2015-12-23 09:21:24', 0, 0, 0, 0, 0, 1, 0, '', '', 0, '', '', '', '', ''),
(32, 0, '', '', '', '', '', '', '', '', '', '', '', '', '', '2015-12-23 09:21:24', 0, 0, 0, 0, 0, 1, 0, '', '', 0, '', '', '', '', ''),
(33, 0, '', '', '', '', '', '', '', '', '', '', '', '', '', '2015-12-23 09:29:02', 0, 0, 0, 0, 0, 1, 0, '', '', 0, '', '', '', '', ''),
(34, 0, '', '', '', '', '', '', '', '', '', '', '', '', '', '2015-12-23 09:29:02', 0, 0, 0, 0, 0, 1, 0, '', '', 0, '', '', '', '', ''),
(35, 0, '', '', '', '', '', '', '', '', '', '', '', '', '', '2015-12-23 09:36:17', 0, 0, 0, 0, 0, 1, 0, '', '', 0, '', '', '', '', ''),
(36, 0, '', '', '', '', '', '', '', '', '', '', '', '', '', '2015-12-23 09:36:18', 0, 0, 0, 0, 0, 1, 0, '', '', 0, '', '', '', '', ''),
(37, 0, '', '', '', '', '', '', '', '', '', '', '', '', '', '2015-12-23 09:37:35', 0, 0, 0, 0, 0, 1, 0, '', '', 0, '', '', '', '', ''),
(38, 0, '', '', '', '', '', '', '', '', '', '', '', '', '', '2015-12-23 09:38:59', 0, 0, 0, 0, 0, 1, 0, '', '', 0, '', '', '', '', ''),
(39, 0, '', '', '', '', '', '', '', '', '', '', '', '', '', '2015-12-23 09:38:59', 0, 0, 0, 0, 0, 1, 0, '', '', 0, '', '', '', '', ''),
(40, 0, '', '', '', '', '', '', '', '', '', '', '', '', '', '2015-12-23 09:45:23', 0, 0, 0, 0, 0, 1, 0, '', '', 0, '', '', '', '', ''),
(41, 0, '', '', '', '', '', '', '', '', '', '', '', '', '', '2015-12-23 09:45:23', 0, 0, 0, 0, 0, 1, 0, '', '', 0, '', '', '', '', ''),
(42, 0, '', '', '', '', '', '', '', '', '', '', '', '', '', '2015-12-23 09:48:57', 0, 0, 0, 0, 0, 1, 0, '', '', 0, '', '', '', '', ''),
(43, 0, '', '', '', '', '', '', '', '', '', '', '', '', '', '2015-12-23 09:48:57', 0, 0, 0, 0, 0, 1, 0, '', '', 0, '', '', '', '', ''),
(44, 0, '', '', '', '', '', '', '', '', '', '', '', '', '', '2015-12-23 09:50:01', 0, 0, 0, 0, 0, 1, 0, '', '', 0, '', '', '', '', ''),
(45, 0, '', '', '', '', '', '', '', '', '', '', '', '', '', '2015-12-23 09:50:10', 0, 0, 0, 0, 0, 1, 0, '', '', 0, '', '', '', '', ''),
(46, 0, '', '', '', '', '', '', '', '', '', '', '', '', '', '2015-12-23 09:50:11', 0, 0, 0, 0, 0, 1, 0, '', '', 0, '', '', '', '', ''),
(47, 0, '', '', '', '', '', '', '', '', '', '', '', '', '', '2015-12-23 09:51:57', 0, 0, 0, 0, 0, 1, 0, '', '', 0, '', '', '', '', ''),
(48, 0, '', '', '', '', '', '', '', '', '', '', '', '', '', '2015-12-23 09:52:01', 0, 0, 0, 0, 0, 1, 0, '', '', 0, '', '', '', '', ''),
(49, 0, '', '', '', '', '', '', '', '', '', '', '', '', '', '2015-12-23 09:52:02', 0, 0, 0, 0, 0, 1, 0, '', '', 0, '', '', '', '', ''),
(50, 0, '', '', '', '', '', '', '', '', '', '', '', '', '', '2015-12-23 09:57:06', 0, 0, 0, 0, 0, 1, 0, '', '', 0, '', '', '', '', ''),
(51, 0, '', '', '', '', '', '', '', '', '', '', '', '', '', '2015-12-23 09:57:10', 0, 0, 0, 0, 0, 1, 0, '', '', 0, '', '', '', '', ''),
(52, 0, '', '', '', '', '', '', '', '', '', '', '', '', '', '2015-12-23 09:57:10', 0, 0, 0, 0, 0, 1, 0, '', '', 0, '', '', '', '', ''),
(53, 0, '', '', '', '', '', '', '', '', '', '', '', '', '', '2015-12-23 10:02:21', 0, 0, 0, 0, 0, 1, 0, '', '', 0, '', '', '', '', ''),
(54, 0, '', '', '', '', '', '', '', '', '', '', '', '', '', '2015-12-23 10:02:22', 0, 0, 0, 0, 0, 1, 0, '', '', 0, '', '', '', '', ''),
(55, 0, '', '', '', '', '', '', '', '', '', '', '', '', '', '2015-12-23 10:04:23', 0, 0, 0, 0, 0, 1, 0, '', '', 0, '', '', '', '', ''),
(56, 0, '', '', '', '', '', '', '', '', '', '', '', '', '', '2015-12-23 10:04:23', 0, 0, 0, 0, 0, 1, 0, '', '', 0, '', '', '', '', ''),
(57, 0, '', '', '', '', '', '', '', '', '', '', '', '', '', '2015-12-23 10:06:15', 0, 0, 0, 0, 0, 1, 0, '', '', 0, '', '', '', '', ''),
(58, 0, '', '', '', '', '', '', '', '', '', '', '', '', '', '2015-12-23 10:06:15', 0, 0, 0, 0, 0, 1, 0, '', '', 0, '', '', '', '', ''),
(59, 0, '', '', '', '', '', '', '', '', '', '', '', '', '', '2015-12-23 10:18:53', 0, 0, 0, 0, 0, 1, 0, '', '', 0, '', '', '', '', ''),
(60, 0, '', '', '', '', '', '', '', '', '', '', '', '', '', '2015-12-23 10:18:54', 0, 0, 0, 0, 0, 1, 0, '', '', 0, '', '', '', '', ''),
(61, 0, '', '', '', '', '', '', '', '', '', '', '', '', '', '2015-12-23 10:22:05', 0, 0, 0, 0, 0, 1, 0, '', '', 0, '', '', '', '', ''),
(62, 0, '', '', '', '', '', '', '', '', '', '', '', '', '', '2015-12-23 10:22:05', 0, 0, 0, 0, 0, 1, 0, '', '', 0, '', '', '', '', ''),
(63, 0, '', '', '', '', '', '', '', '', '', '', '', '', '', '2015-12-23 10:27:40', 0, 0, 0, 0, 0, 1, 0, '', '', 0, '', '', '', '', ''),
(64, 0, '', '', '', '', '', '', '', '', '', '', '', '', '', '2015-12-23 10:27:41', 0, 0, 0, 0, 0, 1, 0, '', '', 0, '', '', '', '', ''),
(65, 0, '', '', '', '', '', '', '', '', '', '', '', '', '', '2015-12-23 11:02:12', 0, 0, 0, 0, 0, 1, 0, '', '', 0, '', '', '', '', ''),
(66, 0, '', '', '', '', '', '', '', '', '', '', '', '', '', '2015-12-23 11:02:13', 0, 0, 0, 0, 0, 1, 0, '', '', 0, '', '', '', '', ''),
(67, 0, '', '', '', '', '', '', '', '', '', '', '', '', '', '2015-12-24 05:16:05', 0, 0, 0, 0, 0, 1, 0, '', '', 0, '', '', '', '', ''),
(68, 0, '', '', '', '', '', '', '', '', '', '', '', '', '', '2015-12-24 05:16:06', 0, 0, 0, 0, 0, 1, 0, '', '', 0, '', '', '', '', ''),
(69, 0, '', '', '', '', '', '', '', '', '', '', '', '', '', '2015-12-24 05:21:38', 0, 0, 0, 0, 0, 1, 0, '', '', 0, '', '', '', '', ''),
(70, 0, '', '', '', '', '', '', '', '', '', '', '', '', '', '2015-12-24 05:21:38', 0, 0, 0, 0, 0, 1, 0, '', '', 0, '', '', '', '', ''),
(71, 0, '', '', '', '', '', '', '', '', '', '', '', '', '', '2015-12-24 05:22:19', 0, 0, 0, 0, 0, 1, 0, '', '', 0, '', '', '', '', ''),
(72, 0, '', '', '', '', '', '', '', '', '', '', '', '', '', '2015-12-24 05:22:20', 0, 0, 0, 0, 0, 1, 0, '', '', 0, '', '', '', '', ''),
(73, 0, '', '', '', '', '', '', '', '', '', '', '', '', '', '2015-12-24 05:26:36', 0, 0, 0, 0, 0, 1, 0, '', '', 0, '', '', '', '', ''),
(74, 0, '', '', '', '', '', '', '', '', '', '', '', '', '', '2015-12-24 05:26:36', 0, 0, 0, 0, 0, 1, 0, '', '', 0, '', '', '', '', ''),
(75, 0, '', '', '', '', '', '', '', '', '', '', '', '', '', '2015-12-24 05:32:32', 0, 0, 0, 0, 0, 1, 0, '', '', 0, '', '', '', '', ''),
(76, 0, '', '', '', '', '', '', '', '', '', '', '', '', '', '2015-12-24 05:41:49', 0, 0, 0, 0, 0, 1, 0, '', '', 0, '', '', '', '', ''),
(77, 0, '', '', '', '', '', '', '', '', '', '', '', '', '', '2015-12-24 05:41:50', 0, 0, 0, 0, 0, 1, 0, '', '', 0, '', '', '', '', ''),
(78, 0, '', '', '', '', '', '', '', '', '', '', '', '', '', '2015-12-24 05:52:50', 0, 0, 0, 0, 0, 1, 0, '', '', 0, '', '', '', '', ''),
(79, 0, '', '', '', '', '', '', '', '', '', '', '', '', '', '2015-12-24 05:52:50', 0, 0, 0, 0, 0, 1, 0, '', '', 0, '', '', '', '', ''),
(80, 0, '', '', '', '', '', '', '', '', '', '', '', '', '', '2015-12-24 05:55:54', 0, 0, 0, 0, 0, 1, 0, '', '', 0, '', '', '', '', ''),
(81, 0, '', '', '', '', '', '', '', '', '', '', '', '', '', '2015-12-24 06:05:35', 0, 0, 0, 0, 0, 1, 0, '', '', 0, '', '', '', '', ''),
(82, 0, '', '', '', '', '', '', '', '', '', '', '', '', '', '2015-12-24 06:05:35', 0, 0, 0, 0, 0, 1, 0, '', '', 0, '', '', '', '', ''),
(83, 0, '', '', '', '', '', '', '', '', '', '', '', '', '', '2015-12-28 09:35:37', 0, 0, 0, 0, 0, 1, 0, '', '', 0, '', '', '', '', ''),
(84, 0, '', '', '', '', '', '', '', '', '', '', '', '', '', '2015-12-28 09:35:37', 0, 0, 0, 0, 0, 1, 0, '', '', 0, '', '', '', '', '');

-- --------------------------------------------------------

--
-- Table structure for table `orderitems`
--

CREATE TABLE IF NOT EXISTS `orderitems` (
  `id` int(11) NOT NULL AUTO_INCREMENT,
  `order` int(11) NOT NULL,
  `product` int(11) NOT NULL,
  `quantity` int(11) NOT NULL,
  `price` double NOT NULL,
  `discount` double NOT NULL,
  `finalprice` double NOT NULL,
  PRIMARY KEY (`id`)
) ENGINE=InnoDB  DEFAULT CHARSET=latin1 AUTO_INCREMENT=4 ;

--
-- Dumping data for table `orderitems`
--

INSERT INTO `orderitems` (`id`, `order`, `product`, `quantity`, `price`, `discount`, `finalprice`) VALUES
(1, 1, 1, 1, 500, 200, 300),
(2, 8, 1, 1, 850, 0, 850),
(3, 15, 162, 1, 65000, 0, 65000);

-- --------------------------------------------------------

--
-- Table structure for table `orderlog`
--

CREATE TABLE IF NOT EXISTS `orderlog` (
  `id` int(11) NOT NULL,
  `user` int(11) NOT NULL,
  `order` int(11) NOT NULL,
  `action` varchar(255) NOT NULL,
  `timestamp` timestamp NOT NULL DEFAULT CURRENT_TIMESTAMP,
  PRIMARY KEY (`id`)
) ENGINE=InnoDB DEFAULT CHARSET=latin1;

--
-- Dumping data for table `orderlog`
--

INSERT INTO `orderlog` (`id`, `user`, `order`, `action`, `timestamp`) VALUES
(1, 1, 154, 'Order Address Updated', '2015-06-06 06:27:44'),
(2, 1, 154, 'Order Address Updated', '2015-07-10 07:58:08'),
(3, 1, 728, 'Order Address Updated', '2015-08-17 10:34:16'),
(4, 1, 728, 'Order Address Updated', '2015-08-17 10:34:48');

-- --------------------------------------------------------

--
-- Table structure for table `orderstatus`
--

CREATE TABLE IF NOT EXISTS `orderstatus` (
  `id` int(11) NOT NULL,
  `name` varchar(255) NOT NULL,
  PRIMARY KEY (`id`)
) ENGINE=InnoDB DEFAULT CHARSET=latin1;

--
-- Dumping data for table `orderstatus`
--

INSERT INTO `orderstatus` (`id`, `name`) VALUES
(1, 'Pending'),
(2, 'Processing'),
(3, 'Shipping'),
(4, 'Delivered'),
(5, 'Cancel');

-- --------------------------------------------------------

--
-- Table structure for table `page`
--

CREATE TABLE IF NOT EXISTS `page` (
  `id` int(11) NOT NULL,
  `name` varchar(255) NOT NULL,
  `content` text NOT NULL,
  PRIMARY KEY (`id`)
) ENGINE=InnoDB DEFAULT CHARSET=latin1;

--
-- Dumping data for table `page`
--

INSERT INTO `page` (`id`, `name`, `content`) VALUES
(1, 'About Us', '<p><strong>About Us</strong></p>\r\n<p>This is best website.</p>'),
(2, 'Contact Us', '<p><strong>Call Us On</strong></p>\r\n<p>09999988888</p>');

-- --------------------------------------------------------

--
-- Table structure for table `paymentgateway`
--

CREATE TABLE IF NOT EXISTS `paymentgateway` (
  `id` int(11) NOT NULL,
  `name` varchar(255) NOT NULL,
  `isdefault` int(11) NOT NULL,
  `order` int(11) NOT NULL,
  `status` int(11) NOT NULL,
  PRIMARY KEY (`id`)
) ENGINE=InnoDB DEFAULT CHARSET=latin1;

-- --------------------------------------------------------

--
-- Table structure for table `pickofweak`
--

CREATE TABLE IF NOT EXISTS `pickofweak` (
  `id` int(11) NOT NULL,
  `image` varchar(255) NOT NULL,
  `order` int(11) NOT NULL,
  `timestamp` timestamp NOT NULL DEFAULT CURRENT_TIMESTAMP ON UPDATE CURRENT_TIMESTAMP,
  PRIMARY KEY (`id`)
) ENGINE=InnoDB DEFAULT CHARSET=latin1;

-- --------------------------------------------------------

--
-- Table structure for table `product`
--

CREATE TABLE IF NOT EXISTS `product` (
  `id` int(11) NOT NULL AUTO_INCREMENT,
  `name` varchar(255) CHARACTER SET utf8 NOT NULL,
  `sku` varchar(255) CHARACTER SET utf8 NOT NULL,
  `description` text CHARACTER SET utf8 NOT NULL,
  `url` varchar(255) CHARACTER SET utf8 NOT NULL,
  `visibility` int(11) NOT NULL DEFAULT '0',
  `price` double DEFAULT NULL,
  `wholesaleprice` varchar(255) CHARACTER SET utf8 DEFAULT NULL,
  `firstsaleprice` varchar(255) CHARACTER SET utf8 DEFAULT NULL,
  `secondsaleprice` varchar(255) CHARACTER SET utf8 DEFAULT NULL,
  `specialpriceto` date DEFAULT NULL,
  `specialpricefrom` date DEFAULT NULL,
  `metatitle` varchar(255) CHARACTER SET utf8 DEFAULT NULL,
  `metadesc` varchar(255) CHARACTER SET utf8 DEFAULT NULL,
  `metakeyword` varchar(255) CHARACTER SET utf8 DEFAULT NULL,
  `quantity` int(11) DEFAULT NULL,
  `status` int(11) DEFAULT NULL,
  `modelnumber` varchar(255) CHARACTER SET utf8 NOT NULL,
  `brandcolor` varchar(255) CHARACTER SET utf8 NOT NULL,
  `eanorupc` varchar(255) CHARACTER SET utf8 NOT NULL,
  `eanorupcmeasuringunits` varchar(255) CHARACTER SET utf8 NOT NULL,
  `type` varchar(255) CHARACTER SET utf8 NOT NULL,
  `compatibledevice` varchar(255) CHARACTER SET utf8 NOT NULL,
  `compatiblewith` varchar(255) CHARACTER SET utf8 NOT NULL,
  `material` varchar(255) CHARACTER SET utf8 NOT NULL,
  `color` varchar(255) CHARACTER SET utf8 NOT NULL,
  `design` varchar(255) CHARACTER SET utf8 NOT NULL,
  `width` varchar(255) CHARACTER SET utf8 NOT NULL,
  `height` varchar(255) CHARACTER SET utf8 NOT NULL,
  `depth` varchar(255) CHARACTER SET utf8 NOT NULL,
  `portsize` varchar(255) CHARACTER SET utf8 NOT NULL,
  `packof` varchar(255) CHARACTER SET utf8 NOT NULL,
  `salespackage` varchar(255) CHARACTER SET utf8 NOT NULL,
  `keyfeatures` text CHARACTER SET utf8 NOT NULL,
  `videourl` varchar(255) CHARACTER SET utf8 NOT NULL,
  `modelname` varchar(255) CHARACTER SET utf8 NOT NULL,
  `finish` varchar(255) CHARACTER SET utf8 NOT NULL,
  `weight` varchar(255) CHARACTER SET utf8 NOT NULL,
  `domesticwarranty` varchar(255) CHARACTER SET utf8 NOT NULL,
  `domesticwarrantymeasuringunits` varchar(255) CHARACTER SET utf8 NOT NULL,
  `internationalwarranty` varchar(255) CHARACTER SET utf8 NOT NULL,
  `internationalwarrantymeasuringunits` varchar(255) CHARACTER SET utf8 NOT NULL,
  `warrantysummary` varchar(255) CHARACTER SET utf8 NOT NULL,
  `warrantyservicetype` varchar(255) CHARACTER SET utf8 NOT NULL,
  `coveredinwarranty` varchar(255) CHARACTER SET utf8 NOT NULL,
  `notcoveredinwarranty` varchar(255) CHARACTER SET utf8 NOT NULL,
  `size` varchar(255) CHARACTER SET utf8 NOT NULL,
  `typename` varchar(255) CHARACTER SET utf8 NOT NULL,
  `colormatch` varchar(255) CHARACTER SET utf8 NOT NULL,
  `dimension` varchar(255) CHARACTER SET utf8 NOT NULL,
  `capacity` varchar(255) CHARACTER SET utf8 NOT NULL,
  `microphone` varchar(255) CHARACTER SET utf8 NOT NULL,
  `length` varchar(255) CHARACTER SET utf8 NOT NULL,
  `voltage` double NOT NULL,
  PRIMARY KEY (`id`)
) ENGINE=InnoDB  DEFAULT CHARSET=latin1 AUTO_INCREMENT=410 ;

--
-- Dumping data for table `product`
--

INSERT INTO `product` (`id`, `name`, `sku`, `description`, `url`, `visibility`, `price`, `wholesaleprice`, `firstsaleprice`, `secondsaleprice`, `specialpriceto`, `specialpricefrom`, `metatitle`, `metadesc`, `metakeyword`, `quantity`, `status`, `modelnumber`, `brandcolor`, `eanorupc`, `eanorupcmeasuringunits`, `type`, `compatibledevice`, `compatiblewith`, `material`, `color`, `design`, `width`, `height`, `depth`, `portsize`, `packof`, `salespackage`, `keyfeatures`, `videourl`, `modelname`, `finish`, `weight`, `domesticwarranty`, `domesticwarrantymeasuringunits`, `internationalwarranty`, `internationalwarrantymeasuringunits`, `warrantysummary`, `warrantyservicetype`, `coveredinwarranty`, `notcoveredinwarranty`, `size`, `typename`, `colormatch`, `dimension`, `capacity`, `microphone`, `length`, `voltage`) VALUES
(1, 'Switcheasy 0.35 Back Case For Apple iphone 6S - Pink', '', 'Made from PP, an extremely flexible and scratch resistant thermoplastic polymer\n\nLives up to its name: just 0.35mm thick!\n\nWeighs just 4g!\n\nAvailable in 5 vibrant colors', '', 1, 850, '680', '', NULL, NULL, NULL, '', NULL, '', 1, 1, 'AP-21-126-18', 'Pink', '4897017141743', '', 'Back Case, Hard Case', 'Phone', 'Apple iphone 6S', 'Thermoplastic Polymer', 'Pink', '', '', '', '', '', '', '1', '', '', '0.35', 'Matte', '', 'No Warranty', '', '', '', '', '', '', '', '', '', '0.35 6S', '', '', '', '', 0),
(2, 'Switcheasy 0.35 Back Case For Apple iphone 6S - Frost White', '', 'Made from PP, an extremely flexible and scratch resistant thermoplastic polymer\n\nLives up to its name: just 0.35mm thick!\n\nWeighs just 4g!\n\nAvailable in 5 vibrant colors', '', 1, 850, '680', '', NULL, NULL, NULL, '', NULL, '', 1, 1, 'AP-21-126-12', 'Frost White', '4897017141736', '', 'Back Case, Hard Case', 'Phone', 'Apple iphone 6S', 'Thermoplastic Polymer', 'White', '', '', '', '', '', '', '1', '', '', '0.35', 'Matte', '', 'No Warranty', '', '', '', '', '', '', '', '', '', '0.35 6S', '', '', '', '', 0),
(3, 'Switcheasy 0.35 Back Case For Apple iphone 6S - Blue', '', 'Made from PP, an extremely flexible and scratch resistant thermoplastic polymer\n\nLives up to its name: just 0.35mm thick!\n\nWeighs just 4g!\n\nAvailable in 5 vibrant colors', '', 1, 850, '680', '', NULL, NULL, NULL, '', NULL, '', 1, 1, 'AP-21-126-13', 'Blue', '4897017141767', '', 'Back Case, Hard Case', 'Phone', 'Apple iphone 6S', 'Thermoplastic Polymer', 'Blue', '', '', '', '', '', '', '1', '', '', '0.35', 'Matte', '', 'No Warranty', '', '', '', '', '', '', '', '', '', '0.35 6S', '', '', '', '', 0),
(4, 'Switcheasy 0.35 Back Case For Apple iphone 6S - Yellow', '', 'Made from PP, an extremely flexible and scratch resistant thermoplastic polymer\n\nLives up to its name: just 0.35mm thick!\n\nWeighs just 4g!\n\nAvailable in 5 vibrant colors', '', 1, 850, '680', '', NULL, NULL, NULL, '', NULL, '', 1, 1, 'AP-21-126-22', 'Yellow', '4897017141750', '', 'Back Case, Hard Case', 'Phone', 'Apple iphone 6S', 'Thermoplastic Polymer', 'Yellow', '', '', '', '', '', '', '1', '', '', '0.35', 'Matte', '', 'No Warranty', '', '', '', '', '', '', '', '', '', '0.35 6S', '', '', '', '', 0),
(5, 'Switcheasy 0.35 Back Case For Apple iphone 6S - Stealth Black', '', 'Made from PP, an extremely flexible and scratch resistant thermoplastic polymer\n\nLives up to its name: just 0.35mm thick!\n\nWeighs just 4g!\n\nAvailable in 5 vibrant colors', '', 1, 850, '680', '', NULL, NULL, NULL, '', NULL, '', 1, 1, 'AP-21-126-11', 'Stealth Black', '4897017141729', '', 'Back Case, Hard Case', 'Phone', 'Apple iphone 6S', 'Thermoplastic Polymer', 'Black', '', '', '', '', '', '', '1', '', '', '0.35', 'Matte', '', 'No Warranty', '', '', '', '', '', '', '', '', '', '0.35 6S', '', '', '', '', 0),
(6, 'Switcheasy 0.35 Back Case For Apple iphone 6S Plus - Pink', '', 'Made from PP, an extremely flexible and scratch resistant thermoplastic polymer\n\nLives up to its name: just 0.35mm thick!\n\nWeighs just 4g!\n\nAvailable in 5 vibrant colors', '', 1, 1000, '800', '', NULL, NULL, NULL, '', NULL, '', 1, 1, 'AP-22-126-18', 'Pink', '4897017141798', '', 'Back Case, Hard Case', 'Phone', 'Apple iphone 6S Plus', 'Thermoplastic Polymer', 'Pink', '', '', '', '', '', '', '1', '', '', '0.35', 'Matte', '', 'No Warranty', '', '', '', '', '', '', '', '', '', '0.35 6S plus', '', '', '', '', 0),
(7, 'Switcheasy 0.35 Back Case For Apple iphone 6S Plus - Frost White', '', 'Made from PP, an extremely flexible and scratch resistant thermoplastic polymer\n\nLives up to its name: just 0.35mm thick!\n\nWeighs just 4g!\n\nAvailable in 5 vibrant colors', '', 1, 1000, '800', '', NULL, NULL, NULL, '', NULL, '', 1, 1, 'AP-22-126-12', 'Frost White', '4897017141781', '', 'Back Case, Hard Case', 'Phone', 'Apple iphone 6S Plus', 'Thermoplastic Polymer', 'White', '', '', '', '', '', '', '1', '', '', '0.35', 'Matte', '', 'No Warranty', '', '', '', '', '', '', '', '', '', '0.35 6S plus', '', '', '', '', 0),
(8, 'Switcheasy 0.35 Back Case For Apple iphone 6S Plus - Blue', '', 'Made from PP, an extremely flexible and scratch resistant thermoplastic polymer\n\nLives up to its name: just 0.35mm thick!\n\nWeighs just 4g!\n\nAvailable in 5 vibrant colors', '', 1, 1000, '800', '', NULL, NULL, NULL, '', NULL, '', 1, 1, 'AP-22-126-13', 'Blue', '4897017141811', '', 'Back Case, Hard Case', 'Phone', 'Apple iphone 6S Plus', 'Thermoplastic Polymer', 'Blue', '', '', '', '', '', '', '1', '', '', '0.35', 'Matte', '', 'No Warranty', '', '', '', '', '', '', '', '', '', '0.35 6S plus', '', '', '', '', 0),
(9, 'Switcheasy 0.35 Back Case For Apple iphone 6S Plus - Yellow', '', 'Made from PP, an extremely flexible and scratch resistant thermoplastic polymer\n\nLives up to its name: just 0.35mm thick!\n\nWeighs just 4g!\n\nAvailable in 5 vibrant colors', '', 1, 1000, '800', '', NULL, NULL, NULL, '', NULL, '', 1, 1, 'AP-22-126-22', 'Yellow', '4897017141804', '', 'Back Case, Hard Case', 'Phone', 'Apple iphone 6S Plus', 'Thermoplastic Polymer', 'Yellow', '', '', '', '', '', '', '1', '', '', '0.35', 'Matte', '', 'No Warranty', '', '', '', '', '', '', '', '', '', '0.35 6S plus', '', '', '', '', 0),
(10, 'Switcheasy 0.35 Back Case For Apple iphone 6S Plus - Stealth Black', '', 'Made from PP, an extremely flexible and scratch resistant thermoplastic polymer\n\nLives up to its name: just 0.35mm thick!\n\nWeighs just 4g!\n\nAvailable in 5 vibrant colors', '', 1, 1000, '800', '', NULL, NULL, NULL, '', NULL, '', 1, 1, 'AP-22-126-11', 'Stealth Black', '4897017141774', '', 'Back Case, Hard Case', 'Phone', 'Apple iphone 6S Plus', 'Thermoplastic Polymer', 'Black', '', '', '', '', '', '', '1', '', '', '0.35', 'Matte', '', 'No Warranty', '', '', '', '', '', '', '', '', '', '0.35 6S plus', '', '', '', '', 0),
(11, 'Switcheasy Numbers Back Case For Apple iphone 6S - Frost White', '', 'Designed with clean lines and features bumps on the edges. Defending your iPhone from drops up to 1.5m. "Native Touch', '', 1, 1200, '960', '', NULL, NULL, NULL, '', NULL, '', 1, 1, 'AP-21-112-12', 'Frost White', '4897017141323', '', 'Back Case, Soft Case', 'Phone', 'Apple iphone 6S', 'Hydro polymer', 'White', '', '', '', '', '', '', '1', '', '', 'Numbers', 'Matte', '', 'No Warranty', '', '', '', '', '', '', '', '', '', 'Numbers 6S', '', '', '', '', 0),
(12, 'Switcheasy Numbers Back Case For Apple iphone 6S - Stealth Black', '', 'Designed with clean lines and features bumps on the edges. Defending your iPhone from drops up to 1.5m. "Native Touch', '', 1, 1200, '960', '', NULL, NULL, NULL, '', NULL, '', 1, 1, 'AP-21-112-11', 'Stealth Black', '4897017141330', '', 'Back Case, Soft Case', 'Phone', 'Apple iphone 6S', 'Hydro polymer', 'Black', '', '', '', '', '', '', '1', '', '', 'Numbers', 'Matte', '', 'No Warranty', '', '', '', '', '', '', '', '', '', 'Numbers 6S', '', '', '', '', 0),
(13, 'Switcheasy Numbers Back Case For Apple iphone 6S - Methyl Blue', '', 'Designed with clean lines and features bumps on the edges. Defending your iPhone from drops up to 1.5m. "Native Touch', '', 1, 1200, '960', '', NULL, NULL, NULL, '', NULL, '', 1, 1, 'AP-21-112-41', 'Rose Bouquet', '4897017141316', '', 'Back Case, Soft Case', 'Phone', 'Apple iphone 6S', 'Hydro polymer', 'Pink', '', '', '', '', '', '', '1', '', '', 'Numbers', 'Matte', '', 'No Warranty', '', '', '', '', '', '', '', '', '', 'Numbers 6S', '', '', '', '', 0),
(14, 'Switcheasy Numbers Back Case For Apple iphone 6S - Rose Bouquet', '', 'Designed with clean lines and features bumps on the edges. Defending your iPhone from drops up to 1.5m. "Native Touch', '', 1, 1200, '960', '', NULL, NULL, NULL, '', NULL, '', 1, 1, 'AP-21-112-13', 'Methyl Blue', '4897017141309', '', 'Back Case, Soft Case', 'Phone', 'Apple iphone 6S', 'Hydro polymer', 'Blue', '', '', '', '', '', '', '1', '', '', 'Numbers', 'Matte', '', 'No Warranty', '', '', '', '', '', '', '', '', '', 'Numbers 6S', '', '', '', '', 0),
(15, 'Switcheasy Numbers Back Case For Apple iphone 6S - Sunlit Tangerine', '', 'Designed with clean lines and features bumps on the edges. Defending your iPhone from drops up to 1.5m. "Native Touch', '', 1, 1200, '960', '', NULL, NULL, NULL, '', NULL, '', 1, 1, 'AP-21-112-16', 'Sunlit Tangerine', '4897017141347', '', 'Back Case, Soft Case', 'Phone', 'Apple iphone 6S', 'Hydro polymer', 'Orange', '', '', '', '', '', '', '1', '', '', 'Numbers', 'Matte', '', 'No Warranty', '', '', '', '', '', '', '', '', '', 'Numbers 6S', '', '', '', '', 0),
(16, 'Switcheasy Numbers Back Case For Apple iphone 6S Plus - Frost White', '', 'Designed with clean lines and features bumps on the edges. Defending your iPhone from drops up to 1.5m. "Native Touch', '', 1, 1300, '1040', '', NULL, NULL, NULL, '', NULL, '', 1, 1, 'AP-22-112-12', 'Frost White', '4897017141378', '', 'Back Case, Soft Case', 'Phone', 'Apple iphone 6S Plus', 'Hydro polymer', 'White', '', '', '', '', '', '', '1', '', '', 'Numbers', 'Matte', '', 'No Warranty', '', '', '', '', '', '', '', '', '', 'Numbers 6S Plus', '', '', '', '', 0),
(17, 'Switcheasy Numbers Back Case For Apple iphone 6S Plus - Stealth Black', '', 'Designed with clean lines and features bumps on the edges. Defending your iPhone from drops up to 1.5m. "Native Touch', '', 1, 1300, '1040', '', NULL, NULL, NULL, '', NULL, '', 1, 1, 'AP-22-112-11', 'Stealth Black', '4897017141385', '', 'Back Case, Soft Case', 'Phone', 'Apple iphone 6S Plus', 'Hydro polymer', 'Black', '', '', '', '', '', '', '1', '', '', 'Numbers', 'Matte', '', 'No Warranty', '', '', '', '', '', '', '', '', '', 'Numbers 6S Plus', '', '', '', '', 0),
(18, 'Switcheasy Numbers Back Case For Apple iphone 6S Plus - Methyl Blue', '', 'Designed with clean lines and features bumps on the edges. Defending your iPhone from drops up to 1.5m. "Native Touch', '', 1, 1300, '1040', '', NULL, NULL, NULL, '', NULL, '', 1, 1, 'AP-22-112-41', 'Rose Bouquet', '4897017141361', '', 'Back Case, Soft Case', 'Phone', 'Apple iphone 6S Plus', 'Hydro polymer', 'Pink', '', '', '', '', '', '', '1', '', '', 'Numbers', 'Matte', '', 'No Warranty', '', '', '', '', '', '', '', '', '', 'Numbers 6S Plus', '', '', '', '', 0),
(19, 'Switcheasy Numbers Back Case For Apple iphone 6S Plus - Rose Bouquet', '', 'Designed with clean lines and features bumps on the edges. Defending your iPhone from drops up to 1.5m. "Native Touch', '', 1, 1300, '1040', '', NULL, NULL, NULL, '', NULL, '', 1, 1, 'AP-22-112-13', 'Methyl Blue', '4897017141354', '', 'Back Case, Soft Case', 'Phone', 'Apple iphone 6S Plus', 'Hydro polymer', 'Blue', '', '', '', '', '', '', '1', '', '', 'Numbers', 'Matte', '', 'No Warranty', '', '', '', '', '', '', '', '', '', 'Numbers 6S Plus', '', '', '', '', 0),
(20, 'Switcheasy Numbers Back Case For Apple iphone 6S Plus - Sunlit Tangerine', '', 'Designed with clean lines and features bumps on the edges. Defending your iPhone from drops up to 1.5m. "Native Touch', '', 1, 1300, '1040', '', NULL, NULL, NULL, '', NULL, '', 1, 1, 'AP-22-112-16', 'Sunlit Tangerine', '4897017141392', '', 'Back Case, Soft Case', 'Phone', 'Apple iphone 6S Plus', 'Hydro polymer', 'Orange', '', '', '', '', '', '', '1', '', '', 'Numbers', 'Matte', '', 'No Warranty', '', '', '', '', '', '', '', '', '', 'Numbers 6S Plus', '', '', '', '', 0),
(21, 'Switcheasy Aero Back Case For Apple iphone 6S - Ultra Black', '', 'Designed with Aero-tech which only weights 12g.\nTPU-treated ultra thick edges for extra protection.\nDrop proof up to 1.5m.\n"Native Touch', '', 1, 1500, '1200', '', NULL, NULL, NULL, '', NULL, '', 1, 1, 'AP-21-143-19', 'Ultra Black', '4897017141408', '', 'Back Case, Tough Case', 'Phone', 'Apple iphone 6S', 'Aero-Tech', 'Black', '', '', '', '', '', '', '1', '', '', 'Aero', 'Matte', '', 'No Warranty', '', '', '', '', '', '', '', '', '', 'Aero 6S', '', '', '', '', 0),
(22, 'Switcheasy Aero Back Case For Apple iphone 6S - Methyl Blue', '', 'Designed with Aero-tech which only weights 12g.\nTPU-treated ultra thick edges for extra protection.\nDrop proof up to 1.5m.\n"Native Touch', '', 1, 1500, '1200', '', NULL, NULL, NULL, '', NULL, '', 1, 1, 'AP-21-143-13', 'Methyl Blue', '4897017141415', '', 'Back Case, Tough Case', 'Phone', 'Apple iphone 6S', 'Aero-Tech', 'Blue', '', '', '', '', '', '', '1', '', '', 'Aero', 'Matte', '', 'No Warranty', '', '', '', '', '', '', '', '', '', 'Aero 6S', '', '', '', '', 0),
(23, 'Switcheasy Aero Back Case For Apple iphone 6S - Baby Pink', '', 'Designed with Aero-tech which only weights 12g.\nTPU-treated ultra thick edges for extra protection.\nDrop proof up to 1.5m.\n"Native Touch', '', 1, 1500, '1200', '', NULL, NULL, NULL, '', NULL, '', 1, 1, 'AP-21-143-41', 'Baby Pink', '', '', 'Back Case, Tough Case', 'Phone', 'Apple iphone 6S', 'Aero-Tech', 'Pink', '', '', '', '', '', '', '1', '', '', 'Aero', 'Matte', '', 'No Warranty', '', '', '', '', '', '', '', '', '', 'Aero 6S', '', '', '', '', 0),
(24, 'Switcheasy Aero Back Case For Apple iphone 6S - Ultra Clear', '', 'Designed with Aero-tech which only weights 12g.\nTPU-treated ultra thick edges for extra protection.\nDrop proof up to 1.5m.\n"Native Touch', '', 1, 1500, '1200', '', NULL, NULL, NULL, '', NULL, '', 1, 1, 'AP-21-143-20', 'Ultra Clear', '4897017141989', '', 'Back Case, Tough Case', 'Phone', 'Apple iphone 6S', 'Aero-Tech', 'Transparent', '', '', '', '', '', '', '1', '', '', 'Aero', 'Matte', '', 'No Warranty', '', '', '', '', '', '', '', '', '', 'Aero 6S', '', '', '', '', 0),
(25, 'Switcheasy Aero Back Case For Apple iphone 6S - Sesame', '', 'Designed with Aero-tech which only weights 12g.\nTPU-treated ultra thick edges for extra protection.\nDrop proof up to 1.5m.\n"Native Touch', '', 1, 1500, '1200', '', NULL, NULL, NULL, '', NULL, '', 1, 1, 'AP-21-143-58', 'Sesame', '4897017141446', '', 'Back Case, Tough Case', 'Phone', 'Apple iphone 6S', 'Aero-Tech', 'Black/White', '', '', '', '', '', '', '1', '', '', 'Aero', 'Matte', '', 'No Warranty', '', '', '', '', '', '', '', '', '', 'Aero 6S', '', '', '', '', 0),
(26, 'Switcheasy Aero Back Case For Apple iphone 6S Plus - Ultra Black', '', 'Designed with Aero-tech which only weights 17g.\nTPU-treated ultra thick edges for extra protection.\nDrop proof up to 1.5m.\n"Native Touch', '', 1, 1650, '1320', '', NULL, NULL, NULL, '', NULL, '', 1, 1, 'AP-22-143-19', 'Ultra Black', '4897017141453', '', 'Back Case, Tough Case', 'Phone', 'Apple iphone 6S Plus', 'Aero-Tech', 'Black', '', '', '', '', '', '', '1', '', '', 'Aero', 'Matte', '', 'No Warranty', '', '', '', '', '', '', '', '', '', 'Aero 6S Plus', '', '', '', '', 0),
(27, 'Switcheasy Aero Back Case For Apple iphone 6S Plus - Methyl Blue', '', 'Designed with Aero-tech which only weights 17g.\nTPU-treated ultra thick edges for extra protection.\nDrop proof up to 1.5m.\n"Native Touch', '', 1, 1650, '1320', '', NULL, NULL, NULL, '', NULL, '', 1, 1, 'AP-22-143-13', 'Methyl Blue', '4897017141460', '', 'Back Case, Tough Case', 'Phone', 'Apple iphone 6S Plus', 'Aero-Tech', 'Blue', '', '', '', '', '', '', '1', '', '', 'Aero', 'Matte', '', 'No Warranty', '', '', '', '', '', '', '', '', '', 'Aero 6S Plus', '', '', '', '', 0),
(28, 'Switcheasy Aero Back Case For Apple iphone 6S Plus - Baby Pink', '', 'Designed with Aero-tech which only weights 17g.\nTPU-treated ultra thick edges for extra protection.\nDrop proof up to 1.5m.\n"Native Touch', '', 1, 1650, '1320', '', NULL, NULL, NULL, '', NULL, '', 1, 1, 'AP-22-143-41', 'Baby Pink', '4897017141484', '', 'Back Case, Tough Case', 'Phone', 'Apple iphone 6S Plus', 'Aero-Tech', 'Pink', '', '', '', '', '', '', '1', '', '', 'Aero', 'Matte', '', 'No Warranty', '', '', '', '', '', '', '', '', '', 'Aero 6S Plus', '', '', '', '', 0),
(29, 'Switcheasy Aero Back Case For Apple iphone 6S Plus - Ultra Clear', '', 'Designed with Aero-tech which only weights 17g.\nTPU-treated ultra thick edges for extra protection.\nDrop proof up to 1.5m.\n"Native Touch', '', 1, 1650, '1320', '', NULL, NULL, NULL, '', NULL, '', 1, 1, 'AP-22-143-20', 'Ultra Clear', '4897017142009', '', 'Back Case, Tough Case', 'Phone', 'Apple iphone 6S Plus', 'Aero-Tech', 'Transparent', '', '', '', '', '', '', '1', '', '', 'Aero', 'Matte', '', 'No Warranty', '', '', '', '', '', '', '', '', '', 'Aero 6S Plus', '', '', '', '', 0),
(30, 'Switcheasy Aero Back Case For Apple iphone 6S Plus - Sesame', '', 'Designed with Aero-tech which only weights 17g.\nTPU-treated ultra thick edges for extra protection.\nDrop proof up to 1.5m.\n"Native Touch', '', 1, 1650, '1320', '', NULL, NULL, NULL, '', NULL, '', 1, 1, 'AP-22-143-58', 'Sesame', '4897017141491', '', 'Back Case, Tough Case', 'Phone', 'Apple iphone 6S Plus', 'Aero-Tech', 'Black/White', '', '', '', '', '', '', '1', '', '', 'Aero', 'Matte', '', 'No Warranty', '', '', '', '', '', '', '', '', '', 'Aero 6S Plus', '', '', '', '', 0),
(31, 'Switcheasy Play Back Case For Apple iphone 6S - Ultra Black', '', 'Designed with Aero-tech which only weights 17g.\nMeasures only 0.4mm with 3H anti-scratch PET back shell.\nTPU-treated ultra thick edges for extra protection.\nDrop proof up to 1.5m.\n"Native Touch', '', 1, 1650, '1320', '', NULL, NULL, NULL, '', NULL, '', 1, 1, 'AP-21-115-19', 'Ultra Black', '4897017141507', '', 'Back Case, Tough Case', 'Phone', 'Apple iphone 6S', 'Aero-Tech', 'Black', '', '', '', '', '', '', '1', '', '', 'Play', 'Matte', '', 'No Warranty', '', '', '', '', '', '', '', '', '', 'Play 6S', '', '', '', '', 0),
(32, 'Switcheasy Play Back Case For Apple iphone 6S - Ultra Clear', '', 'Designed with Aero-tech which only weights 17g.\nMeasures only 0.4mm with 3H anti-scratch PET back shell.\nTPU-treated ultra thick edges for extra protection.\nDrop proof up to 1.5m.\n"Native Touch', '', 1, 1650, '1320', '', '', '0000-00-00', '0000-00-00', '', NULL, '', 1, 1, 'AP-21-115-20', 'Ultra Clear', '4897017141514', '', 'Back Case, Tough Case', 'Phone', 'Apple iphone 6S', 'Aero-Tech', 'Transparent', '', '', '', '', '', '', '1', '', '', 'Play', 'Matte', '', 'No Warranty', '', '', '', '', '', '', '', '', '', 'Play 6S', '', '', '', '', 0),
(33, 'Switcheasy Play Back Case For Apple iphone 6S Plus - Ultra Black', '', 'Designed with Aero-tech which only weights 22g.\nMeasures only 0.4mm with 3H anti-scratch PET back shell.\nTPU-treated ultra thick edges for extra protection.\nDrop proof up to 1.5m.\n"Native Touch', '', 1, 1850, '1480', '', NULL, NULL, NULL, '', NULL, '', 1, 1, 'AP-22-115-19', 'Ultra Black', '4897017141521', '', 'Back Case, Tough Case', 'Phone', 'Apple iphone 6S Plus', 'Aero-Tech', 'Black', '', '', '', '', '', '', '1', '', '', 'Play', 'Matte', '', 'No Warranty', '', '', '', '', '', '', '', '', '', 'Play 6S Plus', '', '', '', '', 0),
(34, 'Switcheasy Play Back Case For Apple iphone 6S Plus - Ultra Clear', '', 'Designed with Aero-tech which only weights 22g.\nMeasures only 0.4mm with 3H anti-scratch PET back shell.\nTPU-treated ultra thick edges for extra protection.\nDrop proof up to 1.5m.\n"Native Touch', '', 1, 1850, '1480', '', NULL, NULL, NULL, '', NULL, '', 1, 1, 'AP-22-115-20', 'Ultra Clear', '4897017141538', '', 'Back Case, Tough Case', 'Phone', 'Apple iphone 6S Plus', 'Aero-Tech', 'Transparent', '', '', '', '', '', '', '1', '', '', 'Play', 'Matte', '', 'No Warranty', '', '', '', '', '', '', '', '', '', 'Play 6S Plus', '', '', '', '', 0),
(35, 'Switcheasy Nude Back Case For Apple iphone 6S - Ultra Black', '', 'Crystal clear and transparent.\nAnti-scratch UV gloss coating and durable soft-touch rubber coating.\nLightweight and ultra slim 0.8mm.\nBrand new 360', '', 1, 1300, '1040', '', NULL, NULL, NULL, '', NULL, '', 1, 1, 'AP-21-111-19', 'Ultra Black', '4897017141200', '', 'Back Case, Hard Case', 'Phone', 'Apple iphone 6S', 'Formulated Polycarbonate', 'Black', '', '', '', '', '', '', '1', '', '', 'Nude', '', '', 'No Warranty', '', '', '', '', '', '', '', '', '', 'Nude 6S', '', '', '', '', 0),
(36, 'Switcheasy Nude Back Case For Apple iphone 6S - Transparent', '', 'Crystal clear and transparent.\nAnti-scratch UV gloss coating and durable soft-touch rubber coating.\nLightweight and ultra slim 0.8mm.\nBrand new 360', '', 1, 1300, '1040', '', NULL, NULL, NULL, '', NULL, '', 1, 1, 'AP-21-111-20', 'Transparent', '4897017141217', '', 'Back Case, Hard Case', 'Phone', 'Apple iphone 6S', 'Formulated Polycarbonate', 'Transparent', '', '', '', '', '', '', '1', '', '', 'Nude', '', '', 'No Warranty', '', '', '', '', '', '', '', '', '', 'Nude 6S', '', '', '', '', 0),
(37, 'Switcheasy Nude Back Case For Apple iphone 6S - Mint', '', 'Crystal clear and transparent.\nAnti-scratch UV gloss coating and durable soft-touch rubber coating.\nLightweight and ultra slim 0.8mm.\nBrand new 360', '', 1, 1300, '1040', '', NULL, NULL, NULL, '', NULL, '', 1, 1, 'AP-21-111-57', 'Mint', '4897017141224', '', 'Back Case, Hard Case', 'Phone', 'Apple iphone 6S', 'Formulated Polycarbonate', 'Green', '', '', '', '', '', '', '1', '', '', 'Nude', '', '', 'No Warranty', '', '', '', '', '', '', '', '', '', 'Nude 6S', '', '', '', '', 0),
(38, 'Switcheasy Nude Back Case For Apple iphone 6S - Red', '', 'Crystal clear and transparent.\nAnti-scratch UV gloss coating and durable soft-touch rubber coating.\nLightweight and ultra slim 0.8mm.\nBrand new 360', '', 1, 1300, '1040', '', NULL, NULL, NULL, '', NULL, '', 1, 1, 'AP-21-111-15', 'Red', '4897017141248', '', 'Back Case, Hard Case', 'Phone', 'Apple iphone 6S', 'Formulated Polycarbonate', 'Red', '', '', '', '', '', '', '1', '', '', 'Nude', '', '', 'No Warranty', '', '', '', '', '', '', '', '', '', 'Nude 6S', '', '', '', '', 0),
(39, 'Switcheasy Nude Back Case For Apple iphone 6S - Baby Pink', '', 'Crystal clear and transparent.\nAnti-scratch UV gloss coating and durable soft-touch rubber coating.\nLightweight and ultra slim 0.8mm.\nBrand new 360', '', 1, 1300, '1040', '', NULL, NULL, NULL, '', NULL, '', 1, 1, 'AP-21-111-41', 'Baby Pink', '4897017141231', '', 'Back Case, Hard Case', 'Phone', 'Apple iphone 6S', 'Formulated Polycarbonate', 'Pink', '', '', '', '', '', '', '1', '', '', 'Nude', '', '', 'No Warranty', '', '', '', '', '', '', '', '', '', 'Nude 6S', '', '', '', '', 0),
(40, 'Switcheasy Nude Back Case For Apple iphone 6S Plus - Ultra Black', '', 'Crystal clear and transparent.\nAnti-scratch UV gloss coating and durable soft-touch rubber coating.\nLightweight and ultra slim 0.8mm.\nBrand new 360', '', 1, 1400, '1120', '', NULL, NULL, NULL, '', NULL, '', 1, 1, 'AP-22-111-19', 'Ultra Black', '4897017141255', '', 'Back Case, Hard Case', 'Phone', 'Apple iphone 6S Plus', 'Formulated Polycarbonate', 'Black', '', '', '', '', '', '', '1', '', '', 'Nude', '', '', 'No Warranty', '', '', '', '', '', '', '', '', '', 'Nude 6S Plus', '', '', '', '', 0),
(41, 'Switcheasy Nude Back Case For Apple iphone 6S Plus - Transparent', '', 'Crystal clear and transparent.\nAnti-scratch UV gloss coating and durable soft-touch rubber coating.\nLightweight and ultra slim 0.8mm.\nBrand new 360', '', 1, 1400, '1120', '', NULL, NULL, NULL, '', NULL, '', 1, 1, 'AP-22-111-20', 'Transparent', '4897017141262', '', 'Back Case, Hard Case', 'Phone', 'Apple iphone 6S Plus', 'Formulated Polycarbonate', 'Transparent', '', '', '', '', '', '', '1', '', '', 'Nude', '', '', 'No Warranty', '', '', '', '', '', '', '', '', '', 'Nude 6S Plus', '', '', '', '', 0),
(42, 'Switcheasy Nude Back Case For Apple iphone 6S Plus - Mint', '', 'Crystal clear and transparent.\nAnti-scratch UV gloss coating and durable soft-touch rubber coating.\nLightweight and ultra slim 0.8mm.\nBrand new 360', '', 1, 1400, '1120', '', NULL, NULL, NULL, '', NULL, '', 1, 1, 'AP-22-111-57', 'Mint', '', '', 'Back Case, Hard Case', 'Phone', 'Apple iphone 6S Plus', 'Formulated Polycarbonate', 'Green', '', '', '', '', '', '', '1', '', '', 'Nude', '', '', 'No Warranty', '', '', '', '', '', '', '', '', '', 'Nude 6S Plus', '', '', '', '', 0),
(43, 'Switcheasy Nude Back Case For Apple iphone 6S Plus - Red', '', 'Crystal clear and transparent.\nAnti-scratch UV gloss coating and durable soft-touch rubber coating.\nLightweight and ultra slim 0.8mm.\nBrand new 360', '', 1, 1400, '1120', '', NULL, NULL, NULL, '', NULL, '', 1, 1, 'AP-22-111-15', 'Red', '', '', 'Back Case, Hard Case', 'Phone', 'Apple iphone 6S Plus', 'Formulated Polycarbonate', 'Red', '', '', '', '', '', '', '1', '', '', 'Nude', '', '', 'No Warranty', '', '', '', '', '', '', '', '', '', 'Nude 6S Plus', '', '', '', '', 0),
(44, 'Switcheasy Nude Back Case For Apple iphone 6S Plus - Baby Pink', '', 'Crystal clear and transparent.\nAnti-scratch UV gloss coating and durable soft-touch rubber coating.\nLightweight and ultra slim 0.8mm.\nBrand new 360', '', 1, 1400, '1120', '', NULL, NULL, NULL, '', NULL, '', 1, 1, 'AP-22-111-41', 'Baby Pink', '', '', 'Back Case, Hard Case', 'Phone', 'Apple iphone 6S Plus', 'Formulated Polycarbonate', 'Pink', '', '', '', '', '', '', '1', '', '', 'Nude', '', '', 'No Warranty', '', '', '', '', '', '', '', '', '', 'Nude 6S Plus', '', '', '', '', 0),
(45, 'Switcheasy N+ Back Case For Apple iphone 6S - Methyl Blue', '', 'TPU-treated ultra thick edges for extra shock absorption.\nPET anti-scratch back shell.\nLaser cut and IMD (In-Mould Decoration) precise cut.\n"Native Touch', '', 1, 1300, '1040', '', NULL, NULL, NULL, '', NULL, '', 1, 1, 'AP-21-145-13', 'Methyl Blue', '4897017141569', '', 'Back Case, Tough Case', 'Phone', 'Apple iphone 6S', 'TPU/PTE ', 'Blue', '', '', '', '', '', '', '1', '', '', 'N+', '', '', 'No Warranty', '', '', '', '', '', '', '', '', '', 'N+ 6S', '', '', '', '', 0),
(46, 'Switcheasy N+ Back Case For Apple iphone 6S - Baby Pink', '', 'TPU-treated ultra thick edges for extra shock absorption.\nPET anti-scratch back shell.\nLaser cut and IMD (In-Mould Decoration) precise cut.\n"Native Touch', '', 1, 1300, '1040', '', NULL, NULL, NULL, '', NULL, '', 1, 1, 'AP-21-145-41', 'Baby Pink', '4897017141576', '', 'Back Case, Tough Case', 'Phone', 'Apple iphone 6S', 'TPU/PTE ', 'Pink', '', '', '', '', '', '', '1', '', '', 'N+', '', '', 'No Warranty', '', '', '', '', '', '', '', '', '', 'N+ 6S', '', '', '', '', 0),
(47, 'Switcheasy N+ Back Case For Apple iphone 6S - Obsidian', '', 'TPU-treated ultra thick edges for extra shock absorption.\nPET anti-scratch back shell.\nLaser cut and IMD (In-Mould Decoration) precise cut.\n"Native Touch', '', 1, 1300, '1040', '', NULL, NULL, NULL, '', NULL, '', 1, 1, 'AP-21-145-11', 'Obsidian', '4897017141545', '', 'Back Case, Tough Case', 'Phone', 'Apple iphone 6S', 'TPU/PTE ', 'Black', '', '', '', '', '', '', '1', '', '', 'N+', '', '', 'No Warranty', '', '', '', '', '', '', '', '', '', 'N+ 6S', '', '', '', '', 0),
(48, 'Switcheasy N+ Back Case For Apple iphone 6S - Ceramic White', '', 'TPU-treated ultra thick edges for extra shock absorption.\nPET anti-scratch back shell.\nLaser cut and IMD (In-Mould Decoration) precise cut.\n"Native Touch', '', 1, 1300, '1040', '', NULL, NULL, NULL, '', NULL, '', 1, 1, 'AP-21-145-12', 'Ceramic White', '4897017141552', '', 'Back Case, Tough Case', 'Phone', 'Apple iphone 6S', 'TPU/PTE ', 'White', '', '', '', '', '', '', '1', '', '', 'N+', '', '', 'No Warranty', '', '', '', '', '', '', '', '', '', 'N+ 6S', '', '', '', '', 0),
(49, 'Switcheasy N+ Back Case For Apple iphone 6S Plus - Methyl Blue', '', 'TPU-treated ultra thick edges for extra shock absorption.\nPET anti-scratch back shell.\nLaser cut and IMD (In-Mould Decoration) precise cut.\n"Native Touch', '', 1, 1650, '1320', '', NULL, NULL, NULL, '', NULL, '', 1, 1, 'AP-22-145-13', 'Methyl Blue', '4897017141620', '', 'Back Case, Tough Case', 'Phone', 'Apple iphone 6S Plus', 'TPU/PTE ', 'Blue', '', '', '', '', '', '', '1', '', '', 'N+', '', '', 'No Warranty', '', '', '', '', '', '', '', '', '', 'N+ 6S Plus', '', '', '', '', 0),
(50, 'Switcheasy N+ Back Case For Apple iphone 6S Plus - Baby Pink', '', 'TPU-treated ultra thick edges for extra shock absorption.\nPET anti-scratch back shell.\nLaser cut and IMD (In-Mould Decoration) precise cut.\n"Native Touch', '', 1, 1650, '1320', '', NULL, NULL, NULL, '', NULL, '', 1, 1, 'AP-22-145-41', 'Baby Pink', '4897017141637', '', 'Back Case, Tough Case', 'Phone', 'Apple iphone 6S Plus', 'TPU/PTE ', 'Pink', '', '', '', '', '', '', '1', '', '', 'N+', '', '', 'No Warranty', '', '', '', '', '', '', '', '', '', 'N+ 6S Plus', '', '', '', '', 0),
(51, 'Switcheasy N+ Back Case For Apple iphone 6S Plus - Obsidian', '', 'TPU-treated ultra thick edges for extra shock absorption.\nPET anti-scratch back shell.\nLaser cut and IMD (In-Mould Decoration) precise cut.\n"Native Touch', '', 1, 1650, '1320', '', NULL, NULL, NULL, '', NULL, '', 1, 1, 'AP-22-145-11', 'Obsidian', '4897017141606', '', 'Back Case, Tough Case', 'Phone', 'Apple iphone 6S Plus', 'TPU/PTE ', 'Black', '', '', '', '', '', '', '1', '', '', 'N+', '', '', 'No Warranty', '', '', '', '', '', '', '', '', '', 'N+ 6S Plus', '', '', '', '', 0),
(52, 'Switcheasy N+ Back Case For Apple iphone 6S Plus - Ceramic White', '', 'TPU-treated ultra thick edges for extra shock absorption.\nPET anti-scratch back shell.\nLaser cut and IMD (In-Mould Decoration) precise cut.\n"Native Touch', '', 1, 1650, '1320', '', NULL, NULL, NULL, '', NULL, '', 1, 1, 'AP-22-145-12', 'Ceramic White', '4897017141613', '', 'Back Case, Tough Case', 'Phone', 'Apple iphone 6S Plus', 'TPU/PTE ', 'White', '', '', '', '', '', '', '1', '', '', 'N+', '', '', 'No Warranty', '', '', '', '', '', '', '', '', '', 'N+ 6S Plus', '', '', '', '', 0),
(53, 'Otterbox Defender Back Case For Apple iPhone 6S - Black', '', 'Features:\nMulti-layer case protects your investment from potential damage\nBuilt-in touchscreen protector defends against scratches and scrapes\nPort plugs allow for easy access while keeping out dust and debris\nProtective membrane cradles Touch ID, allowing for full functionality\nSnap-click plastic shell ensures hassle-free on-off installation\nHolster clips onto straps and belts, plus it locks in place for hands-free viewing\n\n\nMaterial:\nTwo-piece internal polycarbonate shell snaps around the iPhone 6 while internal foam padding provides cushioning\nIntegrated screen protector guards against scratches and smudges without affecting touchscreen sensitivity\nOuter synthetic rubber slip cover wraps around the inner shell and absorbs impact from drops and bumps\nIncluded holster swivels in any direction, clips easily to belts and bags ', '', 1, 4500, '3600', '', NULL, NULL, NULL, '', NULL, '', 1, 1, '50206', 'Black', '660543352679', '', 'Back Case, Tough Case', 'Phone', 'Apple iPhone 6S', '', 'Black', '', '', '', '', '', '', '1', '', 'pj_zzwRIEQw', 'Defender', '', '', 'No Warranty', '', '', '', '', '', '', '', '', '', 'Defender 6', '', '', '', '', 0),
(54, 'Otterbox Defender Back Case For Apple iPhone 6S - GLACIER', '', 'Features:\nMulti-layer case protects your investment from potential damage\nBuilt-in touchscreen protector defends against scratches and scrapes\nPort plugs allow for easy access while keeping out dust and debris\nProtective membrane cradles Touch ID, allowing for full functionality\nSnap-click plastic shell ensures hassle-free on-off installation\nHolster clips onto straps and belts, plus it locks in place for hands-free viewing\n\n\nMaterial:\nTwo-piece internal polycarbonate shell snaps around the iPhone 6 while internal foam padding provides cushioning\nIntegrated screen protector guards against scratches and smudges without affecting touchscreen sensitivity\nOuter synthetic rubber slip cover wraps around the inner shell and absorbs impact from drops and bumps\nIncluded holster swivels in any direction, clips easily to belts and bags ', '', 1, 4500, '3600', '', NULL, NULL, NULL, '', NULL, '', 1, 1, '50207', 'GLACIER', '660543352686', '', 'Back Case, Tough Case', 'Phone', 'Apple iPhone 6S', '', 'Grey', '', '', '', '', '', '', '1', '', 'pj_zzwRIEQw', 'Defender', '', '', 'No Warranty', '', '', '', '', '', '', '', '', '', 'Defender 6', '', '', '', '', 0),
(55, 'Otterbox Commuter Back Case For Apple iPhone 6S - Black', '', 'Features:\nBuilt tough with an inner cushion and a hard outer shell to withstand drops, bumps and shock\nFull access to home button and Touch ID\nUnique styling and textures complement the device for an elegant and refined finish\nUpdated design replicates and preserves every curve of iPhone 6\nAdvanced materials enhance fit and increase durability\n\n\nMaterial:\nDurable internal slipcover cushions iPhone 6 from impacts\nSleek polycarbonate shell provides impact resistance\nSelf-adhesive screen protector guards against smudges and scrapes\n\n\nEnvironmental Protection:\nThe Commuter Series and Commuter Series Wallet case for iPhone 6 provide added protection against drops, bumps and shock but are NOT protective against water.', '', 1, 3000, '2400', '', NULL, NULL, NULL, '', NULL, '', 1, 1, '50217', 'Black', '660543352785', '', 'Back Case, Tough Case', 'Phone', 'Apple iPhone 6S', '', 'Black', '', '', '', '', '', '', '1', '', 'pj_zzwRIEQw', 'Commuter', '', '', 'No Warranty', '', '', '', '', '', '', '', '', '', 'Commuter 6', '', '', '', '', 0),
(56, 'Otterbox Commuter Back Case For Apple iPhone 6S - GLACIER', '', 'Features:\nBuilt tough with an inner cushion and a hard outer shell to withstand drops, bumps and shock\nFull access to home button and Touch ID\nUnique styling and textures complement the device for an elegant and refined finish\nUpdated design replicates and preserves every curve of iPhone 6\nAdvanced materials enhance fit and increase durability\n\n\nMaterial:\nDurable internal slipcover cushions iPhone 6 from impacts\nSleek polycarbonate shell provides impact resistance\nSelf-adhesive screen protector guards against smudges and scrapes\n\n\nEnvironmental Protection:\nThe Commuter Series and Commuter Series Wallet case for iPhone 6 provide added protection against drops, bumps and shock but are NOT protective against water.', '', 1, 3000, '2400', '', NULL, NULL, NULL, '', NULL, '', 1, 1, '50218', 'GLACIER', '660543352792', '', 'Back Case, Tough Case', 'Phone', 'Apple iPhone 6S', '', 'Grey', '', '', '', '', '', '', '1', '', 'pj_zzwRIEQw', 'Commuter', '', '', 'No Warranty', '', '', '', '', '', '', '', '', '', 'Commuter 6', '', '', '', '', 0),
(57, 'Otterbox Commuter Back Case For Apple iPhone 6S - NEON ROSE', '', 'Features:\nBuilt tough with an inner cushion and a hard outer shell to withstand drops, bumps and shock\nFull access to home button and Touch ID\nUnique styling and textures complement the device for an elegant and refined finish\nUpdated design replicates and preserves every curve of iPhone 6\nAdvanced materials enhance fit and increase durability\n\n\nMaterial:\nDurable internal slipcover cushions iPhone 6 from impacts\nSleek polycarbonate shell provides impact resistance\nSelf-adhesive screen protector guards against smudges and scrapes\n\n\nEnvironmental Protection:\nThe Commuter Series and Commuter Series Wallet case for iPhone 6 provide added protection against drops, bumps and shock but are NOT protective against water.', '', 1, 3000, '2400', '', NULL, NULL, NULL, '', NULL, '', 1, 1, '50219', 'NEON ROSE', '660543352808', '', 'Back Case, Tough Case', 'Phone', 'Apple iPhone 6S', '', 'Pink', '', '', '', '', '', '', '1', '', 'pj_zzwRIEQw', 'Commuter', '', '', 'No Warranty', '', '', '', '', '', '', '', '', '', 'Commuter 6', '', '', '', '', 0),
(58, 'Otterbox Commuter Back Case For Apple iPhone 6S - INK BLUE', '', 'Features:\nBuilt tough with an inner cushion and a hard outer shell to withstand drops, bumps and shock\nFull access to home button and Touch ID\nUnique styling and textures complement the device for an elegant and refined finish\nUpdated design replicates and preserves every curve of iPhone 6\nAdvanced materials enhance fit and increase durability\n\n\nMaterial:\nDurable internal slipcover cushions iPhone 6 from impacts\nSleek polycarbonate shell provides impact resistance\nSelf-adhesive screen protector guards against smudges and scrapes\n\n\nEnvironmental Protection:\nThe Commuter Series and Commuter Series Wallet case for iPhone 6 provide added protection against drops, bumps and shock but are NOT protective against water.', '', 1, 3000, '2400', '', NULL, NULL, NULL, '', NULL, '', 1, 1, '50220', 'INK BLUE', '660543352815', '', 'Back Case, Tough Case', 'Phone', 'Apple iPhone 6S', '', 'Blue', '', '', '', '', '', '', '1', '', 'pj_zzwRIEQw', 'Commuter', '', '', 'No Warranty', '', '', '', '', '', '', '', '', '', 'Commuter 6', '', '', '', '', 0),
(59, 'Otterbox Commuter Wallet Back Case For Apple iPhone 6S - BLACK', '', 'Features:\nBuilt tough with an inner cushion and a hard outer shell to withstand drops, bumps and shock\nFull access to home button and Touch ID\nUnique styling and textures complement the device for an elegant and refined finish\nUpdated design replicates and preserves every curve of iPhone 6\nAdvanced materials enhance fit and increase durability\n\n\nMaterial:\nDurable internal slipcover cushions iPhone 6 from impacts\nSleek polycarbonate shell provides impact resistance\nSelf-adhesive screen protector guards against smudges and scrapes\nDurable polycarbonate wallet shell wraps around the iPhone 6 to provide added protection and stores your cash and cards\n\n\nEnvironmental Protection:\nThe Commuter Series and Commuter Series Wallet case for iPhone 6 provide added protection against drops, bumps and shock but are NOT protective against water.', '', 1, 3000, '2400', '', NULL, NULL, NULL, '', NULL, '', 1, 1, '50222', 'BLACK', '660543352839', '', 'Back Case, Tough Case', 'Phone', 'Apple iPhone 6S', '', 'Black', '', '', '', '', '', '', '1', '', 'pj_zzwRIEQw', 'Commuter Wallet', '', '', 'No Warranty', '', '', '', '', '', '', '', '', '', 'Commuter Wallet', '', '', '', '', 0),
(60, 'Otterbox Commuter Wallet Back Case For Apple iPhone 6S - GLACIER', '', 'Features:\nBuilt tough with an inner cushion and a hard outer shell to withstand drops, bumps and shock\nFull access to home button and Touch ID\nUnique styling and textures complement the device for an elegant and refined finish\nUpdated design replicates and preserves every curve of iPhone 6\nAdvanced materials enhance fit and increase durability\n\n\nMaterial:\nDurable internal slipcover cushions iPhone 6 from impacts\nSleek polycarbonate shell provides impact resistance\nSelf-adhesive screen protector guards against smudges and scrapes\nDurable polycarbonate wallet shell wraps around the iPhone 6 to provide added protection and stores your cash and cards\n\n\nEnvironmental Protection:\nThe Commuter Series and Commuter Series Wallet case for iPhone 6 provide added protection against drops, bumps and shock but are NOT protective against water.', '', 1, 3000, '2400', '', NULL, NULL, NULL, '', NULL, '', 1, 1, '50223', 'GLACIER', '660543352846', '', 'Back Case, Tough Case', 'Phone', 'Apple iPhone 6S', '', 'Grey', '', '', '', '', '', '', '1', '', 'pj_zzwRIEQw', 'Commuter Wallet', '', '', 'No Warranty', '', '', '', '', '', '', '', '', '', 'Commuter Wallet', '', '', '', '', 0),
(61, 'Otterbox Symmetry Back Case For Apple iPhone 6S - Black', '', 'Features:\nSleek, stylish, pocket-friendly case\nDual-material design absorbs shock and withstands drops\nOne-piece construction for simple, one-step installation\nRaised beveled edge helps protect the screen\nWraparound graphics add seamless style\nAdvanced materials for enhanced fit and increased durability\n\n\nMaterial:\nDual-material, one-piece design composed of a synthetic rubber interior and external polycarbonate shell\nSynthetic rubber interior with honeycomb coring helps absorb shock\nHard polycarbonate exterior helps prevent scratches\nSynthetic rubber raised beveled edge helps keep your touchscreen safe\n\n\nEnvironmental Protection:\nThe Symmetry Series case for iPhone 6 provides added protection against drops, bumps and shock but is NOT protective against water.', '', 1, 4000, '3200', '', NULL, NULL, NULL, '', NULL, '', 1, 1, '50225', 'Black', '660543352860', '', 'Back Case, Tough Case', 'Phone', 'Apple iPhone 6S', '', 'Black', '', '', '', '', '', '', '1', '', 'pj_zzwRIEQw', 'Symmetry', '', '', 'No Warranty', '', '', '', '', '', '', '', '', '', 'Symmetry 6', '', '', '', '', 0),
(62, 'Otterbox Symmetry Back Case For Apple iPhone 6S - GLACIER', '', 'Features:\nSleek, stylish, pocket-friendly case\nDual-material design absorbs shock and withstands drops\nOne-piece construction for simple, one-step installation\nRaised beveled edge helps protect the screen\nWraparound graphics add seamless style\nAdvanced materials for enhanced fit and increased durability\n\n\nMaterial:\nDual-material, one-piece design composed of a synthetic rubber interior and external polycarbonate shell\nSynthetic rubber interior with honeycomb coring helps absorb shock\nHard polycarbonate exterior helps prevent scratches\nSynthetic rubber raised beveled edge helps keep your touchscreen safe\n\n\nEnvironmental Protection:\nThe Symmetry Series case for iPhone 6 provides added protection against drops, bumps and shock but is NOT protective against water.', '', 1, 4000, '3200', '', NULL, NULL, NULL, '', NULL, '', 1, 1, '50226', 'GLACIER', '660543352877', '', 'Back Case, Tough Case', 'Phone', 'Apple iPhone 6S', '', 'Grey', '', '', '', '', '', '', '1', '', 'pj_zzwRIEQw', 'Symmetry', '', '', 'No Warranty', '', '', '', '', '', '', '', '', '', 'Symmetry 6', '', '', '', '', 0),
(63, 'Otterbox Symmetry Back Case For Apple iPhone 6S - AQUA DOT', '', 'Features:\nSleek, stylish, pocket-friendly case\nDual-material design absorbs shock and withstands drops\nOne-piece construction for simple, one-step installation\nRaised beveled edge helps protect the screen\nWraparound graphics add seamless style\nAdvanced materials for enhanced fit and increased durability\n\n\nMaterial:\nDual-material, one-piece design composed of a synthetic rubber interior and external polycarbonate shell\nSynthetic rubber interior with honeycomb coring helps absorb shock\nHard polycarbonate exterior helps prevent scratches\nSynthetic rubber raised beveled edge helps keep your touchscreen safe\n\n\nEnvironmental Protection:\nThe Symmetry Series case for iPhone 6 provides added protection against drops, bumps and shock but is NOT protective against water.', '', 1, 4000, '3200', '', NULL, NULL, NULL, '', NULL, '', 1, 1, '50232', 'AQUA DOT', '660543353836', '', 'Back Case, Tough Case', 'Phone', 'Apple iPhone 6S', '', 'Green', '', '', '', '', '', '', '1', '', 'pj_zzwRIEQw', 'Symmetry', '', '', 'No Warranty', '', '', '', '', '', '', '', '', '', 'Symmetry 6', '', '', '', '', 0),
(64, 'Otterbox Symmetry Back Case For Apple iPhone 6S - FLORAL POND', '', 'Features:\nSleek, stylish, pocket-friendly case\nDual-material design absorbs shock and withstands drops\nOne-piece construction for simple, one-step installation\nRaised beveled edge helps protect the screen\nWraparound graphics add seamless style\nAdvanced materials for enhanced fit and increased durability\n\n\nMaterial:\nDual-material, one-piece design composed of a synthetic rubber interior and external polycarbonate shell\nSynthetic rubber interior with honeycomb coring helps absorb shock\nHard polycarbonate exterior helps prevent scratches\nSynthetic rubber raised beveled edge helps keep your touchscreen safe\n\n\nEnvironmental Protection:\nThe Symmetry Series case for iPhone 6 provides added protection against drops, bumps and shock but is NOT protective against water.', '', 1, 4000, '3200', '', NULL, NULL, NULL, '', NULL, '', 1, 1, '50233', 'FLORAL POND', '660543353843', '', 'Back Case, Tough Case', 'Phone', 'Apple iPhone 6S', '', 'Blue', '', '', '', '', '', '', '1', '', 'pj_zzwRIEQw', 'Symmetry', '', '', 'No Warranty', '', '', '', '', '', '', '', '', '', 'Symmetry 6', '', '', '', '', 0),
(65, 'Otterbox Symmetry Back Case For Apple iPhone 6S - POPPY PETAL', '', 'Features:\nSleek, stylish, pocket-friendly case\nDual-material design absorbs shock and withstands drops\nOne-piece construction for simple, one-step installation\nRaised beveled edge helps protect the screen\nWraparound graphics add seamless style\nAdvanced materials for enhanced fit and increased durability\n\n\nMaterial:\nDual-material, one-piece design composed of a synthetic rubber interior and external polycarbonate shell\nSynthetic rubber interior with honeycomb coring helps absorb shock\nHard polycarbonate exterior helps prevent scratches\nSynthetic rubber raised beveled edge helps keep your touchscreen safe\n\n\nEnvironmental Protection:\nThe Symmetry Series case for iPhone 6 provides added protection against drops, bumps and shock but is NOT protective against water.', '', 1, 4000, '3200', '', NULL, NULL, NULL, '', NULL, '', 1, 1, '50234', 'POPPY PETAL', '660543353850', '', 'Back Case, Tough Case', 'Phone', 'Apple iPhone 6S', '', 'Pink', '', '', '', '', '', '', '1', '', 'pj_zzwRIEQw', 'Symmetry', '', '', 'No Warranty', '', '', '', '', '', '', '', '', '', 'Symmetry 6', '', '', '', '', 0),
(66, 'Otterbox Symmetry Back Case For Apple iPhone 6S - EDEN TEAL', '', 'Features:\nSleek, stylish, pocket-friendly case\nDual-material design absorbs shock and withstands drops\nOne-piece construction for simple, one-step installation\nRaised beveled edge helps protect the screen\nWraparound graphics add seamless style\nAdvanced materials for enhanced fit and increased durability\n\n\nMaterial:\nDual-material, one-piece design composed of a synthetic rubber interior and external polycarbonate shell\nSynthetic rubber interior with honeycomb coring helps absorb shock\nHard polycarbonate exterior helps prevent scratches\nSynthetic rubber raised beveled edge helps keep your touchscreen safe\n\n\nEnvironmental Protection:\nThe Symmetry Series case for iPhone 6 provides added protection against drops, bumps and shock but is NOT protective against water.', '', 1, 4000, '3200', '', NULL, NULL, NULL, '', NULL, '', 1, 1, '50235', 'EDEN TEAL', '660543353867', '', 'Back Case, Tough Case', 'Phone', 'Apple iPhone 6S', '', 'Green', '', '', '', '', '', '', '1', '', 'pj_zzwRIEQw', 'Symmetry', '', '', 'No Warranty', '', '', '', '', '', '', '', '', '', 'Symmetry 6', '', '', '', '', 0),
(67, 'Otterbox Defender Back Case For Apple iphone 6S Plus - Black', '', 'Features:\nMulti-layer case protects your investment from potential damage\nBuilt-in touchscreen protector defends against scratches and scrapes\nPort plugs allow for easy access while keeping out dust and debris\nProtective membrane cradles Touch ID, allowing for full functionality\nSnap-click plastic shell ensures hassle-free on-off installation\nHolster clips onto straps and belts, plus it locks in place for hands-free viewing\n\n\nMaterial:\nTwo-piece internal polycarbonate shell snaps around the iPhone 6 while internal foam padding provides cushioning\nIntegrated screen protector guards against scratches and smudges without affecting touchscreen sensitivity\nOuter synthetic rubber slip cover wraps around the inner shell and absorbs impact from drops and bumps\nIncluded holster swivels in any direction, clips easily to belts and bags ', '', 1, 6000, '4800', '', NULL, NULL, NULL, '', NULL, '', 1, 1, '50310', 'Black', '660543353614', '', 'Back Case, Tough Case', 'Phone', 'Apple iphone 6S Plus', '', 'Black', '', '', '', '', '', '', '1', '', 'pj_zzwRIEQw', 'Defender', '', '', 'No Warranty', '', '', '', '', '', '', '', '', '', 'Defender 6 Plus', '', '', '', '', 0),
(68, 'Otterbox Defender Back Case For Apple iphone 6S Plus - GLACIER', '', 'Features:\nMulti-layer case protects your investment from potential damage\nBuilt-in touchscreen protector defends against scratches and scrapes\nPort plugs allow for easy access while keeping out dust and debris\nProtective membrane cradles Touch ID, allowing for full functionality\nSnap-click plastic shell ensures hassle-free on-off installation\nHolster clips onto straps and belts, plus it locks in place for hands-free viewing\n\n\nMaterial:\nTwo-piece internal polycarbonate shell snaps around the iPhone 6 while internal foam padding provides cushioning\nIntegrated screen protector guards against scratches and smudges without affecting touchscreen sensitivity\nOuter synthetic rubber slip cover wraps around the inner shell and absorbs impact from drops and bumps\nIncluded holster swivels in any direction, clips easily to belts and bags ', '', 1, 6000, '4800', '', NULL, NULL, NULL, '', NULL, '', 1, 1, '50311', 'GLACIER', '660543353621', '', 'Back Case, Tough Case', 'Phone', 'Apple iphone 6S Plus', '', 'Grey', '', '', '', '', '', '', '1', '', 'pj_zzwRIEQw', 'Defender', '', '', 'No Warranty', '', '', '', '', '', '', '', '', '', 'Defender 6 Plus', '', '', '', '', 0);
INSERT INTO `product` (`id`, `name`, `sku`, `description`, `url`, `visibility`, `price`, `wholesaleprice`, `firstsaleprice`, `secondsaleprice`, `specialpriceto`, `specialpricefrom`, `metatitle`, `metadesc`, `metakeyword`, `quantity`, `status`, `modelnumber`, `brandcolor`, `eanorupc`, `eanorupcmeasuringunits`, `type`, `compatibledevice`, `compatiblewith`, `material`, `color`, `design`, `width`, `height`, `depth`, `portsize`, `packof`, `salespackage`, `keyfeatures`, `videourl`, `modelname`, `finish`, `weight`, `domesticwarranty`, `domesticwarrantymeasuringunits`, `internationalwarranty`, `internationalwarrantymeasuringunits`, `warrantysummary`, `warrantyservicetype`, `coveredinwarranty`, `notcoveredinwarranty`, `size`, `typename`, `colormatch`, `dimension`, `capacity`, `microphone`, `length`, `voltage`) VALUES
(69, 'Otterbox Defender Back Case For Apple iphone 6S Plus - INK BLUE', '', 'Features:\nMulti-layer case protects your investment from potential damage\nBuilt-in touchscreen protector defends against scratches and scrapes\nPort plugs allow for easy access while keeping out dust and debris\nProtective membrane cradles Touch ID, allowing for full functionality\nSnap-click plastic shell ensures hassle-free on-off installation\nHolster clips onto straps and belts, plus it locks in place for hands-free viewing\n\n\nMaterial:\nTwo-piece internal polycarbonate shell snaps around the iPhone 6 while internal foam padding provides cushioning\nIntegrated screen protector guards against scratches and smudges without affecting touchscreen sensitivity\nOuter synthetic rubber slip cover wraps around the inner shell and absorbs impact from drops and bumps\nIncluded holster swivels in any direction, clips easily to belts and bags ', '', 1, 6000, '4800', '', NULL, NULL, NULL, '', NULL, '', 1, 1, '50314', 'INK BLUE', '660543353652', '', 'Back Case, Tough Case', 'Phone', 'Apple iphone 6S Plus', '', 'Blue', '', '', '', '', '', '', '1', '', 'pj_zzwRIEQw', 'Defender', '', '', 'No Warranty', '', '', '', '', '', '', '', '', '', 'Defender 6 Plus', '', '', '', '', 0),
(70, 'Otterbox Commuter Back Case For Apple iphone 6S Plus - Black', '', 'Features:\nBuilt tough with an inner cushion and a hard outer shell to withstand drops, bumps and shock\nFull access to home button and Touch ID\nUnique styling and textures complement the device for an elegant and refined finish\nUpdated design replicates and preserves every curve of iPhone 6\nAdvanced materials enhance fit and increase durability\n\n\nMaterial:\nDurable internal slipcover cushions iPhone 6 from impacts\nSleek polycarbonate shell provides impact resistance\nSelf-adhesive screen protector guards against smudges and scrapes\n\n\nEnvironmental Protection:\nThe Commuter Series and Commuter Series Wallet case for iPhone 6 Plus provide added protection against drops, bumps and shock but are NOT protective against water.', '', 1, 3500, '2800', '', NULL, NULL, NULL, '', NULL, '', 1, 1, '50317', 'Black', '660543353683', '', 'Back Case, Tough Case', 'Phone', 'Apple iphone 6S Plus', '', 'Black', '', '', '', '', '', '', '1', '', 'pj_zzwRIEQw', 'Commuter', '', '', 'No Warranty', '', '', '', '', '', '', '', '', '', 'Commuter 6 Plus', '', '', '', '', 0),
(71, 'Otterbox Commuter Back Case For Apple iphone 6S Plus - GLACIER', '', 'Features:\nBuilt tough with an inner cushion and a hard outer shell to withstand drops, bumps and shock\nFull access to home button and Touch ID\nUnique styling and textures complement the device for an elegant and refined finish\nUpdated design replicates and preserves every curve of iPhone 6\nAdvanced materials enhance fit and increase durability\n\n\nMaterial:\nDurable internal slipcover cushions iPhone 6 from impacts\nSleek polycarbonate shell provides impact resistance\nSelf-adhesive screen protector guards against smudges and scrapes\n\n\nEnvironmental Protection:\nThe Commuter Series and Commuter Series Wallet case for iPhone 6 Plus provide added protection against drops, bumps and shock but are NOT protective against water.', '', 1, 3500, '2800', '', NULL, NULL, NULL, '', NULL, '', 1, 1, '50318', 'GLACIER', '660543353690', '', 'Back Case, Tough Case', 'Phone', 'Apple iphone 6S Plus', '', 'Grey', '', '', '', '', '', '', '1', '', 'pj_zzwRIEQw', 'Commuter', '', '', 'No Warranty', '', '', '', '', '', '', '', '', '', 'Commuter 6 Plus', '', '', '', '', 0),
(72, 'Otterbox Commuter Back Case For Apple iphone 6S Plus - NEON ROSE', '', 'Features:\nBuilt tough with an inner cushion and a hard outer shell to withstand drops, bumps and shock\nFull access to home button and Touch ID\nUnique styling and textures complement the device for an elegant and refined finish\nUpdated design replicates and preserves every curve of iPhone 6\nAdvanced materials enhance fit and increase durability\n\n\nMaterial:\nDurable internal slipcover cushions iPhone 6 from impacts\nSleek polycarbonate shell provides impact resistance\nSelf-adhesive screen protector guards against smudges and scrapes\n\n\nEnvironmental Protection:\nThe Commuter Series and Commuter Series Wallet case for iPhone 6 Plus provide added protection against drops, bumps and shock but are NOT protective against water.', '', 1, 3500, '2800', '', NULL, NULL, NULL, '', NULL, '', 1, 1, '50319', 'NEON ROSE', '660543353706', '', 'Back Case, Tough Case', 'Phone', 'Apple iphone 6S Plus', '', 'Pink', '', '', '', '', '', '', '1', '', 'pj_zzwRIEQw', 'Commuter', '', '', 'No Warranty', '', '', '', '', '', '', '', '', '', 'Commuter 6 Plus', '', '', '', '', 0),
(73, 'Otterbox Commuter Back Case For Apple iphone 6S Plus - INK BLUE', '', 'Features:\nBuilt tough with an inner cushion and a hard outer shell to withstand drops, bumps and shock\nFull access to home button and Touch ID\nUnique styling and textures complement the device for an elegant and refined finish\nUpdated design replicates and preserves every curve of iPhone 6\nAdvanced materials enhance fit and increase durability\n\n\nMaterial:\nDurable internal slipcover cushions iPhone 6 from impacts\nSleek polycarbonate shell provides impact resistance\nSelf-adhesive screen protector guards against smudges and scrapes\n\n\nEnvironmental Protection:\nThe Commuter Series and Commuter Series Wallet case for iPhone 6 Plus provide added protection against drops, bumps and shock but are NOT protective against water.', '', 1, 3500, '2800', '', NULL, NULL, NULL, '', NULL, '', 1, 1, '50320', 'INK BLUE', '660543353713', '', 'Back Case, Tough Case', 'Phone', 'Apple iphone 6S Plus', '', 'Blue', '', '', '', '', '', '', '1', '', 'pj_zzwRIEQw', 'Commuter', '', '', 'No Warranty', '', '', '', '', '', '', '', '', '', 'Commuter 6 Plus', '', '', '', '', 0),
(74, 'Otterbox Commuter Back Case For Apple iphone 6S Plus - AQUA SKY', '', 'Features:\nBuilt tough with an inner cushion and a hard outer shell to withstand drops, bumps and shock\nFull access to home button and Touch ID\nUnique styling and textures complement the device for an elegant and refined finish\nUpdated design replicates and preserves every curve of iPhone 6\nAdvanced materials enhance fit and increase durability\n\n\nMaterial:\nDurable internal slipcover cushions iPhone 6 from impacts\nSleek polycarbonate shell provides impact resistance\nSelf-adhesive screen protector guards against smudges and scrapes\n\n\nEnvironmental Protection:\nThe Commuter Series and Commuter Series Wallet case for iPhone 6 Plus provide added protection against drops, bumps and shock but are NOT protective against water.', '', 1, 3500, '2800', '', NULL, NULL, NULL, '', NULL, '', 1, 1, '50321', 'AQUA SKY', '660543353720', '', 'Back Case, Tough Case', 'Phone', 'Apple iphone 6S Plus', '', 'Green', '', '', '', '', '', '', '1', '', 'pj_zzwRIEQw', 'Commuter', '', '', 'No Warranty', '', '', '', '', '', '', '', '', '', 'Commuter 6 Plus', '', '', '', '', 0),
(75, 'Otterbox Symmetry Back Case For Apple iphone 6S Plus - Black', '', 'Features:\nSleek, stylish, pocket-friendly case\nDual-material design absorbs shock and withstands drops\nOne-piece construction for simple, one-step installation\nRaised beveled edge helps protect the screen\nWraparound graphics add seamless style\nAdvanced materials for enhanced fit and increased durability\n\n\nMaterial:\nDual-material, one-piece design composed of a synthetic rubber interior and external polycarbonate shell\nSynthetic rubber interior with honeycomb coring helps absorb shock\nHard polycarbonate exterior helps prevent scratches\nSynthetic rubber raised beveled edge helps keep your touchscreen safe\n\n\nEnvironmental Protection:\nThe Symmetry Series case for iPhone 6 Plus provides added protection against drops, bumps and shock but is NOT protective against water.', '', 1, 4500, '3600', '', NULL, NULL, NULL, '', NULL, '', 1, 1, '50322', 'Black', '660543353737', '', 'Back Case, Tough Case', 'Phone', 'Apple iphone 6S Plus', '', 'Black', '', '', '', '', '', '', '1', '', 'pj_zzwRIEQw', 'Symmetry', '', '', 'No Warranty', '', '', '', '', '', '', '', '', '', 'Symmetry 6 Plus', '', '', '', '', 0),
(76, 'Otterbox Symmetry Back Case For Apple iphone 6S Plus - GLACIER', '', 'Features:\nSleek, stylish, pocket-friendly case\nDual-material design absorbs shock and withstands drops\nOne-piece construction for simple, one-step installation\nRaised beveled edge helps protect the screen\nWraparound graphics add seamless style\nAdvanced materials for enhanced fit and increased durability\n\n\nMaterial:\nDual-material, one-piece design composed of a synthetic rubber interior and external polycarbonate shell\nSynthetic rubber interior with honeycomb coring helps absorb shock\nHard polycarbonate exterior helps prevent scratches\nSynthetic rubber raised beveled edge helps keep your touchscreen safe\n\n\nEnvironmental Protection:\nThe Symmetry Series case for iPhone 6 Plus provides added protection against drops, bumps and shock but is NOT protective against water.', '', 1, 4500, '3600', '', NULL, NULL, NULL, '', NULL, '', 1, 1, '50323', 'GLACIER', '660543353744', '', 'Back Case, Tough Case', 'Phone', 'Apple iphone 6S Plus', '', 'Grey', '', '', '', '', '', '', '1', '', 'pj_zzwRIEQw', 'Symmetry', '', '', 'No Warranty', '', '', '', '', '', '', '', '', '', 'Symmetry 6 Plus', '', '', '', '', 0),
(77, 'Otterbox Symmetry Back Case For Apple iphone 6S Plus - BLUE PRINT', '', 'Features:\nSleek, stylish, pocket-friendly case\nDual-material design absorbs shock and withstands drops\nOne-piece construction for simple, one-step installation\nRaised beveled edge helps protect the screen\nWraparound graphics add seamless style\nAdvanced materials for enhanced fit and increased durability\n\n\nMaterial:\nDual-material, one-piece design composed of a synthetic rubber interior and external polycarbonate shell\nSynthetic rubber interior with honeycomb coring helps absorb shock\nHard polycarbonate exterior helps prevent scratches\nSynthetic rubber raised beveled edge helps keep your touchscreen safe\n\n\nEnvironmental Protection:\nThe Symmetry Series case for iPhone 6 Plus provides added protection against drops, bumps and shock but is NOT protective against water.', '', 1, 4500, '3600', '', NULL, NULL, NULL, '', NULL, '', 1, 1, '50325', 'BLUE PRINT', '660543353768', '', 'Back Case, Tough Case', 'Phone', 'Apple iphone 6S Plus', '', 'Blue', '', '', '', '', '', '', '1', '', 'pj_zzwRIEQw', 'Symmetry', '', '', 'No Warranty', '', '', '', '', '', '', '', '', '', 'Symmetry 6 Plus', '', '', '', '', 0),
(78, 'Otterbox Symmetry Back Case For Apple iphone 6S Plus - AQUA DOT', '', 'Features:\nSleek, stylish, pocket-friendly case\nDual-material design absorbs shock and withstands drops\nOne-piece construction for simple, one-step installation\nRaised beveled edge helps protect the screen\nWraparound graphics add seamless style\nAdvanced materials for enhanced fit and increased durability\n\n\nMaterial:\nDual-material, one-piece design composed of a synthetic rubber interior and external polycarbonate shell\nSynthetic rubber interior with honeycomb coring helps absorb shock\nHard polycarbonate exterior helps prevent scratches\nSynthetic rubber raised beveled edge helps keep your touchscreen safe\n\n\nEnvironmental Protection:\nThe Symmetry Series case for iPhone 6 Plus provides added protection against drops, bumps and shock but is NOT protective against water.', '', 1, 4500, '3600', '', NULL, NULL, NULL, '', NULL, '', 1, 1, '50326', 'AQUA DOT', '660543353775', '', 'Back Case, Tough Case', 'Phone', 'Apple iphone 6S Plus', '', 'Green', '', '', '', '', '', '', '1', '', 'pj_zzwRIEQw', 'Symmetry', '', '', 'No Warranty', '', '', '', '', '', '', '', '', '', 'Symmetry 6 Plus', '', '', '', '', 0),
(79, 'Otterbox Symmetry Back Case For Apple iphone 6S Plus - FLORAL POND', '', 'Features:\nSleek, stylish, pocket-friendly case\nDual-material design absorbs shock and withstands drops\nOne-piece construction for simple, one-step installation\nRaised beveled edge helps protect the screen\nWraparound graphics add seamless style\nAdvanced materials for enhanced fit and increased durability\n\n\nMaterial:\nDual-material, one-piece design composed of a synthetic rubber interior and external polycarbonate shell\nSynthetic rubber interior with honeycomb coring helps absorb shock\nHard polycarbonate exterior helps prevent scratches\nSynthetic rubber raised beveled edge helps keep your touchscreen safe\n\n\nEnvironmental Protection:\nThe Symmetry Series case for iPhone 6 Plus provides added protection against drops, bumps and shock but is NOT protective against water.', '', 1, 4500, '3600', '', NULL, NULL, NULL, '', NULL, '', 1, 1, '50327', 'FLORAL POND', '660543353782', '', 'Back Case, Tough Case', 'Phone', 'Apple iphone 6S Plus', '', 'Blue', '', '', '', '', '', '', '1', '', 'pj_zzwRIEQw', 'Symmetry', '', '', 'No Warranty', '', '', '', '', '', '', '', '', '', 'Symmetry 6 Plus', '', '', '', '', 0),
(80, 'Guess Studded Flip Case For Apple iPhone 6 Plus - Black', '', 'Guess Studded iphone 6 Plus Book-type Leather case', '', 0, 3500, '2800', '', NULL, NULL, NULL, '', NULL, '', 1, 1, 'GUFLBKP6LSAB', 'Black', '3700740342244', '', 'Flip Case', 'Phone', 'Apple iPhone 6 Plus', 'PU Leather', 'Black', '', '', '', '', '', '', '1', '', '', 'Studded', '', '', 'No Warranty', '', '', '', '', '', '', '', '', '', 'GUFLBKP6LSA', '', '', '', '', 0),
(81, 'Guess Studded Flip Case For Apple iPhone 6 Plus - Beige', '', 'Guess Studded iphone 6 Plus Book-type Leather case', '', 0, 3500, '2800', '', NULL, NULL, NULL, '', NULL, '', 1, 1, 'GUFLBKP6LSAC', 'Beige', '3700740342251', '', 'Flip Case', 'Phone', 'Apple iPhone 6 Plus', 'PU Leather', 'Beige', '', '', '', '', '', '', '1', '', '', 'Studded', '', '', 'No Warranty', '', '', '', '', '', '', '', '', '', 'GUFLBKP6LSA', '', '', '', '', 0),
(82, 'Guess Studded Back Case For Apple iPhone 6 - Black', '', '', '', 0, 2500, '2000', '', NULL, NULL, NULL, '', NULL, '', 1, 1, 'GUHCP6SAB', 'Black', '3700740342619', '', 'Back Case, Hard Case', 'Phone', 'Apple iPhone 6', 'Polycarbonate', 'Black', '', '', '', '', '', '', '1', '', '', 'Studded', '', '', 'No Warranty', '', '', '', '', '', '', '', '', '', 'GUHCP6SA', '', '', '', '', 0),
(83, 'Guess Studded Back Case For Apple iPhone 6 - Beige', '', '', '', 0, 2500, '2000', '', NULL, NULL, NULL, '', NULL, '', 1, 1, 'GUHCP6SAC', 'Beige', '3700740342626', '', 'Back Case, Hard Case', 'Phone', 'Apple iPhone 6', 'Polycarbonate', 'Beige', '', '', '', '', '', '', '1', '', '', 'Studded', '', '', 'No Warranty', '', '', '', '', '', '', '', '', '', 'GUHCP6SA', '', '', '', '', 0),
(84, 'Guess Studded Back Case For Apple iPhone 6 - Grey', '', '', '', 0, 2500, '2000', '', NULL, NULL, NULL, '', NULL, '', 1, 1, 'GUHCP6SAS', 'Grey', '3700740342633', '', 'Back Case, Hard Case', 'Phone', 'Apple iPhone 6', 'Polycarbonate', 'Grey', '', '', '', '', '', '', '1', '', '', 'Studded', '', '', 'No Warranty', '', '', '', '', '', '', '', '', '', 'GUHCP6SA', '', '', '', '', 0),
(85, 'Guess Studded Back Case For Apple iPhone 6 Plus - Black', '', '', '', 0, 3000, '2400', '', NULL, NULL, NULL, '', NULL, '', 1, 1, 'GUHCP6LSAB', 'Black', '3700740342589', '', 'Back Case, Hard Case', 'Phone', 'Apple iPhone 6 Plus', 'Polycarbonate', 'Black', '', '', '', '', '', '', '1', '', '', 'Studded', '', '', 'No Warranty', '', '', '', '', '', '', '', '', '', 'GUHCP6LSA', '', '', '', '', 0),
(86, 'Guess Studded Back Case For Apple iPhone 6 Plus - Beige', '', '', '', 0, 3000, '2400', '', NULL, NULL, NULL, '', NULL, '', 1, 1, 'GUHCP6LSAC', 'Beige', '3700740342596', '', 'Back Case, Hard Case', 'Phone', 'Apple iPhone 6 Plus', 'Polycarbonate', 'Beige', '', '', '', '', '', '', '1', '', '', 'Studded', '', '', 'No Warranty', '', '', '', '', '', '', '', '', '', 'GUHCP6LSA', '', '', '', '', 0),
(87, 'Guess Studded Back Case For Apple iPhone 6 Plus - Grey', '', '', '', 0, 3000, '2400', '', NULL, NULL, NULL, '', NULL, '', 1, 1, 'GUHCP6LSAS', 'Grey', '3700740342602', '', 'Back Case, Hard Case', 'Phone', 'Apple iPhone 6 Plus', 'Polycarbonate', 'Grey', '', '', '', '', '', '', '1', '', '', 'Studded', '', '', 'No Warranty', '', '', '', '', '', '', '', '', '', 'GUHCP6LSA', '', '', '', '', 0),
(88, 'Guess Studded Flip Case For Apple iPhone 6 - Black', '', '', '', 0, 3000, '2400', '', NULL, NULL, NULL, '', NULL, '', 1, 1, 'GUFLBKP6STB', 'Black', '3700740341872', '', 'Flip Cover', 'Phone', 'Apple iPhone 6', 'PU Leather', 'Black', '', '', '', '', '', '', '1', '', '', 'Studded', '', '', 'No Warranty', '', '', '', '', '', '', '', '', '', 'GUFLBKP6ST', '', '', '', '', 0),
(89, 'Guess Studded Flip Case For Apple iPhone 6 - Beige', '', '', '', 0, 3000, '2400', '', NULL, NULL, NULL, '', NULL, '', 1, 1, 'GUFLBKP6SAC', 'Beige', '3700740341810', '', 'Flip Cover', 'Phone', 'Apple iPhone 6', 'PU Leather', 'Beige', '', '', '', '', '', '', '1', '', '', 'Studded', '', '', 'No Warranty', '', '', '', '', '', '', '', '', '', 'GUFLBKP6SA', '', '', '', '', 0),
(90, 'Guess Studded Flip Case For Apple iPhone 6 - White', '', '', '', 0, 3000, '2400', '', NULL, NULL, NULL, '', NULL, '', 1, 1, 'GUFLBKP6STW', 'White', '3700740341889', '', 'Flip Cover', 'Phone', 'Apple iPhone 6', 'PU Leather', 'White', '', '', '', '', '', '', '1', '', '', 'Studded', '', '', 'No Warranty', '', '', '', '', '', '', '', '', '', 'GUFLBKP6ST', '', '', '', '', 0),
(91, 'Bling My Thing Vogue Back Case For Apple iPhone 6 Plus - Gold', '', 'The Cascade Collection takes Bling My Thing back to its root: pure luxury BLING! The Brilliant series offers beautiful gradation designs brought by our Chief Designer, Ayano Kimura. The way she mixes 3 crystal colors is truly magical. 567 pieces of SS9 Xilion Rose crystals (2.6mm) are embedded individually to create the maximum light refraction while allowing colors to change subtly from top to bottom. Ayano chose various combinations of colors for the Brillian series but this Brillian Gold design takes the the concept of gold to the next level by incorporating two of the special coated crystals,  Crystal Golden Shadow and Crystal Moonlight, she managed to create subtle, mysterious shimmering effect on the crystal surface. The result is pure elegance. The background case color also changes in color from top to bottom, matching the crystal colors.\n', '', 0, 14900, '11920', '', NULL, NULL, NULL, '', NULL, '', 1, 1, 'IP6-I-VG-GIG-IGM', 'Gold', '', '', 'Back Case, Hard Case', 'Phone', 'Apple iPhone 6 Plus', '', 'Gold', '', '', '', '', '', '', '1', '', '', 'Vogue', '', '', 'No Warranty', '', '', '', '', '', '', '', '', '', 'Vogue 6 Plus', '', '', '', '', 0),
(92, 'Bling My Thing Vogue Back Case For Apple iPhone 6 Plus - Black', '', 'The Cascade Collection takes Bling My Thing back to its root: pure luxury BLING! The Brilliant series offers beautiful gradation designs brought by our Chief Designer, Ayano Kimura. The way she mixes 3 crystal colors is truly magical. 567 pieces of SS9 Xilion Rose crystals (2.6mm) are embedded individually to create the maximum light refraction while allowing colors to change subtly from top to bottom. Ayano chose various combinations of colors for the Brillian series but this Brillian Onyx case is the classic example of elegance. The background case color also changes in color from top to bottom, matching the crystal colors.\n', '', 0, 14900, '11920', '', NULL, NULL, NULL, '', NULL, '', 1, 1, 'IP6-I-VG-BKG-JCC', 'Black', '', '', 'Back Case, Hard Case', 'Phone', 'Apple iPhone 6 Plus', '', 'Black', '', '', '', '', '', '', '1', '', '', 'Vogue', '', '', 'No Warranty', '', '', '', '', '', '', '', '', '', 'Vogue 6 Plus', '', '', '', '', 0),
(93, 'Bling My Thing Milkyway Back Case For Apple iPhone 6 Plus - Cotton Candy', '', 'Milky Way designs have been Bling My Thing', '', 0, 4000, '3200', '', NULL, NULL, NULL, '', NULL, '', 1, 1, 'IP6-I-MW-CL-CCD', 'Cotton Candy', '', '', 'Back Case, Hard Case', 'Phone', 'Apple iPhone 6 Plus', '', 'Transparent', '', '', '', '', '', '', '1', '', '', 'Milkyway', '', '', 'No Warranty', '', '', '', '', '', '', '', '', '', 'Milkyway 6 Plus', '', '', '', '', 0),
(94, 'Bling My Thing Motoki Back Case For Apple iPhone 6 - Transparent', '', 'Full description\nFor those who want a clear, hard case for iPhone 6, you should look for the following characteristics:\n- does it have a sufficient thickness to protect your phone?\n- Is is ultra-clear?\n- is it with anti-scratch coating?\n- can you access all ports easily?\n- is it made of high-grade polycarbonate which makes the case extra durable?\nMOTOKI Clear case has it all!', '', 0, 2000, '1600', '', NULL, NULL, NULL, '', NULL, '', 1, 1, 'ip6-mtk-cl-non', 'Transparent', '', '', 'Back Case, Hard Case', 'Phone', 'Apple iPhone 6', '', 'Transparent', '', '', '', '', '', '', '1', '', '', 'Motoki', '', '', 'No Warranty', '', '', '', '', '', '', '', '', '', 'Motoki 6', '', '', '', '', 0),
(95, 'Bling My Thing Motoki Back Case For Apple iPhone 6 - Tinted Grey', '', 'For those who want a clear, hard case for iPhone 6, you should look for the following characteristics:\n- does it have a sufficient thickness to protect your phone?\n- Is is ultra-clear?\n- is it with anti-scratch coating?\n- can you access all ports easily?\n- is it made of high-grade polycarbonate which makes the case extra durable?\nMOTOKI Black Tinted case has it all! Put in on Space Grey iPhone, it will make it look much darker.', '', 0, 2000, '1600', '', NULL, NULL, NULL, '', NULL, '', 1, 1, 'ip6-mtk-gy-non', 'Tinted Grey', '', '', 'Back Case, Hard Case', 'Phone', 'Apple iPhone 6', '', 'Grey', '', '', '', '', '', '', '1', '', '', 'Motoki', '', '', 'No Warranty', '', '', '', '', '', '', '', '', '', 'Motoki 6', '', '', '', '', 0),
(96, 'Bling My Thing Motoki Back Case For Apple iPhone 6 - Tinted Pink', '', 'For those who want a clear, hard case for iPhone 6, you should look for the following characteristics:\n- does it have a sufficient thickness to protect your phone?\n- Is is ultra-clear?\n- is it with anti-scratch coating?\n- can you access all ports easily?\n- is it made of high-grade polycarbonate which makes the case extra durable?\nMOTOKI Pink case has it all! Be the first one to carry a pink iPhone 6!', '', 0, 2000, '1600', '', NULL, NULL, NULL, '', NULL, '', 1, 1, 'ip6-mtk-pk-non', 'Tinted Pink', '', '', 'Back Case, Hard Case', 'Phone', 'Apple iPhone 6', '', 'Pink', '', '', '', '', '', '', '1', '', '', 'Motoki', '', '', 'No Warranty', '', '', '', '', '', '', '', '', '', 'Motoki 6', '', '', '', '', 0),
(97, 'Bling My Thing Mosaic Back Case For Apple iPhone 6 - Transparent', '', 'Full description\nMosaic has a unique translucent finish with tiny cubic patterns etched across the surface, which creates stunning shimmering effect.  You can still see the color of the iPhone and more importantly, the Apple logo remains visible.\nUnlike the standard clear hard case, the case will always remain scratch and smudge free. It has a super sleek appearance but it has the most optimal thickness to protect your device. Made of high grade polycarbonate, the case is very durable and protects the phone well.', '', 0, 2000, '1600', '', NULL, NULL, NULL, '', NULL, '', 1, 1, 'ip6-ms-cl-non', 'Transparent', '', '', 'Back Case, Hard Case', 'Phone', 'Apple iPhone 6', '', 'Transparent', '', '', '', '', '', '', '1', '', '', 'Mosaic', '', '', 'No Warranty', '', '', '', '', '', '', '', '', '', 'Mosaic 6', '', '', '', '', 0),
(98, 'Bling My Thing Mosaic Back Case For Apple iPhone 6 - Cappuccino', '', 'Full description\nMosaic has a unique translucent finish with tiny cubic patterns etched across the surface, which creates stunning shimmering effect.  You can still see the color of the iPhone and more importantly, the Apple logo remains visible.\nUnlike the standard clear hard case, the case will always remain scratch and smudge free. It has a super sleek appearance but it has the most optimal thickness to protect your device. Made of high grade polycarbonate, the case is very durable and protects the phone well.', '', 0, 2000, '1600', '', NULL, NULL, NULL, '', NULL, '', 1, 1, 'ip6-ms-gy-non', 'Cappuccino', '', '', 'Back Case, Hard Case', 'Phone', 'Apple iPhone 6', '', 'Grey', '', '', '', '', '', '', '1', '', '', 'Mosaic', '', '', 'No Warranty', '', '', '', '', '', '', '', '', '', 'Mosaic 6', '', '', '', '', 0),
(99, 'Bling My Thing Mosaic Back Case For Apple iPhone 6 - Pink', '', 'Full description\nMosaic has a unique translucent finish with tiny cubic patterns etched across the surface, which creates stunning shimmering effect.  You can still see the color of the iPhone and more importantly, the Apple logo remains visible.\nUnlike the standard clear hard case, the case will always remain scratch and smudge free. It has a super sleek appearance but it has the most optimal thickness to protect your device. Made of high grade polycarbonate, the case is very durable and protects the phone well.', '', 0, 2000, '1600', '', NULL, NULL, NULL, '', NULL, '', 1, 1, 'ip6-ms-pk-non', 'Pink', '', '', 'Back Case, Hard Case', 'Phone', 'Apple iPhone 6', '', 'Pink', '', '', '', '', '', '', '1', '', '', 'Mosaic', '', '', 'No Warranty', '', '', '', '', '', '', '', '', '', 'Mosaic 6', '', '', '', '', 0),
(100, 'Bling My Thing Expression Back Case For Apple iPhone 6 - Transparent', '', 'The newest injection technology allows a fusion of soft TUP bumper (shock-absorption) and a sheet of ultra-clear polycarbonate with anti-scratch property.  The bumper thickness is perfectly optimised to make it the sleekest case with soft bumper in the market.                                \n', '', 0, 2000, '1600', '', NULL, NULL, NULL, '', NULL, '', 1, 1, 'ip6-ex-cl-ice', 'Transparent', '', '', 'Back Case, Soft Case', 'Phone', 'Apple iPhone 6', '', 'Transparent', '', '', '', '', '', '', '1', '', '', 'Expression', '', '', 'No Warranty', '', '', '', '', '', '', '', '', '', 'Expression 6', '', '', '', '', 0),
(101, 'Bling My Thing Glam Back Case For Apple iPhone 6 - Gold/Black', '', 'Full description\nDazzle series uses 1,496 tiny diamond-like pointback chaton crystals to create ultimate sparkly effects for your iPhone 6 case. Each crystal is cut to optimize the way light reflects onto it: imagine how your case would look if it has almost 1,500 pieces of bling crystals on it! A perfect case for a glamorous night out!\n', '', 0, 3500, '2800', '', NULL, NULL, NULL, '', NULL, '', 1, 1, 'ip6-gm-bk-gld', 'Gold/Black', '', '', 'Back Case, Hard Case', 'Phone', 'Apple iPhone 6', '', 'Gold', '', '', '', '', '', '', '1', '', '', 'Glam', '', '', 'No Warranty', '', '', '', '', '', '', '', '', '', 'Glam 6', '', '', '', '', 0),
(102, 'Bling My Thing Glam Back Case For Apple iPhone 6 - Crystal/Black', '', 'Full description\nDazzle series uses 1,496 tiny diamond-like pointback chaton crystals to create ultimate sparkly effects for your iPhone 6 case. Each crystal is cut to optimize the way light reflects onto it: imagine how your case would look if it has almost 1,500 pieces of bling crystals on it! A perfect case for a glamorous night out!\n', '', 0, 3500, '2800', '', NULL, NULL, NULL, '', NULL, '', 1, 1, 'ip6-gm-bk-cry', 'Crystal/Black', '', '', 'Back Case, Hard Case', 'Phone', 'Apple iPhone 6', '', 'Silver', '', '', '', '', '', '', '1', '', '', 'Glam', '', '', 'No Warranty', '', '', '', '', '', '', '', '', '', 'Glam 6', '', '', '', '', 0),
(103, 'Bling My Thing Wish Back Case For Apple iPhone 6 - Crystal', '', 'Despite its plain appearance, Wish Crystal case for iPhone 6 is encrusted with tiniest crystals from Swarovski to form a waterfall-like pattern - as if they are falling from the sky. Tiny twinkling stars at the edge of each string of crystals add a playful accent. Ultra-clear, durable polycarbonate casing protects your iPhone while adding glamour. Fits any iPhone body colors.                \n', '', 0, 3500, '2800', '', NULL, NULL, NULL, '', NULL, '', 1, 1, 'ip6-ws-cl-cry', 'Crystal', '', '', 'Back Case, Hard Case', 'Phone', 'Apple iPhone 6', '', 'Transparent', '', '', '', '', '', '', '1', '', '', 'Wish', '', '', 'No Warranty', '', '', '', '', '', '', '', '', '', 'Wish 6', '', '', '', '', 0),
(104, 'Bling My Thing Wish Back Case For Apple iPhone 6 - Cotton Candy', '', 'Despite its plain appearance, Wish (Cotton Candy) case for iPhone 6 is encrusted with tiniest, pastel-colored crystals from Swarovski to form a waterfall-like pattern - as if they are falling from the sky. Tiny twinkling stars at the edge of each string of crystals add a playful accent. Ultra-clear, durable polycarbonate casing protects your iPhone while adding glamour. Fits any iPhone body colors.                \n', '', 0, 3500, '2800', '', NULL, NULL, NULL, '', NULL, '', 1, 1, 'ip6-ws-cl-ccd', 'Cotton Candy', '', '', 'Back Case, Hard Case', 'Phone', 'Apple iPhone 6', '', 'Transparent', '', '', '', '', '', '', '1', '', '', 'Wish', '', '', 'No Warranty', '', '', '', '', '', '', '', '', '', 'Wish 6', '', '', '', '', 0),
(105, 'Bling My Thing Papillon Back Case For Apple iPhone 6 - Crystal', '', 'Papillon Butterfly series is new to the Simple Is Beautiful Collection of Bling My Thing. A small butterfly crystal accentuates the playfulness of the design, where a beautiful crystal swirl subtly extends across the whole surface. With ', '', 0, 3500, '2800', '', NULL, NULL, NULL, '', NULL, '', 1, 1, 'ip6-pp-cl-cry', 'Crystal', '', '', 'Back Case, Hard Case', 'Phone', 'Apple iPhone 6', '', 'Transparent', '', '', '', '', '', '', '1', '', '', 'Papillon', '', '', 'No Warranty', '', '', '', '', '', '', '', '', '', 'Papillon 6', '', '', '', '', 0),
(106, 'Bling My Thing Papillon Back Case For Apple iPhone 6 - Cotton Candy', '', 'Papillon Butterfly series is new to the Simple Is Beautiful Collection of Bling My Thing. A small butterfly crystal accentuates the playfulness of the design, whilst a beautiful pastel-colored crystal swirl extends across the whole surface. The combination of 7 different colors of crystals is certainly eye-catching, and guaranteed to add extra H-A-P-P-I-N-E-S-S to your iPhone 6! Ultra-clear, durable polycarbonate casing protects your iPhone while adding glamour. Fits any iPhone body colors.                \n', '', 0, 3500, '2800', '', NULL, NULL, NULL, '', NULL, '', 1, 1, 'ip6-pp-cl-ccd', 'Cotton Candy', '', '', 'Back Case, Hard Case', 'Phone', 'Apple iPhone 6', '', 'Transparent', '', '', '', '', '', '', '1', '', '', 'Papillon', '', '', 'No Warranty', '', '', '', '', '', '', '', '', '', 'Papillon 6', '', '', '', '', 0),
(107, 'Bling My Thing Papillon Back Case For Apple iPhone 6 - Pink Mix', '', 'Papillon Butterfly series is new to the Simple Is Beautiful Collection of Bling My Thing. A small butterfly crystal accentuates the playfulness of the design, where a beautiful crystal swirl subtly extends across the whole surface. Pink Mixes uses Rose and Light Rose in the crystal swirl, and it makes it look more three dimensional. It is really cute! Ultra-clear, durable polycarbonate casing protects your iPhone while adding glamour. Fits any iPhone body colors.                \n', '', 0, 3500, '2800', '', NULL, NULL, NULL, '', NULL, '', 1, 1, 'ip6-pp-cl-pkm', 'Pink Mix', '', '', 'Back Case, Hard Case', 'Phone', 'Apple iPhone 6', '', 'Transparent', '', '', '', '', '', '', '1', '', '', 'Papillon', '', '', 'No Warranty', '', '', '', '', '', '', '', '', '', 'Papillon 6', '', '', '', '', 0),
(108, 'Bling My Thing Milkyway Back Case For Apple iPhone 6 - Crystal', '', 'Milky Way designs have been Bling My Thing', '', 0, 3500, '2800', '', NULL, NULL, NULL, '', NULL, '', 1, 1, 'ip6-mw-cl-cry', 'Crystal', '', '', 'Back Case, Hard Case', 'Phone', 'Apple iPhone 6', '', 'Transparent', '', '', '', '', '', '', '1', '', '', 'Milkyway', '', '', 'No Warranty', '', '', '', '', '', '', '', '', '', 'Milkyway 6', '', '', '', '', 0),
(109, 'Bling My Thing Milkyway Back Case For Apple iPhone 6 - Cotton Candy', '', 'Milky Way designs have been Bling My Thing', '', 0, 3500, '2800', '', NULL, NULL, NULL, '', NULL, '', 1, 1, 'ip6-mw-cl-ccd', 'Cotton Candy', '', '', 'Back Case, Hard Case', 'Phone', 'Apple iPhone 6', '', 'Transparent', '', '', '', '', '', '', '1', '', '', 'Milkyway', '', '', 'No Warranty', '', '', '', '', '', '', '', '', '', 'Milkyway 6', '', '', '', '', 0),
(110, 'Bling My Thing Milkyway Back Case For Apple iPhone 6 - Pink Mix', '', 'Milky Way designs have been Bling My Thing', '', 0, 3500, '2800', '', NULL, NULL, NULL, '', NULL, '', 1, 1, 'ip6-mw-cl-pkm', 'Pink Mix', '', '', 'Back Case, Hard Case', 'Phone', 'Apple iPhone 6', '', 'Transparent', '', '', '', '', '', '', '1', '', '', 'Milkyway', '', '', 'No Warranty', '', '', '', '', '', '', '', '', '', 'Milkyway 6', '', '', '', '', 0),
(111, 'Bling My Thing Milkyway Back Case For Apple iPhone 6 - Angel Mix', '', 'Milky Way designs have been Bling My Thing', '', 0, 3500, '2800', '', NULL, NULL, NULL, '', NULL, '', 1, 1, 'ip6-mw-cl-agm', 'Angel Mix', '', '', 'Back Case, Hard Case', 'Phone', 'Apple iPhone 6', '', 'Transparent', '', '', '', '', '', '', '1', '', '', 'Milkyway', '', '', 'No Warranty', '', '', '', '', '', '', '', '', '', 'Milkyway 6', '', '', '', '', 0),
(112, 'Bling My Thing Ayano Primo Flip Case For Apple iPhone 6 - Black', '', 'Primo Nero for iPhone 6 is a unique, functional case with amazing features. You cannot get a better deal than this product!\n', '', 0, 3500, '2800', '', NULL, NULL, NULL, '', NULL, '', 1, 1, 'ip6-pri-bk-non', 'Black', '', '', 'Flip Case', 'Phone', 'Apple iPhone 6', 'PU Leather', 'Black', '', '', '', '', '', '', '1', '', '', 'Ayano Primo', '', '', 'No Warranty', '', '', '', '', '', '', '', '', '', 'Ayano Primo 6', '', '', '', '', 0),
(113, 'Bling My Thing Ayano Primo Flip Case For Apple iPhone 6 - White', '', 'Primo Blanco for iPhone 6  is a unique, functional case with amazing features. You cannot get a better deal than this product!\n', '', 0, 3500, '2800', '', NULL, NULL, NULL, '', NULL, '', 1, 1, 'ip6-pri-wt-non', 'White', '', '', 'Flip Case', 'Phone', 'Apple iPhone 6', 'PU Leather', 'White', '', '', '', '', '', '', '1', '', '', 'Ayano Primo', '', '', 'No Warranty', '', '', '', '', '', '', '', '', '', 'Ayano Primo 6', '', '', '', '', 0),
(114, 'Bling My Thing Ayano Primo Flip Case For Apple iPhone 6 Plus - Black', '', 'Primo Nero for iPhone 6 Plus is a unique, functional case with amazing features. You cannot get a better deal than this product!\n', '', 0, 4000, '3200', '', NULL, NULL, NULL, '', NULL, '', 1, 1, 'ip6-l-pri-bk-non', 'Black', '', '', 'Flip Case', 'Phone', 'Apple iPhone 6 Plus', 'PU Leather', 'Black', '', '', '', '', '', '', '1', '', '', 'Ayano Primo', '', '', 'No Warranty', '', '', '', '', '', '', '', '', '', 'Ayano Primo 6 Plus', '', '', '', '', 0),
(115, 'Bling My Thing Ayano Primo Flip Case For Apple iPhone 6 Plus - White', '', 'Primo Blanco for iPhone 6 Plus is a unique, functional case with amazing features. You cannot get a better deal than this product!\n', '', 0, 4000, '3200', '', NULL, NULL, NULL, '', NULL, '', 1, 1, 'ip6-l-pri-wt-non', 'White', '', '', 'Flip Case', 'Phone', 'Apple iPhone 6 Plus', 'PU Leather', 'White', '', '', '', '', '', '', '1', '', '', 'Ayano Primo', '', '', 'No Warranty', '', '', '', '', '', '', '', '', '', 'Ayano Primo 6 Plus', '', '', '', '', 0),
(116, 'Bling My Thing Expression Back Case For Apple iPhone 6 Plus - Transparent', '', 'The newest injection technology allows a fusion of soft TUP bumper (shock-absorption) and a sheet of ultra-clear polycarbonate with anti-scratch property.  The bumper thickness is perfectly optimised to make it the sleekest case with soft bumper in the market.                                   \n', '', 0, 2250, '1800', '', NULL, NULL, NULL, '', NULL, '', 1, 1, 'ip6-l-ex-cl-ice', 'Transparent', '', '', 'Back Case, Soft Case', 'Phone', 'Apple iPhone 6 Plus', '', 'Transparent', '', '', '', '', '', '', '1', '', '', 'Expression', '', '', 'No Warranty', '', '', '', '', '', '', '', '', '', 'Expression 6 Plus', '', '', '', '', 0),
(117, 'Bling My Thing Mosaic Back Case For Apple iPhone 6 Plus - Transparent', '', 'Full description\nMosaic has a unique translucent finish with tiny cubic patterns etched across the surface, which creates stunning shimmering effect.  You can still see the color of the iPhone and more importantly, the Apple logo remains visible.\nUnlike the standard clear hard case, the case will always remain scratch and smudge free. It has a super sleek appearance but it has the most optimal thickness to protect your device. Made of high grade polycarbonate, the case is very durable and protects the phone well.', '', 0, 2250, '1800', '', NULL, NULL, NULL, '', NULL, '', 1, 1, 'ip6-l-ms-cl-non', 'Transparent', '', '', 'Back Case, Hard Case', 'Phone', 'Apple iPhone 6 Plus', '', 'Transparent', '', '', '', '', '', '', '1', '', '', 'Mosaic', '', '', 'No Warranty', '', '', '', '', '', '', '', '', '', 'Mosaic 6 Plus', '', '', '', '', 0),
(118, 'Bling My Thing Motoki Back Case For Apple iPhone 6 Plus - Transparent', '', 'For those who want a clear, hard case for iPhone 6 Plus, you should look for the following characteristics:\n- does it have a sufficient thickness to protect your phone?\n- Is is ultra-clear?\n- is it with anti-scratch coating?\n- can you access all ports easily?\n- is it made of high-grade polycarbonate which makes the case extra durable?\nMOTOKI Clear case has it all!', '', 0, 2250, '1800', '', NULL, NULL, NULL, '', NULL, '', 1, 1, 'ip6-l-mtk-cl-non', 'Transparent', '', '', 'Back Case, Hard Case', 'Phone', 'Apple iPhone 6 Plus', '', 'Transparent', '', '', '', '', '', '', '1', '', '', 'Motoki', '', '', 'No Warranty', '', '', '', '', '', '', '', '', '', 'Motoki 6 Plus', '', '', '', '', 0),
(119, 'Bling My Thing Motoki Back Case For Apple iPhone 6 Plus - Tinted Grey', '', 'For those who want a clear, hard case for iPhone 6 Plus, you should look for the following characteristics:\n- does it have a sufficient thickness to protect your phone?\n- Is is ultra-clear?\n- is it with anti-scratch coating?\n- can you access all ports easily?\n- is it made of high-grade polycarbonate which makes the case extra durable?\nMOTOKI Black Tinted case has it all! Put in on Space Grey iPhone, it will make it look much darker.', '', 0, 2250, '1800', '', NULL, NULL, NULL, '', NULL, '', 1, 1, 'ip6-l-mtk-gy-non', 'Tinted Grey', '', '', 'Back Case, Hard Case', 'Phone', 'Apple iPhone 6 Plus', '', 'Grey', '', '', '', '', '', '', '1', '', '', 'Motoki', '', '', 'No Warranty', '', '', '', '', '', '', '', '', '', 'Motoki 6 Plus', '', '', '', '', 0),
(120, 'Bling My Thing Motoki Back Case For Apple iPhone 6 Plus - Tinted Pink', '', 'For those who want a clear, hard case for iPhone 6 Plus, you should look for the following characteristics:\n- does it have a sufficient thickness to protect your phone?\n- Is is ultra-clear?\n- is it with anti-scratch coating?\n- can you access all ports easily?\n- is it made of high-grade polycarbonate which makes the case extra durable?\nMOTOKI Pink case has it all! Be the first one to carry a pink iPhone 6!', '', 0, 2250, '1800', '', NULL, NULL, NULL, '', NULL, '', 1, 1, 'ip6-l-mtk-pk-non', 'Tinted Pink', '', '', 'Back Case, Hard Case', 'Phone', 'Apple iPhone 6 Plus', '', 'Pink', '', '', '', '', '', '', '1', '', '', 'Motoki', '', '', 'No Warranty', '', '', '', '', '', '', '', '', '', 'Motoki 6 Plus', '', '', '', '', 0),
(126, 'iLuv Regatta Back Case For Apple iPhone 6 - Black', '', 'Give your iPhone the style and protection it deserves with Regatta. This dual-layer case is made from a combination of shock-absorbing TPU on the inside and impact-resistant polycarbonate on the outside to safeguard your phone from damage. Regatta', '', 0, 1299, '', '', NULL, NULL, NULL, '', NULL, '', 1, 1, 'AI6REGABK', 'Black', '', '', 'Back Case, Tough Case', 'Phone', 'Apple iPhone 6', '', 'Black', '', '', '', '', '', '', '1', '', 'adHwfhoxmq8', 'Regatta', '', '', 'No Warranty', '', '', '', '', '', '', '', '', '', 'Regatta 6', '2.83in(W) x 0.43in(H) x 5.55in(D)', '', '', '', 0),
(127, 'iLuv Regatta Back Case For Apple iPhone 6 - Blue', '', 'Give your iPhone the style and protection it deserves with Regatta. This dual-layer case is made from a combination of shock-absorbing TPU on the inside and impact-resistant polycarbonate on the outside to safeguard your phone from damage. Regatta', '', 0, 1299, '', '', NULL, NULL, NULL, '', NULL, '', 1, 1, 'AI6REGABL', 'Blue', '', '', 'Back Case, Tough Case', 'Phone', 'Apple iPhone 6', '', 'Blue', '', '', '', '', '', '', '1', '', 'adHwfhoxmq8', 'Regatta', '', '', 'No Warranty', '', '', '', '', '', '', '', '', '', 'Regatta 6', '2.83in(W) x 0.43in(H) x 5.55in(D)', '', '', '', 0),
(128, 'iLuv Regatta Back Case For Apple iPhone 6 - Pink', '', 'Give your iPhone the style and protection it deserves with Regatta. This dual-layer case is made from a combination of shock-absorbing TPU on the inside and impact-resistant polycarbonate on the outside to safeguard your phone from damage. Regatta', '', 0, 1299, '', '', NULL, NULL, NULL, '', NULL, '', 1, 1, 'AI6REGAPN', 'Pink', '', '', 'Back Case, Tough Case', 'Phone', 'Apple iPhone 6', '', 'Pink', '', '', '', '', '', '', '1', '', 'adHwfhoxmq8', 'Regatta', '', '', 'No Warranty', '', '', '', '', '', '', '', '', '', 'Regatta 6', '2.83in(W) x 0.43in(H) x 5.55in(D)', '', '', '', 0),
(129, 'iLuv Regatta Back Case For Apple iPhone 6 - Teal', '', 'Give your iPhone the style and protection it deserves with Regatta. This dual-layer case is made from a combination of shock-absorbing TPU on the inside and impact-resistant polycarbonate on the outside to safeguard your phone from damage. Regatta', '', 0, 1299, '', '', NULL, NULL, NULL, '', NULL, '', 1, 1, 'AI6REGATE', 'Teal', '', '', 'Back Case, Tough Case', 'Phone', 'Apple iPhone 6', '', 'Blue', '', '', '', '', '', '', '1', '', 'adHwfhoxmq8', 'Regatta', '', '', 'No Warranty', '', '', '', '', '', '', '', '', '', 'Regatta 6', '2.83in(W) x 0.43in(H) x 5.55in(D)', '', '', '', 0),
(130, 'iLuv Regatta Back Case For Apple iPhone 6 - White', '', 'Give your iPhone the style and protection it deserves with Regatta. This dual-layer case is made from a combination of shock-absorbing TPU on the inside and impact-resistant polycarbonate on the outside to safeguard your phone from damage. Regatta', '', 0, 1299, '', '', NULL, NULL, NULL, '', NULL, '', 1, 1, 'AI6REGAWH', 'White', '', '', 'Back Case, Tough Case', 'Phone', 'Apple iPhone 6', '', 'White', '', '', '', '', '', '', '1', '', 'adHwfhoxmq8', 'Regatta', '', '', 'No Warranty', '', '', '', '', '', '', '', '', '', 'Regatta 6', '2.83in(W) x 0.43in(H) x 5.55in(D)', '', '', '', 0),
(131, 'iLuv Regatta Back Case For Apple iPhone 6 - Yellow', '', 'Give your iPhone the style and protection it deserves with Regatta. This dual-layer case is made from a combination of shock-absorbing TPU on the inside and impact-resistant polycarbonate on the outside to safeguard your phone from damage. Regatta', '', 0, 1299, '', '', NULL, NULL, NULL, '', NULL, '', 1, 1, 'AI6REGAYE', 'Yellow', '', '', 'Back Case, Tough Case', 'Phone', 'Apple iPhone 6', '', 'Yellow', '', '', '', '', '', '', '1', '', 'adHwfhoxmq8', 'Regatta', '', '', 'No Warranty', '', '', '', '', '', '', '', '', '', 'Regatta 6', '2.83in(W) x 0.43in(H) x 5.55in(D)', '', '', '', 0),
(132, 'iLuv Vyneer Back Case For Apple iPhone 6 - Black', '', 'Simple and streamlined, Vyneer gives your iPhone a clean, understated look without skimping on protection.  Featuring a polycarbonate base and a soft TPU frame around the edges, Vyneer keeps your phone safe from dings, scratches and dents.\n \nDual Material Protection\n \nVyneer offers a simple but effective combination of hard polycarbonate shell and soft TPU (thermoplastic polyurethane) frame to protect your iPhone. The polycarbonate shell protects the bulk of your phone from drops and falls, while the TPU frame shields the corners and edges from dings, scratches and dents.\n \nShow Off Your Phone', '', 0, 1299, '', '', NULL, NULL, NULL, '', NULL, '', 0, 1, 'AI6VYNEBK', 'Black', '', '', 'Back Case, Hard Case', 'Phone', 'Apple iPhone 6', '', 'Black', '', '', '', '', '', '', '1', '', 'adHwfhoxmq8', 'Vyneer', '', '', 'No Warranty', '', '', '', '', '', '', '', '', '', 'Vyneer 6', '', '', '', '', 0),
(133, 'iLuv Vyneer Back Case For Apple iPhone 6 - Blue', '', 'Simple and streamlined, Vyneer gives your iPhone a clean, understated look without skimping on protection.  Featuring a polycarbonate base and a soft TPU frame around the edges, Vyneer keeps your phone safe from dings, scratches and dents.\n \nDual Material Protection\n \nVyneer offers a simple but effective combination of hard polycarbonate shell and soft TPU (thermoplastic polyurethane) frame to protect your iPhone. The polycarbonate shell protects the bulk of your phone from drops and falls, while the TPU frame shields the corners and edges from dings, scratches and dents.\n \nShow Off Your Phone', '', 0, 1299, '', '', NULL, NULL, NULL, '', NULL, '', 1, 1, 'AI6VYNEBL', 'Blue', '', '', 'Back Case, Hard Case', 'Phone', 'Apple iPhone 6', '', 'Blue', '', '', '', '', '', '', '1', '', 'adHwfhoxmq8', 'Vyneer', '', '', 'No Warranty', '', '', '', '', '', '', '', '', '', 'Vyneer 6', '', '', '', '', 0),
(134, 'iLuv Vyneer Back Case For Apple iPhone 6 - Pink', '', 'Simple and streamlined, Vyneer gives your iPhone a clean, understated look without skimping on protection.  Featuring a polycarbonate base and a soft TPU frame around the edges, Vyneer keeps your phone safe from dings, scratches and dents.\n \nDual Material Protection\n \nVyneer offers a simple but effective combination of hard polycarbonate shell and soft TPU (thermoplastic polyurethane) frame to protect your iPhone. The polycarbonate shell protects the bulk of your phone from drops and falls, while the TPU frame shields the corners and edges from dings, scratches and dents.\n \nShow Off Your Phone', '', 0, 1299, '', '', NULL, NULL, NULL, '', NULL, '', 1, 1, 'AI6VYNEPN', 'Pink', '', '', 'Back Case, Hard Case', 'Phone', 'Apple iPhone 6', '', 'Pink', '', '', '', '', '', '', '1', '', 'adHwfhoxmq8', 'Vyneer', '', '', 'No Warranty', '', '', '', '', '', '', '', '', '', 'Vyneer 6', '', '', '', '', 0),
(135, 'iLuv Vyneer Back Case For Apple iPhone 6 - White', '', 'Simple and streamlined, Vyneer gives your iPhone a clean, understated look without skimping on protection.  Featuring a polycarbonate base and a soft TPU frame around the edges, Vyneer keeps your phone safe from dings, scratches and dents.\n \nDual Material Protection\n \nVyneer offers a simple but effective combination of hard polycarbonate shell and soft TPU (thermoplastic polyurethane) frame to protect your iPhone. The polycarbonate shell protects the bulk of your phone from drops and falls, while the TPU frame shields the corners and edges from dings, scratches and dents.\n \nShow Off Your Phone', '', 0, 1299, '', '', NULL, NULL, NULL, '', NULL, '', 1, 1, 'AI6VYNEWH', 'White', '', '', 'Back Case, Hard Case', 'Phone', 'Apple iPhone 6', '', 'White', '', '', '', '', '', '', '1', '', 'adHwfhoxmq8', 'Vyneer', '', '', 'No Warranty', '', '', '', '', '', '', '', '', '', 'Vyneer 6', '', '', '', '', 0),
(136, 'iLuv Gossamer Back Case For Apple iPhone 6 - Transparent', '', 'Protect your iPhone while preserving its stylish look. Gossamer', '', 0, 999, '', '', NULL, NULL, NULL, '', NULL, '', 1, 1, 'AI6GOSS', 'Transparent', '', '', 'Back Case, Hard Case', 'Phone', 'Apple iPhone 6', '', 'Transparent', '', '', '', '', '', '', '1', '', 'adHwfhoxmq8', 'Gossamer', '', '', 'No Warranty', '', '', '', '', '', '', '', '', '', 'Gossamer 6', '', '', '', '', 0),
(137, 'iLuv Regatta Back Case For Apple iPhone 6 Plus - Black', '', 'Give your iPhone the style and protection it deserves with Regatta. This dual-layer case is made from a combination of shock-absorbing TPU on the inside and impact-resistant polycarbonate on the outside to safeguard your phone from damage. Regatta', '', 0, 1399, '', '', NULL, NULL, NULL, '', NULL, '', 1, 1, 'AI6PREGABK', 'Black', '', '', 'Back Case, Tough Case', 'Phone', 'Apple iPhone 6 Plus', '', 'Black', '', '', '', '', '', '', '1', '', 'adHwfhoxmq8', 'Regatta', '', '', 'No Warranty', '', '', '', '', '', '', '', '', '', 'Regatta 6 Plus', '', '', '', '', 0);
INSERT INTO `product` (`id`, `name`, `sku`, `description`, `url`, `visibility`, `price`, `wholesaleprice`, `firstsaleprice`, `secondsaleprice`, `specialpriceto`, `specialpricefrom`, `metatitle`, `metadesc`, `metakeyword`, `quantity`, `status`, `modelnumber`, `brandcolor`, `eanorupc`, `eanorupcmeasuringunits`, `type`, `compatibledevice`, `compatiblewith`, `material`, `color`, `design`, `width`, `height`, `depth`, `portsize`, `packof`, `salespackage`, `keyfeatures`, `videourl`, `modelname`, `finish`, `weight`, `domesticwarranty`, `domesticwarrantymeasuringunits`, `internationalwarranty`, `internationalwarrantymeasuringunits`, `warrantysummary`, `warrantyservicetype`, `coveredinwarranty`, `notcoveredinwarranty`, `size`, `typename`, `colormatch`, `dimension`, `capacity`, `microphone`, `length`, `voltage`) VALUES
(138, 'iLuv Lay Up Back Case For Apple iPhone 6 Plus - Black', '', 'Keep your iPhone 6 Plus in its beautiful and pristine condition with Layup. This dual-layer case is made from a combination of shock-absorbing silicone and impact-resistant polycarbonate for maximum durability. Head out with your iPhone 6 Plus without worrying about damaging it from scratches, bumps and drops. Layup also has a built-in stand that can be pulled out and used to prop up your phone for comfortable landscape viewing.\n \nRugged Dual-Layer Protection\n \nBuilt with a dual-layer combination of polycarbonate and silicone, Layup is especially rugged. The outer layer is made from soft, shock-absorbing silicone while the inner layer is constructed from hard, impact-resistant polycarbonate. The front of the case is designed with a raised edge that keeps your phone', '', 0, 1399, '', '', NULL, NULL, NULL, '', NULL, '', 1, 1, 'AI6PLAYU', 'Black', '', '', 'Back Case, Tough Case', 'Phone', 'Apple iPhone 6 Plus', '', 'Black', '', '', '', '', '', '', '1', '', 'adHwfhoxmq8', 'Lay Up', '', '', 'No Warranty', '', '', '', '', '', '', '', '', '', 'Lay Up 6 Plus', '', '', '', '', 0),
(139, 'iLuv Vyneer Back Case For Apple iPhone 6 Plus - Black', '', 'Simple and streamlined, Vyneer gives your iPhone a clean, understated look without skimping on protection.  Featuring a polycarbonate base and a soft TPU frame around the edges, Vyneer keeps your phone safe from dings, scratches and dents.\n \nDual Material Protection\n \nVyneer offers a simple but effective combination of hard polycarbonate shell and soft TPU (thermoplastic polyurethane) frame to protect your iPhone. The polycarbonate shell protects the bulk of your phone from drops and falls, while the TPU frame shields the corners and edges from dings, scratches and dents.\n \nShow Off Your Phone', '', 0, 1399, '', '', NULL, NULL, NULL, '', NULL, '', 1, 1, 'AI6PVYNEBK', 'Black', '', '', 'Back Case, Hard Case', 'Phone', 'Apple iPhone 6 Plus', '', 'Black', '', '', '', '', '', '', '1', '', 'adHwfhoxmq8', 'Vyneer', '', '', 'No Warranty', '', '', '', '', '', '', '', '', '', 'Vyneer 6 Plus', '', '', '', '', 0),
(140, 'iLuv Vyneer Back Case For Apple iPhone 6 Plus - White', '', 'Simple and streamlined, Vyneer gives your iPhone a clean, understated look without skimping on protection.  Featuring a polycarbonate base and a soft TPU frame around the edges, Vyneer keeps your phone safe from dings, scratches and dents.\n \nDual Material Protection\n \nVyneer offers a simple but effective combination of hard polycarbonate shell and soft TPU (thermoplastic polyurethane) frame to protect your iPhone. The polycarbonate shell protects the bulk of your phone from drops and falls, while the TPU frame shields the corners and edges from dings, scratches and dents.\n \nShow Off Your Phone', '', 0, 1399, '', '', NULL, NULL, NULL, '', NULL, '', 1, 1, 'AI6PVYNEWH', 'White', '', '', 'Back Case, Hard Case', 'Phone', 'Apple iPhone 6 Plus', '', 'White', '', '', '', '', '', '', '1', '', 'adHwfhoxmq8', 'Vyneer', '', '', 'No Warranty', '', '', '', '', '', '', '', '', '', 'Vyneer 6 Plus', '', '', '', '', 0),
(141, 'iLuv Gelato Back Case For Apple iPhone 6 Plus - Black', '', 'Decorate your iPhone in a soft, flexible case that', '', 0, 1299, '', '', NULL, NULL, NULL, '', NULL, '', 1, 1, 'AI6PGELABK', 'Black', '', '', 'Back Case, Soft Case', 'Phone', 'Apple iPhone 6 Plus', '', 'Black', '', '', '', '', '', '', '1', '', 'adHwfhoxmq8', 'Gelato', '', '', 'No Warranty', '', '', '', '', '', '', '', '', '', 'Gelato 6 Plus', '', '', '', '', 0),
(142, 'iLuv Gelato Back Case For Apple iPhone 6 Plus - White', '', 'Decorate your iPhone in a soft, flexible case that', '', 0, 1299, '', '', NULL, NULL, NULL, '', NULL, '', 1, 1, 'AI6PGELAWH', 'White', '', '', 'Back Case, Soft Case', 'Phone', 'Apple iPhone 6 Plus', '', 'White', '', '', '', '', '', '', '1', '', 'adHwfhoxmq8', 'Gelato', '', '', 'No Warranty', '', '', '', '', '', '', '', '', '', 'Gelato 6 Plus', '', '', '', '', 0),
(143, 'iLuv Gossamer Back Case For Apple iPhone 6 Plus - Transparent', '', 'Protect your iPhone while preserving its stylish look. Gossamer', '', 0, 999, '', '', NULL, NULL, NULL, '', NULL, '', 0, 1, 'AI6PGOSS', 'Transparent', '', '', 'Back Case, Hard Case', 'Phone', 'Apple iPhone 6 Plus', '', 'Transparent', '', '', '', '', '', '', '1', '', 'adHwfhoxmq8', 'Gossamer', '', '', 'No Warranty', '', '', '', '', '', '', '', '', '', 'Gossamer 6 Plus', '', '', '', '', 0),
(144, 'Incipio Feather Back Case For Apple iPhone 6 - Light Blue', '', 'An Incipio classic, the lightweight feather Case features a high density Plextonium polycarbonate construction and shock absorbing EVA interior liner for added device protection. The sleek, ultra thin case snaps on to the rear of your device for quick installation and adds discreet protection to maintain the slim shape of your device. Express your style in a wide variety of stylish colors! Lightweight and thin design for low-profile protection against bumps and scratches while retaining the slim shape of your new smartphone\nSnap-on application for a quick and user-friendly installation\nFlash-diffusing coated camera ring\nPremium EVA foam inner liner absorbs shock. Measurements:\nLength: 5.54 in (140.716 mm)\nThickness: 0.06 in (1.524 mm)\nWidth: 2.78 in (70.612 mm)\nDepth: 0.38 in (9.652 mm)', '', 0, 2000, '', '', NULL, NULL, NULL, '', NULL, '', 1, 1, 'Iph-1177-Blu', 'Light Blue', '', '', 'Back Case, Hard Case', 'Phone', 'Apple iPhone 6', '', 'Blue', '', '', '', '', '', '', '1', '', '', 'Feather', '', '', 'No Warranty', '', '', '', '', '', '', '', '', '', 'Feather 6', '', '', '', '', 0),
(145, 'Incipio Feather Shine Back Case For Apple iPhone 6 - Black', '', 'The sophisticated feather SHINE Case is constructed of a rigid ABS polymer frame with a premium brushed aluminum style finish. The lightweight snap-on case provides device protection against dents and scratches, with a sleek and ultra-thin design. High density rigid hard shell protects device from scratches and dents while the EVA pad interior gently cushions the device\nSleek, premium brushed aluminum style finish for a sophisticated look and feel\nLow-profile, lightweight structure\nSnap-on design for quick and user-friendly installation. Measurements:\nLength: 5.54 in (140.716 mm)\nThickness: 0.08 in (2.032 mm)\nWidth: 2.78 in (70.612 mm)\nDepth: 0.38 in (9.652 mm)', '', 0, 2500, '', '', NULL, NULL, NULL, '', NULL, '', 1, 1, 'Iph-1178-Gld', 'Black', '', '', 'Back Case, Hard Case', 'Phone', 'Apple iPhone 6', '', 'Black', '', '', '', '', '', '', '1', '', '', 'Feather Shine', '', '', 'No Warranty', '', '', '', '', '', '', '', '', '', 'Feather Shine 6', '', '', '', '', 0),
(146, 'Incipio Feather Shine Back Case For Apple iPhone 6 - Gold', '', 'The sophisticated feather SHINE Case is constructed of a rigid ABS polymer frame with a premium brushed aluminum style finish. The lightweight snap-on case provides device protection against dents and scratches, with a sleek and ultra-thin design. High density rigid hard shell protects device from scratches and dents while the EVA pad interior gently cushions the device\nSleek, premium brushed aluminum style finish for a sophisticated look and feel\nLow-profile, lightweight structure\nSnap-on design for quick and user-friendly installation. Measurements:\nLength: 5.54 in (140.716 mm)\nThickness: 0.08 in (2.032 mm)\nWidth: 2.78 in (70.612 mm)\nDepth: 0.38 in (9.652 mm)', '', 0, 2500, '', '', NULL, NULL, NULL, '', NULL, '', 1, 1, 'Iph-1178-Blk', 'Gold', '', '', 'Back Case, Hard Case', 'Phone', 'Apple iPhone 6', '', 'Gold', '', '', '', '', '', '', '1', '', '', 'Feather Shine', '', '', 'No Warranty', '', '', '', '', '', '', '', '', '', 'Feather Shine 6', '', '', '', '', 0),
(147, 'Incipio Feather Shine Back Case For Apple iPhone 6 - Silver', '', 'The sophisticated feather SHINE Case is constructed of a rigid ABS polymer frame with a premium brushed aluminum style finish. The lightweight snap-on case provides device protection against dents and scratches, with a sleek and ultra-thin design. High density rigid hard shell protects device from scratches and dents while the EVA pad interior gently cushions the device\nSleek, premium brushed aluminum style finish for a sophisticated look and feel\nLow-profile, lightweight structure\nSnap-on design for quick and user-friendly installation. Measurements:\nLength: 5.54 in (140.716 mm)\nThickness: 0.08 in (2.032 mm)\nWidth: 2.78 in (70.612 mm)\nDepth: 0.38 in (9.652 mm)', '', 0, 2500, '', '', NULL, NULL, NULL, '', NULL, '', 1, 1, 'Iph-1178-Slvr', 'Silver', '', '', 'Back Case, Hard Case', 'Phone', 'Apple iPhone 6', '', 'Silver', '', '', '', '', '', '', '1', '', '', 'Feather Shine', '', '', 'No Warranty', '', '', '', '', '', '', '', '', '', 'Feather Shine 6', '', '', '', '', 0),
(148, 'Incipio Highland Flip Case For Apple iPhone 6 - White/Grey', '', 'Incipio', '', 0, 3250, '', '', NULL, NULL, NULL, '', NULL, '', 1, 1, 'Iph-1183-Whtgry', 'White/Grey', '', '', 'Flip Case', 'Phone', 'Apple iPhone 6', '', 'White', '', '', '', '', '', '', '1', '', '', 'Highland', '', '', 'No Warranty', '', '', '', '', '', '', '', '', '', 'Highland 6', '', '', '', '', 0),
(149, 'Incipio Octane Back Case For Apple iPhone 6 - Neon Green', '', 'Incipio', '', 0, 2000, '', '', NULL, NULL, NULL, '', NULL, '', 1, 1, 'Iph-1190-Frstgrn', 'Neon Green', '', '', 'Back Case, Tough Case', 'Phone', 'Apple iPhone 6', '', 'Green', '', '', '', '', '', '', '1', '', '', 'Octane', '', '', 'No Warranty', '', '', '', '', '', '', '', '', '', 'Octane 6', '', '', '', '', 0),
(150, 'Incipio Octane Back Case For Apple iPhone 6 - Neon Orange', '', 'Incipio', '', 0, 2000, '', '', NULL, NULL, NULL, '', NULL, '', 1, 1, 'Iph-1190-Frstoj', 'Neon Orange', '', '', 'Back Case, Tough Case', 'Phone', 'Apple iPhone 6', '', 'Orange', '', '', '', '', '', '', '1', '', '', 'Octane', '', '', 'No Warranty', '', '', '', '', '', '', '', '', '', 'Octane 6', '', '', '', '', 0),
(151, 'Incipio Feather Back Case For Apple iPhone 6 Plus - Black', '', 'An Incipio classic, the lightweight feather Case features a high density Plextonium polycarbonate construction and shock absorbing EVA interior liner for added device protection. The sleek, ultra thin case snaps on to the rear of your device for quick installation and adds discreet protection to maintain the slim shape of your device. Express your style in a wide variety of stylish colors! Lightweight and thin design for low-profile protection against bumps and scratches while retaining the slim shape of your new smartphone\nSnap-on application for a quick and user-friendly installation\nFlash-diffusing coated camera ring\nPremium EVA foam inner liner absorbs shock from everyday bumps. Measurements:\nLength: 6.38 in (162.052 mm)\nWidth: 3.24 in (82.296 mm)\nDepth: 0.39 in (9.906 mm)', '', 0, 2250, '', '', NULL, NULL, NULL, '', NULL, '', 0, 1, 'Iph-1193-Blk', 'Black', '', '', 'Back Case, Hard Case', 'Phone', 'Apple iPhone 6 Plus', '', 'Black', '', '', '', '', '', '', '1', '', '', 'Feather', '', '', 'No Warranty', '', '', '', '', '', '', '', '', '', 'Feather 6 Plus', '', '', '', '', 0),
(152, 'Incipio Feather Back Case For Apple iPhone 6 Plus - Light Blue', '', 'An Incipio classic, the lightweight feather Case features a high density Plextonium polycarbonate construction and shock absorbing EVA interior liner for added device protection. The sleek, ultra thin case snaps on to the rear of your device for quick installation and adds discreet protection to maintain the slim shape of your device. Express your style in a wide variety of stylish colors! Lightweight and thin design for low-profile protection against bumps and scratches while retaining the slim shape of your new smartphone\nSnap-on application for a quick and user-friendly installation\nFlash-diffusing coated camera ring\nPremium EVA foam inner liner absorbs shock from everyday bumps. Measurements:\nLength: 6.38 in (162.052 mm)\nWidth: 3.24 in (82.296 mm)\nDepth: 0.39 in (9.906 mm)', '', 0, 2250, '', '', NULL, NULL, NULL, '', NULL, '', 0, 1, 'Iph-1193-Ltblu', 'Light Blue', '', '', 'Back Case, Hard Case', 'Phone', 'Apple iPhone 6 Plus', '', 'Blue', '', '', '', '', '', '', '1', '', '', 'Feather', '', '', 'No Warranty', '', '', '', '', '', '', '', '', '', 'Feather 6 Plus', '', '', '', '', 0),
(153, 'Incipio Feather Back Case For Apple iPhone 6 Plus - Transparent', '', 'An Incipio classic, the lightweight feather Case features a high density Plextonium polycarbonate construction and shock absorbing EVA interior liner for added device protection. The sleek, ultra thin case snaps on to the rear of your device for quick installation and adds discreet protection to maintain the slim shape of your device. Express your style in a wide variety of stylish colors! Lightweight and thin design for low-profile protection against bumps and scratches while retaining the slim shape of your new smartphone\nSnap-on application for a quick and user-friendly installation\nFlash-diffusing coated camera ring\nPremium EVA foam inner liner absorbs shock from everyday bumps. Measurements:\nLength: 6.38 in (162.052 mm)\nWidth: 3.24 in (82.296 mm)\nDepth: 0.39 in (9.906 mm)', '', 0, 2250, '', '', NULL, NULL, NULL, '', NULL, '', 0, 1, 'Iph-1193-Clr', 'Transparent', '', '', 'Back Case, Hard Case', 'Phone', 'Apple iPhone 6 Plus', '', 'Transparent', '', '', '', '', '', '', '1', '', '', 'Feather', '', '', 'No Warranty', '', '', '', '', '', '', '', '', '', 'Feather 6 Plus', '', '', '', '', 0),
(154, 'Incipio Feather Back Case For Apple iPhone 6 Plus - Pink', '', 'An Incipio classic, the lightweight feather Case features a high density Plextonium polycarbonate construction and shock absorbing EVA interior liner for added device protection. The sleek, ultra thin case snaps on to the rear of your device for quick installation and adds discreet protection to maintain the slim shape of your device. Express your style in a wide variety of stylish colors! Lightweight and thin design for low-profile protection against bumps and scratches while retaining the slim shape of your new smartphone\nSnap-on application for a quick and user-friendly installation\nFlash-diffusing coated camera ring\nPremium EVA foam inner liner absorbs shock from everyday bumps. Measurements:\nLength: 6.38 in (162.052 mm)\nWidth: 3.24 in (82.296 mm)\nDepth: 0.39 in (9.906 mm)', '', 0, 2250, '', '', NULL, NULL, NULL, '', NULL, '', 1, 1, 'Iph-1193-Pnk', 'Pink', '', '', 'Back Case, Hard Case', 'Phone', 'Apple iPhone 6 Plus', '', 'Pink', '', '', '', '', '', '', '1', '', '', 'Feather', '', '', 'No Warranty', '', '', '', '', '', '', '', '', '', 'Feather 6 Plus', '', '', '', '', 0),
(155, 'Incipio Feather Shine Back Case For Apple iPhone 6 Plus - Black', '', 'The sophisticated feather SHINE Case is constructed of a rigid ABS polycarbonate frame with a premium brushed aluminum style finish. The lightweight snap-on case provides device protection against dents and scratches, with a sleek and ultra-thin design. High density rigid hard shell protects device from scratches and dents while the EVA pad interior gently cushions the device\nSleek, premium brushed aluminum style finish for a sophisticated look and feel\nLow-profile, lightweight structure\nSnap-on design for quick and user-friendly installation. Measurements:\nLength: 6.38 in (162.052 mm)\nWidth: 3.24 in (82.296 mm)\nDepth: 0.39 in (9.906 mm)', '', 0, 2750, '', '', NULL, NULL, NULL, '', NULL, '', 1, 1, 'Iph-1194-Blk', 'Black', '', '', 'Back Case, Hard Case', 'Phone', 'Apple iPhone 6 Plus', '', 'Black', '', '', '', '', '', '', '1', '', '', 'Feather Shine', '', '', 'No Warranty', '', '', '', '', '', '', '', '', '', 'Feather Shine 6 Plus', '', '', '', '', 0),
(156, 'Incipio Feather Shine Back Case For Apple iPhone 6 Plus - Silver', '', 'The sophisticated feather SHINE Case is constructed of a rigid ABS polycarbonate frame with a premium brushed aluminum style finish. The lightweight snap-on case provides device protection against dents and scratches, with a sleek and ultra-thin design. High density rigid hard shell protects device from scratches and dents while the EVA pad interior gently cushions the device\nSleek, premium brushed aluminum style finish for a sophisticated look and feel\nLow-profile, lightweight structure\nSnap-on design for quick and user-friendly installation. Measurements:\nLength: 6.38 in (162.052 mm)\nWidth: 3.24 in (82.296 mm)\nDepth: 0.39 in (9.906 mm)', '', 0, 2750, '', '', NULL, NULL, NULL, '', NULL, '', 1, 1, 'Iph-1194-Slvr', 'Silver', '', '', 'Back Case, Hard Case', 'Phone', 'Apple iPhone 6 Plus', '', 'Silver', '', '', '', '', '', '', '1', '', '', 'Feather Shine', '', '', 'No Warranty', '', '', '', '', '', '', '', '', '', 'Feather Shine 6 Plus', '', '', '', '', 0),
(157, 'Incipio Feather Shine Back Case For Apple iPhone 6 Plus - Gold', '', 'The sophisticated feather SHINE Case is constructed of a rigid ABS polycarbonate frame with a premium brushed aluminum style finish. The lightweight snap-on case provides device protection against dents and scratches, with a sleek and ultra-thin design. High density rigid hard shell protects device from scratches and dents while the EVA pad interior gently cushions the device\nSleek, premium brushed aluminum style finish for a sophisticated look and feel\nLow-profile, lightweight structure\nSnap-on design for quick and user-friendly installation. Measurements:\nLength: 6.38 in (162.052 mm)\nWidth: 3.24 in (82.296 mm)\nDepth: 0.39 in (9.906 mm)', '', 0, 2750, '', '', NULL, NULL, NULL, '', NULL, '', 1, 1, 'Iph-1194-Gld', 'Gold', '', '', 'Back Case, Hard Case', 'Phone', 'Apple iPhone 6 Plus', '', 'Gold', '', '', '', '', '', '', '1', '', '', 'Feather Shine', '', '', 'No Warranty', '', '', '', '', '', '', '', '', '', 'Feather Shine 6 Plus', '', '', '', '', 0),
(158, 'IO Smart Board  - Black', '', 'There are those who prefer tiny steps. Then there are some who move the spirit. Turn heads as your drift down the streets on this futuristic device. Maximum Load: 20 Kgs - 100 Kgs', '', 1, 65000, '', '', '', '0000-00-00', '0000-00-00', '', '', '', 1, 1, '', 'Black', '', '', '', '', '', '', 'Black', '', '', '', '', '', '', 'IO Board, Charger, Remote', '', 'NFEKxzuaA1k&feature', 'Smart Board', 'Glossy', '10 kgs', '1 Year Warranty', '', '', '', 'Limited warranty on battery and motor only', '', '', '', '', '', 'Smart Board', '584x186x178 mm', '', '', '', 0),
(159, 'IO Smart Board  - Blue', '', 'There are those who prefer tiny steps. Then there are some who move the spirit. Turn heads as your drift down the streets on this futuristic device. Maximum Load: 20 Kgs - 100 Kgs', '', 1, 65000, '', '', '', '0000-00-00', '0000-00-00', '', '', '', 1, 1, '', 'Blue', '', '', '', '', '', '', 'Blue', '', '', '', '', '', '', 'IO Board, Charger, Remote', '', 'NFEKxzuaA1k&feature', 'Smart Board', 'Glossy', '10 kgs', '1 Year Warranty', '', '', '', 'Limited warranty on battery and motor only', '', '', '', '', '', 'Smart Board', '584x186x178 mm', '', '', '', 0),
(160, 'IO Smart Board  - Red', '', 'There are those who prefer tiny steps. Then there are some who move the spirit. Turn heads as your drift down the streets on this futuristic device. Maximum Load: 20 Kgs - 100 Kgs', '', 1, 65000, '', '', '', '0000-00-00', '0000-00-00', '', '', '', 1, 1, '', 'Red', '', '', '', '', '', '', 'Red', '', '', '', '', '', '', 'IO Board, Charger, Remote', '', 'NFEKxzuaA1k&feature', 'Smart Board', 'Glossy', '10 kgs', '1 Year Warranty', '', '', '', 'Limited warranty on battery and motor only', '', '', '', '', '', 'Smart Board', '584x186x178 mm', '', '', '', 0),
(161, 'IO Smart Board  - White', '', 'There are those who prefer tiny steps. Then there are some who move the spirit. Turn heads as your drift down the streets on this futuristic device. Maximum Load: 20 Kgs - 100 Kgs', '', 1, 65000, '', '', '', '0000-00-00', '0000-00-00', '', '', '', 1, 1, '', 'White', '', '', '', '', '', '', 'White', '', '', '', '', '', '', 'IO Board, Charger, Remote', '', 'NFEKxzuaA1k&feature', 'Smart Board', 'Glossy', '10 kgs', '1 Year Warranty', '', '', '', 'Limited warranty on battery and motor only', '', '', '', '', '', 'Smart Board', '584x186x178 mm', '', '', '', 0),
(162, 'IO Smart Board  - Yellow', '', 'There are those who prefer tiny steps. Then there are some who move the spirit. Turn heads as your drift down the streets on this futuristic device. Maximum Load: 20 Kgs - 100 Kgs', '', 1, 65000, '', '', '', '0000-00-00', '0000-00-00', '', '', '', 0, 1, '', 'Yellow', '', '', '', '', '', '', 'Yellow', '', '', '', '', '', '', 'IO Board, Charger, Remote', '', 'NFEKxzuaA1k&feature', 'Smart Board', 'Glossy', '10 kgs', '1 Year Warranty', '', '', '', 'Limited warranty on battery and motor only', '', '', '', '', '', 'Smart Board', '584x186x178 mm', '', '', '', 0),
(163, 'Fitbit Surge Large - Black', '', 'Maximize training, maintain intensity and monitor calorie burn with automatic wrist-based heart rate monitoring. Make the most of your day by getting more out of your night. Surge automatically monitors how long and how well you sleep. Built with eight-sensor technology and best-in-class battery life, Surge transitions seamlessly from workouts to tracking real-time stats. With multi-sport functionality, Surge lets you track every aspect of your training. Designed with advanced smartwatch features.', '', 1, 19990, '', '', NULL, NULL, NULL, '', NULL, '', 1, 1, '', 'Black', '810351021797', '', '', 'iPhone 4S and later, iPad 3 and later, Leading Android Devices.', '', '', 'Black', '', '', '', '', '', '', 'Fitbit Surge, charging cable, wireless sync dongle', '', 'J3S3cNv0ntE', 'Surge', '', '', '1 Year Warranty', '', '', '', '1 year Manufacturer Warranty from the date of purchase', '', '', '', 'Large', '', 'Surge Large', '', '', '', '', 0),
(164, 'Fitbit Surge Large - Tangerine', '', 'Maximize training, maintain intensity and monitor calorie burn with automatic wrist-based heart rate monitoring. Make the most of your day by getting more out of your night. Surge automatically monitors how long and how well you sleep. Built with eight-sensor technology and best-in-class battery life, Surge transitions seamlessly from workouts to tracking real-time stats. With multi-sport functionality, Surge lets you track every aspect of your training. Designed with advanced smartwatch features.', '', 1, 19990, '', '', NULL, NULL, NULL, '', NULL, '', 1, 1, '', 'Tangerine', '810351021858', '', '', 'iPhone 4S and later, iPad 3 and later, Leading Android Devices.', '', '', 'Orange', '', '', '', '', '', '', 'Fitbit Surge, charging cable, wireless sync dongle', '', 'J3S3cNv0ntE', 'Surge', '', '', '1 Year Warranty', '', '', '', '1 year Manufacturer Warranty from the date of purchase', '', '', '', 'Large', '', 'Surge Large', '', '', '', '', 0),
(165, 'Fitbit Surge Small - Black', '', 'Maximize training, maintain intensity and monitor calorie burn with automatic wrist-based heart rate monitoring. Make the most of your day by getting more out of your night. Surge automatically monitors how long and how well you sleep. Built with eight-sensor technology and best-in-class battery life, Surge transitions seamlessly from workouts to tracking real-time stats. With multi-sport functionality, Surge lets you track every aspect of your training. Designed with advanced smartwatch features.', '', 1, 19990, '', '', NULL, NULL, NULL, '', NULL, '', 1, 1, '', 'Black', '810351021803', '', '', 'iPhone 4S and later, iPad 3 and later, Leading Android Devices.', '', '', 'Black', '', '', '', '', '', '', 'Fitbit Surge, charging cable, wireless sync dongle', '', 'J3S3cNv0ntE', 'Surge', '', '', '1 Year Warranty', '', '', '', '1 year Manufacturer Warranty from the date of purchase', '', '', '', 'Small', '', 'Surge Small', '', '', '', '', 0),
(166, 'Fitbit Surge Small - Tangerine', '', 'Maximize training, maintain intensity and monitor calorie burn with automatic wrist-based heart rate monitoring. Make the most of your day by getting more out of your night. Surge automatically monitors how long and how well you sleep. Built with eight-sensor technology and best-in-class battery life, Surge transitions seamlessly from workouts to tracking real-time stats. With multi-sport functionality, Surge lets you track every aspect of your training. Designed with advanced smartwatch features.', '', 1, 19990, '', '', NULL, NULL, NULL, '', NULL, '', 1, 1, '', 'Tangerine', '810351021858', '', '', 'iPhone 4S and later, iPad 3 and later, Leading Android Devices.', '', '', 'Orange', '', '', '', '', '', '', 'Fitbit Surge, charging cable, wireless sync dongle', '', 'J3S3cNv0ntE', 'Surge', '', '', '1 Year Warranty', '', '', '', '1 year Manufacturer Warranty from the date of purchase', '', '', '', 'Small', '', 'Surge Small', '', '', '', '', 0),
(167, 'Fitbit Charge HR Large - Black', '', 'Get continuous, automatic, wrist-based heart rate and simplified heart rate zones. Track workouts, heart rate, distance, calories burned, floors climbed, active minutes and steps. Monitor your sleep automatically and wake with a silent alarm. See call notifications, daily stats and time of day on the OLED display. Sync stats wirelessly and automatically to your computer and over 150 leading smartphones.', '', 1, 12990, '', '', NULL, NULL, NULL, '', NULL, '', 1, 1, '', 'Black', '810351021674', '', '', 'iPhone 4S and later, iPad 3 and later, Leading Android Devices.', '', '', 'Black', '', '', '', '', '', '', 'Fitbit Charge HR, charging cable, wireless sync dongle', '', 'aunF4Sog_UQ', 'Charge HR', '', '', '1 Year Warranty', '', '', '', '1 year Manufacturer Warranty from the date of purchase', '', '', '', 'Large', '', 'Charge HR Large', '', '', '', '', 0),
(168, 'Fitbit Charge HR Large - Plum', '', 'Get continuous, automatic, wrist-based heart rate and simplified heart rate zones. Track workouts, heart rate, distance, calories burned, floors climbed, active minutes and steps. Monitor your sleep automatically and wake with a silent alarm. See call notifications, daily stats and time of day on the OLED display. Sync stats wirelessly and automatically to your computer and over 150 leading smartphones.', '', 1, 12990, '', '', NULL, NULL, NULL, '', NULL, '', 1, 1, '', 'Plum', '810351021704', '', '', 'iPhone 4S and later, iPad 3 and later, Leading Android Devices.', '', '', 'Purple', '', '', '', '', '', '', 'Fitbit Charge HR, charging cable, wireless sync dongle', '', 'aunF4Sog_UQ', 'Charge HR', '', '', '1 Year Warranty', '', '', '', '1 year Manufacturer Warranty from the date of purchase', '', '', '', 'Large', '', 'Charge HR Large', '', '', '', '', 0),
(169, 'Fitbit Charge HR Large - Teal', '', 'Get continuous, automatic, wrist-based heart rate and simplified heart rate zones. Track workouts, heart rate, distance, calories burned, floors climbed, active minutes and steps. Monitor your sleep automatically and wake with a silent alarm. See call notifications, daily stats and time of day on the OLED display. Sync stats wirelessly and automatically to your computer and over 150 leading smartphones.', '', 1, 12990, '', '', NULL, NULL, NULL, '', NULL, '', 1, 1, '', 'Teal', '810351025474', '', '', 'iPhone 4S and later, iPad 3 and later, Leading Android Devices.', '', '', 'Green', '', '', '', '', '', '', 'Fitbit Charge HR, charging cable, wireless sync dongle', '', 'aunF4Sog_UQ', 'Charge HR', '', '', '1 Year Warranty', '', '', '', '1 year Manufacturer Warranty from the date of purchase', '', '', '', 'Large', '', 'Charge HR Large', '', '', '', '', 0),
(170, 'Fitbit Charge HR Small - Black', '', 'Get continuous, automatic, wrist-based heart rate and simplified heart rate zones. Track workouts, heart rate, distance, calories burned, floors climbed, active minutes and steps. Monitor your sleep automatically and wake with a silent alarm. See call notifications, daily stats and time of day on the OLED display. Sync stats wirelessly and automatically to your computer and over 150 leading smartphones.', '', 1, 12990, '', '', NULL, NULL, NULL, '', NULL, '', 1, 1, '', 'Black', '810351021681', '', '', 'iPhone 4S and later, iPad 3 and later, Leading Android Devices.', '', '', 'Black', '', '', '', '', '', '', 'Fitbit Charge HR, charging cable, wireless sync dongle', '', 'aunF4Sog_UQ', 'Charge HR', '', '', '1 Year Warranty', '', '', '', '1 year Manufacturer Warranty from the date of purchase', '', '', '', 'Small', '', 'Charge HR Small', '', '', '', '', 0),
(171, 'Fitbit Charge HR Small - Blue', '', 'Get continuous, automatic, wrist-based heart rate and simplified heart rate zones. Track workouts, heart rate, distance, calories burned, floors climbed, active minutes and steps. Monitor your sleep automatically and wake with a silent alarm. See call notifications, daily stats and time of day on the OLED display. Sync stats wirelessly and automatically to your computer and over 150 leading smartphones.', '', 1, 12990, '', '', NULL, NULL, NULL, '', NULL, '', 1, 1, '', 'Blue', '810351021742', '', '', 'iPhone 4S and later, iPad 3 and later, Leading Android Devices.', '', '', 'Blue', '', '', '', '', '', '', 'Fitbit Charge HR, charging cable, wireless sync dongle', '', 'aunF4Sog_UQ', 'Charge HR', '', '', '1 Year Warranty', '', '', '', '1 year Manufacturer Warranty from the date of purchase', '', '', '', 'Small', '', 'Charge HR Small', '', '', '', '', 0),
(172, 'Fitbit Charge Large - Black', '', 'Accurately track all-day stats like steps taken, distance travelled, calories burned, stairs climbed, and active minutes. See daily stats and time of day with a bright OLED displayMonitor how long and how well you sleep, and wake with a silent vibrating alarm. Get call notifications right on your wrist. Access real-time run stats like time, distance, and pace to stay on track. Wear all day and all night, thanks to a comfortable, textured band.', '', 1, 9990, '', '', NULL, NULL, NULL, '', NULL, '', 1, 1, '', 'Black', '810351021551', '', '', 'iPhone 4S and later, iPad 3 and later, Leading Android Devices.', '', '', 'Black', '', '', '', '', '', '', 'Fitbit Charge, charging cable, wireless sync dongle', '', 'iVdsBo1GDN4', 'Charge', '', '', '1 Year Warranty', '', '', '', '1 year Manufacturer Warranty from the date of purchase', '', '', '', 'Large', '', 'Charge Large', '', '', '', '', 0),
(173, 'Fitbit Aria  - Black', '', 'Accurately track your weight, percent body fat, and Body Mass Index (BMI) online. Upload your stats automatically via wi-fi to fitbit.com to see graphs of your progress. Easy to set-up, the aria will automatically recognize up to eight users. With aria each account is password protected so you can control how much and what data to share. This item is compatible with 802.11b wifi', '', 1, 9990, '', '', NULL, NULL, NULL, '', NULL, '', 1, 1, '', 'Black', '898628002045', '', '', 'iPhone 4S and later, iPad 3 and later, Leading Android Devices.', '', '', 'Black', '', '', '', '', '', '', 'Fitbit Aria, 4 AA batteries', '', 'tmQpP_r9QsU', 'Aria', '', '', '1 Year Warranty', '', '', '', '1 year Manufacturer Warranty from the date of purchase', '', '', '', '', '', 'Aria', '', '', '', '', 0),
(174, 'DJI Osmo X3  - Black', '', 'Motion without blur. Action shots without shake. Perfect video even when you move. Thanks to advanced technologies specifically designed to keep the camera flat no matter how you move it, the DJI Osmo helps you record videos (4K, MP4/MOV/MPEG-4 AVC/H.264) and take photos (12 MP, JPEG & DNG) like never before. It is much more than just a camera. It helps you create with more freedom than ever. ', '', 1, 70000, '', '', NULL, NULL, NULL, '', NULL, '', 1, 1, '', 'Black', '6958265104367', '', '', 'Apple Devices (Requires iOS 8.0 or later), Android Devices (Requires Android 4.1.2 or later)', '', '', 'Black', '', '', '', '', '', '', 'Handheld Gimbal and Camera, Mobile Device Holder, Intelligent Battery, Battery Charger, Charging Cable, Storage Case, Wrist Strap, Shoulder Strap, Micro SD Card (16GB), Manual', '', '7BPt4bJjU', 'Osmo X3', '', '', '1 Year Warranty', '', '', '', '1 year Manufacturer Warranty from the date of purchase', '', '', '', '', '', 'Osmo X3', '', '', '', '', 0),
(175, 'Parrot Bebop Drone  - Red', '', 'Explore the world in 14 megapixel full HD 1080p. Capture any vista with Bebop', '', 1, 64990, '', '', NULL, NULL, NULL, '', NULL, '', 1, 1, '', 'Red', '3520410023996', '', '', 'iOS, Android, Phone Smartphones/tablets', '', '', 'Red', '', '', '', '', '', '', 'Parrot BeBop Drone, 2 Batteries, Charger with US/ JP / UK / EU / ANZ plugs, Micro USB Cable, 2 Indoor hull, 4 Additional propellers, Propellers mounting tool, Quick start guide', '', '6ZdSMAG90Rs', 'Bebop Drone', '', 'With battery, 400g without the hull and 420g with the hull', '1 Year Warranty', '', '', '', '1 year Manufacturer Warranty from the date of purchase', '', '', '', '', '', 'Bebop Drone', '28x32x3.6 cm without the hull, 33x38x3.6 cm with the hull', '', '', '', 0),
(176, 'Parrot Bebop Drone  - Blue', '', 'Explore the world in 14 megapixel full HD 1080p. Capture any vista with Bebop', '', 1, 64990, '', '', NULL, NULL, NULL, '', NULL, '', 1, 1, '', 'Blue', '3520410025983', '', '', 'iOS, Android, Phone Smartphones/tablets', '', '', 'Blue', '', '', '', '', '', '', 'Parrot BeBop Drone, 2 Batteries, Charger with US/ JP / UK / EU / ANZ plugs, Micro USB Cable, 2 Indoor hull, 4 Additional propellers, Propellers mounting tool, Quick start guide', '', '6ZdSMAG90Rs', 'Bebop Drone', '', 'With battery, 400g without the hull and 420g with the hull', '1 Year Warranty', '', '', '', '1 year Manufacturer Warranty from the date of purchase', '', '', '', '', '', 'Bebop Drone', '28x32x3.6 cm without the hull, 33x38x3.6 cm with the hull', '', '', '', 0),
(177, 'Nespresso Inissia Krups - White', '', 'Easy insertion and ejection of capsules, for use with Nespresso coffee capsules only. Compact brewing unit technology, Fast preheating time -  25 seconds, 19 Bar high pressure pump. 2 Programmable buttons for Espresso and lungo preparation. Removable 24 ounce water tank, folding cup tray accommodates tall recipe glasses. Used capsule container holds 9-11 used capsules.', '', 1, 19500, '', '', NULL, NULL, NULL, '', NULL, '', 1, 1, '', 'White', '', '', '', '', '', '', 'White', '', '', '', '', '', '', 'Nespresso Machine, 16 Mixed Pods Box, Quick Start Guide', '', 'NFzGz18kxuw', 'Inissia', 'Glossy', '2.4 Kgs', 'No Warranty', '', '', '', 'No Warranty', '', '', '', '', '', 'Inissia', '4.6 in x12.6 in x 9.1 in', '', '', '', 0),
(178, 'Nespresso Citiz & Milk Krups - Red', '', 'Easy insertion and ejection of capsules. Holds 10 used capsules. Removable 34-ounce water tank. For use with Nespresso coffee capsules only. Integrated aeroccino milk frother. Rapid one touch preparation of hot or cold milk froth for Cappuccino, Latte, Macchiato and Iced Cappuccino. Compact brewing unit technology. Fast preheating time - 25 seconds, 19 Bar high pressure pump. Automatic power off after 9 minutes of inactivity. Automatic and programmable coffee volume quantity (Espresso and Lungo)\nPivoting cup tray accommodates tall recipe glasses.', '', 1, 34000, '', '', NULL, NULL, NULL, '', NULL, '', 1, 1, '', 'Red', '', '', '', '', '', '', 'Red', '', '', '', '', '', '', 'Nespresso Machine, Milk Frother, 16 Mixed Pods Box, Quick Start Guide', '', 'BH_puqTjAhY', 'Citiz & Milk', 'Glossy', '4.6 Kgs', 'No Warranty', '', '', '', 'No Warranty', '', '', '', '', '', 'Citiz & Milk', '9.3 in x 14.6 in x 10.9 in', '', '', '', 0),
(179, 'Nespresso Citiz & Milk Krups - Titanium', '', 'Easy insertion and ejection of capsules. Holds 10 used capsules. Removable 34-ounce water tank. For use with Nespresso coffee capsules only. Integrated aeroccino milk frother. Rapid one touch preparation of hot or cold milk froth for Cappuccino, Latte, Macchiato and Iced Cappuccino. Compact brewing unit technology. Fast preheating time - 25 seconds, 19 Bar high pressure pump. Automatic power off after 9 minutes of inactivity. Automatic and programmable coffee volume quantity (Espresso and Lungo)\nPivoting cup tray accommodates tall recipe glasses.', '', 1, 34000, '', '', NULL, NULL, NULL, '', NULL, '', 1, 1, '', 'Titanium', '', '', '', '', '', '', 'Titanium', '', '', '', '', '', '', 'Nespresso Machine, Milk Frother, 16 Mixed Pods Box, Quick Start Guide', '', 'BH_puqTjAhY', 'Citiz & Milk', 'Matte', '4.6 Kgs', 'No Warranty', '', '', '', 'No Warranty', '', '', '', '', '', 'Citiz & Milk', '9.3 in x 14.6 in x 10.9 in', '', '', '', 0),
(180, 'Nespresso Lattisima Plus Delonghi - Red', '', 'With its advanced technology, this generation of Lattissima machines delivers asimpler and more intuitive operation thanks to its one touch system. Exceptional cappuccinos and lattes are prepared with thick milk froth with the simple touch of a button.', '', 1, 41000, '', '', NULL, NULL, NULL, '', NULL, '', 1, 1, '', 'Red', '', '', '', '', '', '', 'Red', '', '', '', '', '', '', 'Nespresso Machine, 16 Mixed Pods Box, Quick Start Guide', '', 'V5JBNxCzDeQ', 'Lattisima Plus', 'Glossy', '6.0 Kgs', 'No Warranty', '', '', '', 'No Warranty', '', '', '', '', '', 'Lattisima Plus', '6.5 in x 12.6 in x 10 in', '', '', '', 0),
(181, 'B&O Beoplay H8 Wireless Headphone - Gray Hazel', '', 'Premium wireless, active noise cancellation on-ear headphone. Up to 14 hours with Bluetooth and ANC and up to 16 hours with Bluetooth.', '', 1, 39990, '', '', NULL, NULL, NULL, '', NULL, '', 1, 1, '', 'Gray Hazel', '5705260044645', '', 'On The Ear, Stereo, Noice Cancelling', 'Apple Phones, Apple Ipods, Apple Ipads, Samsung Phones', '', '', 'Black', '', '', '', '', '', '', 'Beoplay H8 Headphone, Audio cable with 3.5 mm jack, Micro USB cable for charging, Flight adapter, Carrying pouch, Quick guide', '', 'wAeIzbCS428', 'Beoplay H8 Wireless', '', '', '2 Years Warranty', '', '', '', '2 years Manufacturer Warranty from the date of purchase', '', '', '', '', '', 'Beoplay H8 Wireless', '', '', 'With Microphone', '', 0),
(182, 'B&O Beoplay H8 Wireless Headphone - Argilla Bright', '', 'Premium wireless, active noise cancellation on-ear headphone. Up to 14 hours with Bluetooth and ANC and up to 16 hours with Bluetooth.', '', 1, 39990, '', '', NULL, NULL, NULL, '', NULL, '', 1, 1, '', 'Argilla Bright', '5705260044218', '', 'On The Ear, Stereo, Noice Cancelling', 'Apple Phones, Apple Ipods, Apple Ipads, Samsung Phones', '', '', 'Cream', '', '', '', '', '', '', 'Beoplay H8 Headphone, Audio cable with 3.5 mm jack, Micro USB cable for charging, Flight adapter, Carrying pouch, Quick guide', '', 'wAeIzbCS428', 'Beoplay H8 Wireless', '', '', '2 Years Warranty', '', '', '', '2 years Manufacturer Warranty from the date of purchase', '', '', '', '', '', 'Beoplay H8 Wireless', '', '', 'With Microphone', '', 0),
(183, 'B&O Beoplay H6 Headphone - Black', '', 'Authentic and well-balanced sound experience from elegant over-ear headphone.', '', 1, 34990, '', '', NULL, NULL, NULL, '', NULL, '', 1, 1, '', 'Black', '5705260041309', '', 'On The Ear, Stereo, Noice Cancelling', 'Apple Phones, Apple Ipods, Apple Ipads, Samsung Phones', '', '', 'Black', '', '', '', '', '', '', 'BeoPlay H6 headphone, Cable with 3-button remote, Headphone bag, Quick Start guide', '', 'AkhvPVXFeE4', 'Beoplay H6', '', '', '2 Years Warranty', '', '', '', '2 years Manufacturer Warranty from the date of purchase', '', '', '', '', '', 'Beoplay H6', '', '', 'With Microphone', '', 0),
(184, 'B&O Beoplay H6 Headphone - Natural', '', 'Authentic and well-balanced sound experience from elegant over-ear headphone.', '', 1, 34990, '', '', NULL, NULL, NULL, '', NULL, '', 1, 1, '', 'Natural', '5705260041316', '', 'Over The Ear, Stereo', 'Apple Phones, Apple Ipods, Apple Ipads, Samsung Phones', '', '', 'Brown', '', '', '', '', '', '', 'BeoPlay H6 headphone, Cable with 3-button remote, Headphone bag, Quick Start guide', '', 'AkhvPVXFeE4', 'Beoplay H6', '', '', '2 Years Warranty', '', '', '', '2 years Manufacturer Warranty from the date of purchase', '', '', '', '', '', 'Beoplay H6', '', '', 'With Microphone', '', 0),
(185, 'B&O Beoplay H6 Headphone - Black Golden', '', 'Authentic and well-balanced sound experience from elegant over-ear headphone.', '', 1, 34990, '', '', NULL, NULL, NULL, '', NULL, '', 1, 1, '', 'Black Golden', '5705260046366', '', 'Over The Ear, Stereo', 'Apple Phones, Apple Ipods, Apple Ipads, Samsung Phones', '', '', 'Black', '', '', '', '', '', '', 'Beoplay H6 headphone, A cable with extendable spring coil, 3-button, Quick Start guide\n', '', '41-zp3H_dck', 'Beoplay H6', '', '', '2 Years Warranty', '', '', '', '2 years Manufacturer Warranty from the date of purchase', '', '', '', '', '', 'Beoplay H6', '', '', 'With Microphone', '', 0),
(186, 'B&O Beoplay H2 Headphone - Carbon Blue', '', 'Flexible, on-ear headphone with superior sound - and microphone and remote for hassle-free control.', '', 1, 14990, '', '', NULL, NULL, NULL, '', NULL, '', 1, 1, '', 'Carbon Blue', '5705260045932', '', 'On The Ear, Stereo', 'Apple Phones, Apple Ipods, Apple Ipads, Samsung Phones', '', '', 'Blue', '', '', '', '', '', '', 'BeoPlay H2 headphone, Cable with 3-button remote.', '', '', 'Beoplay H2', '', '', '2 Years Warranty', '', '', '', '2 years Manufacturer Warranty from the date of purchase', '', '', '', '', '', 'Beoplay H2', '', '', 'With Microphone', '', 0),
(187, 'B&O Beoplay H2 Headphone - Feldspar Green', '', 'Flexible, on-ear headphone with superior sound - and microphone and remote for hassle-free control.', '', 1, 14990, '', '', NULL, NULL, NULL, '', NULL, '', 1, 1, '', 'Feldspar Green', '5705260045956', '', 'On The Ear, Stereo', 'Apple Phones, Apple Ipods, Apple Ipads, Samsung Phones', '', '', 'Green', '', '', '', '', '', '', 'BeoPlay H2 headphone, Cable with 3-button remote.', '', '', 'Beoplay H2', '', '', '2 Years Warranty', '', '', '', '2 years Manufacturer Warranty from the date of purchase', '', '', '', '', '', 'Beoplay H2', '', '', 'With Microphone', '', 0),
(188, 'B&O Beoplay H2 Headphone - Silver Cloud', '', 'Flexible, on-ear headphone with superior sound - and microphone and remote for hassle-free control.', '', 1, 14990, '', '', '', '0000-00-00', '0000-00-00', '', '', '', 1, 1, '', 'Silver Cloud', '5705260045963', '', 'On The Ear, Stereo', 'Apple Phones, Apple Ipods, Apple Ipads, Samsung Phones', '', '', 'White', '', '', '', '', '', '', 'BeoPlay H2 headphone, Cable with 3-button remote.', '', '', 'Beoplay H2', '', '', '2 Years Warranty', '', '', '', '', '', '', '', '', '', 'Beoplay H2', '', '', 'With Microphone', '', 0),
(189, 'B&O Form 2 Headphone - Orange', '', 'Sleek and ultra-light headphone with impressive sound.', '', 1, 10200, '', '', NULL, NULL, NULL, '', NULL, '', 1, 1, '', 'Orange', '5705260039535', '', 'On The Ear, Stereo', 'Apple Phones, Apple Ipods, Apple Ipads, Samsung Phones', '', '', 'Orange', '', '', '', '', '', '', 'Form 2 Headphone', '', '', 'Form 2', '', '', '1 Year Warranty', '', '', '', '1 year Manufacturer Warranty from the date of purchase', '', '', '', '', '', 'Form 2', '', '', 'Without Microphone', '', 0),
(190, 'B&O Form 2 Headphone - Yellow', '', 'Sleek and ultra-light headphone with impressive sound.', '', 1, 10200, '', '', NULL, NULL, NULL, '', NULL, '', 1, 1, '', 'Yellow', '5705260039580', '', 'On The Ear, Stereo', 'Apple Phones, Apple Ipods, Apple Ipads, Samsung Phones', '', '', 'Yellow', '', '', '', '', '', '', 'Form 2 Headphone', '', '', 'Form 2', '', '', '1 Year Warranty', '', '', '', '1 year Manufacturer Warranty from the date of purchase', '', '', '', '', '', 'Form 2', '', '', 'Without Microphone', '', 0),
(191, 'B&O Beoplay H3 Earphone - Golden', '', 'Powerful sound, sturdy exterior and comfortable fit.', '', 1, 15990, '', '', NULL, NULL, NULL, '', NULL, '', 1, 1, '', 'Golden', '5705260044478', '', 'In Ear, Stereo', 'Apple Phones, Apple Ipods, Apple Ipads, Samsung Phones', '', '', 'Gold', '', '', '', '', '', '', 'BeoPlay H3 earphones , Earbuds XS, S, M and L, Flight adaptor , Carrying case, Quick Start guide', '', 'wHJgDa9EYJ4', 'Beoplay H3', '', '', '2 Years Warranty', '', '', '', '2 years Manufacturer Warranty from the date of purchase', '', '', '', '', '', 'Beoplay H3', '', '', 'With Microphone', '', 0),
(192, 'B&O Beoplay H3 Earphone - Red', '', 'Powerful sound, sturdy exterior and comfortable fit.', '', 1, 15990, '', '', NULL, NULL, NULL, '', NULL, '', 1, 1, '', 'Red', '5705260041286', '', 'In Ear, Stereo', 'Apple Phones, Apple Ipods, Apple Ipads, Samsung Phones', '', '', 'Red', '', '', '', '', '', '', 'BeoPlay H3 earphones , Earbuds XS, S, M and L, Flight adaptor , Carrying case, Quick Start guide', '', 'wHJgDa9EYJ4', 'Beoplay H3', '', '', '2 Years Warranty', '', '', '', '2 years Manufacturer Warranty from the date of purchase', '', '', '', '', '', 'Beoplay H3', '', '', 'With Microphone', '', 0),
(193, 'B&O Beoplay H3 Earphone - Black', '', 'Powerful sound, sturdy exterior and comfortable fit.', '', 1, 15990, '', '', NULL, NULL, NULL, '', NULL, '', 1, 1, '', 'Black', '5705260041293', '', 'In Ear, Stereo', 'Apple Phones, Apple Ipods, Apple Ipads, Samsung Phones', '', '', 'Black', '', '', '', '', '', '', 'BeoPlay H3 earphones , Earbuds XS, S, M and L, Flight adaptor , Carrying case, Quick Start guide', '', 'wHJgDa9EYJ4', 'Beoplay H3', '', '', '2 Years Warranty', '', '', '', '2 years Manufacturer Warranty from the date of purchase', '', '', '', '', '', 'Beoplay H3', '', '', 'With Microphone', '', 0),
(194, 'B&O Earset 3i Earphone - Black', '', 'Ultra light and adjustable earphone for people on the move.', '', 1, 18990, '', '', NULL, NULL, NULL, '', NULL, '', 1, 1, '', 'Black', '5705260042221', '', 'In Ear, Stereo, Clip Ons', 'Apple Phones, Apple Ipods, Apple Ipads, Samsung Phones', '', '', 'Black', '', '', '', '', '', '', 'Earset, 3 x 2 ear pads, Carrying pouch, Manual', '', 'wyP5-aFtqik', 'Earset 3i', '', '', '2 Years Warranty', '', '', '', '2 years Manufacturer Warranty from the date of purchase', '', '', '', '', '', 'Earset 3i', '', '', 'With Microphone', '', 0),
(195, 'B&O Earset 3i Earphone - White', '', 'Ultra light and adjustable earphone for people on the move.', '', 1, 18990, '', '', NULL, NULL, NULL, '', NULL, '', 1, 1, '', 'White', '5705260042214', '', 'In Ear, Stereo, Clip Ons', 'Apple Phones, Apple Ipods, Apple Ipads, Samsung Phones', '', '', 'White', '', '', '', '', '', '', 'Earset, 3 x 2 ear pads, Carrying pouch, Manual', '', 'wyP5-aFtqik', 'Earset 3i', '', '', '2 Years Warranty', '', '', '', '2 years Manufacturer Warranty from the date of purchase', '', '', '', '', '', 'Earset 3i', '', '', 'With Microphone', '', 0),
(196, 'Bowers&Wilkins P5 Headphone - Black', '', 'Incredible soft sheep', '', 1, 25990, '', '', NULL, NULL, NULL, '', NULL, '', 1, 1, '', 'Black', '714346313655', '', 'On The Ear, Stereo', 'Apple Phones, Apple Ipods, Apple Ipads, Samsung Phones', '', '', 'Black', '', '', '', '', '', '', 'P5 headphones, Apple remote and mic cable, Universal cable, Quick Start Guide', '', 'bg5Q6IC-zH0', 'P5', '', '', '2 Years Warranty', '', '', '', '2 years Manufacturer Warranty from the date of purchase', '', '', '', '', '', 'P5', '', '', 'With Microphone', '', 0),
(197, 'Bowers&Wilkins P7 Headphone - Black', '', 'A truly immersive sound combined with the luxurious comfort and impeccable build quality you expect from Bowers & Wilkins. We', '', 1, 33990, '', '', NULL, NULL, NULL, '', NULL, '', 1, 1, '', 'Black', '714346319701', '', 'Over The Ear, Stereo', 'Apple Phones, Apple Ipods, Apple Ipads, Samsung Phones', '', '', 'Black', '', '', '', '', '', '', 'P7 headphones, Apple remote and mic cable, Universal cable, 3.5mm to 6.3mm adapter, Soft pouch, Quick Start Guide', '', '99x8_Egdr7k', 'P7', '', '', '2 Years Warranty', '', '', '', '2 years Manufacturer Warranty from the date of purchase', '', '', '', '', '', 'P7', '', '', 'With Microphone', '', 0),
(198, 'Bowers&Wilkins P3 Headphone - Red', '', 'Light, fresh, solid-in-design, and immensely portable, the P3s deliver an exceptional sound experience. Stylish yet understated and now in a dynamic range of colours, they guarantee the wearer will stand out from the crowd.', '', 1, 17990, '', '', NULL, NULL, NULL, '', NULL, '', 1, 1, '', 'Red', '714346319756', '', 'On The Ear, Stereo', 'Apple Phones, Apple Ipods, Apple Ipads, Samsung Phones', '', '', 'Red', '', '', '', '', '', '', 'P3 headphones, Apple remote and mic cable, Universal cable, Hard Case, Quick Start Guide', '', 'sJ8Rmbf7wIs', 'P3', '', '', '2 Years Warranty', '', '', '', '2 years Manufacturer Warranty from the date of purchase', '', '', '', '', '', 'P3', '', '', 'With Microphone', '', 0),
(199, 'Bowers&Wilkins P3 Headphone - White', '', 'Light, fresh, solid-in-design, and immensely portable, the P3s deliver an exceptional sound experience. Stylish yet understated and now in a dynamic range of colours, they guarantee the wearer will stand out from the crowd.', '', 1, 17990, '', '', NULL, NULL, NULL, '', NULL, '', 1, 1, '', 'White', '714346315024', '', 'On The Ear, Stereo', 'Apple Phones, Apple Ipods, Apple Ipads, Samsung Phones', '', '', 'White', '', '', '', '', '', '', 'P3 headphones, Apple remote and mic cable, Universal cable, Hard Case, Quick Start Guide', '', 'sJ8Rmbf7wIs', 'P3', '', '', '2 Years Warranty', '', '', '', '2 years Manufacturer Warranty from the date of purchase', '', '', '', '', '', 'P3', '', '', 'With Microphone', '', 0);
INSERT INTO `product` (`id`, `name`, `sku`, `description`, `url`, `visibility`, `price`, `wholesaleprice`, `firstsaleprice`, `secondsaleprice`, `specialpriceto`, `specialpricefrom`, `metatitle`, `metadesc`, `metakeyword`, `quantity`, `status`, `modelnumber`, `brandcolor`, `eanorupc`, `eanorupcmeasuringunits`, `type`, `compatibledevice`, `compatiblewith`, `material`, `color`, `design`, `width`, `height`, `depth`, `portsize`, `packof`, `salespackage`, `keyfeatures`, `videourl`, `modelname`, `finish`, `weight`, `domesticwarranty`, `domesticwarrantymeasuringunits`, `internationalwarranty`, `internationalwarrantymeasuringunits`, `warrantysummary`, `warrantyservicetype`, `coveredinwarranty`, `notcoveredinwarranty`, `size`, `typename`, `colormatch`, `dimension`, `capacity`, `microphone`, `length`, `voltage`) VALUES
(200, 'Bowers&Wilkins P3 Headphone - Blue', '', 'Light, fresh, solid-in-design, and immensely portable, the P3s deliver an exceptional sound experience. Stylish yet understated and now in a dynamic range of colours, they guarantee the wearer will stand out from the crowd.', '', 1, 17990, '', '', NULL, NULL, NULL, '', NULL, '', 1, 1, '', 'Blue', '714346317776', '', 'On The Ear, Stereo', 'Apple Phones, Apple Ipods, Apple Ipads, Samsung Phones', '', '', 'Blue', '', '', '', '', '', '', 'P3 headphones, Apple remote and mic cable, Universal cable, Hard Case, Quick Start Guide', '', 'sJ8Rmbf7wIs', 'P3', '', '', '2 Years Warranty', '', '', '', '2 years Manufacturer Warranty from the date of purchase', '', '', '', '', '', 'P3', '', '', 'With Microphone', '', 0),
(201, 'Bowers&Wilkins P3 Headphone - Black', '', 'Light, fresh, solid-in-design, and immensely portable, the P3s deliver an exceptional sound experience. Stylish yet understated and now in a dynamic range of colours, they guarantee the wearer will stand out from the crowd.', '', 1, 17990, '', '', NULL, NULL, NULL, '', NULL, '', 1, 1, '', 'Black', '714346315017', '', 'On The Ear, Stereo', 'Apple Phones, Apple Ipods, Apple Ipads, Samsung Phones', '', '', 'Black', '', '', '', '', '', '', 'P3 headphones, Apple remote and mic cable, Universal cable, Hard Case, Quick Start Guide', '', 'sJ8Rmbf7wIs', 'P3', '', '', '2 Years Warranty', '', '', '', '2 years Manufacturer Warranty from the date of purchase', '', '', '', '', '', 'P3', '', '', 'With Microphone', '', 0),
(202, 'Bowers&Wilkins P5 Wireless Headphone - Black', '', 'P5 performance, no wires. P5 Wireless with aptX Bluetooth sets a new standard for audio quality and convenience. With universal compatibility, 17 hour battery and P5', '', 1, 28950, '', '', NULL, NULL, NULL, '', NULL, '', 1, 1, '', 'Black', '714346323234', '', 'On The Ear, Stereo', 'Apple Phones, Apple Ipods, Apple Ipads, Samsung Phones', '', '', 'Black', '', '', '', '', '', '', 'P5 Wireless headphones, Audio Cable, USB Cable for charging, Carry Case, Quick Start Guide', '', 'TMsrMTkwtew', 'P5 Wireless', '', '', '2 Years Warranty', '', '', '', '2 years Manufacturer Warranty from the date of purchase', '', '', '', '', '', 'P5 Wireless', '', '', 'With Microphone', '', 0),
(203, 'Bowers&Wilkins C5 Series 2 Earphone - Black', '', 'C5 Series 2 in-ear headphones bring you amazingly natural acoustics and fit so snugly you', '', 1, 16712, '', '', NULL, NULL, NULL, '', NULL, '', 1, 1, '', 'Black', '714346319138', '', 'In Ear, Stereo', 'Apple Phones, Apple Ipods, Apple Ipads, Samsung Phones', '', '', 'Black', '', '', '', '', '', '', 'C5 Series 2 In-Ear Headphones, Small, medium and large ear tips, Storage pouch', '', '', 'C5 Series 2', '', '', '2 Years Warranty', '', '', '', '2 years Manufacturer Warranty from the date of purchase', '', '', '', '', '', 'C5 Series 2', '', '', 'With Microphone', '', 0),
(204, 'Urbanears Plattan Headphone - White', '', 'Plattan headphones are the ultimate closet staples; color match them with your business attire and wear them on your way to work, put em on during the laid back coffee shop study sesh or add a fun twist to your workout gear.', '', 1, 5750, '', '', NULL, NULL, NULL, '', NULL, '', 1, 1, '', 'White', '7340055300513', '', 'Over The Ear, Stereo', 'Apple Phones, Apple Ipods, Apple Ipads, Samsung Phones', '', '', 'White', '', '', '', '', '', '', 'Plattan Headphone, Cable with remote and mic', '', '4PkrxBRR0iw', 'Plattan', '', '', '1 Year Warranty', '', '', '', '1 year Manufacturer Warranty from the date of purchase', '', '', '', '', '', 'Plattan', '', '', 'With Microphone', '', 0),
(205, 'Urbanears Plattan Headphone - Coral', '', 'Plattan headphones are the ultimate closet staples; color match them with your business attire and wear them on your way to work, put em on during the laid back coffee shop study sesh or add a fun twist to your workout gear.', '', 1, 5750, '', '', NULL, NULL, NULL, '', NULL, '', 1, 1, '', 'Coral', '7340055307048', '', 'Over The Ear, Stereo', 'Apple Phones, Apple Ipods, Apple Ipads, Samsung Phones', '', '', 'Pink', '', '', '', '', '', '', 'Plattan Headphone, Cable with remote and mic', '', '4PkrxBRR0iw', 'Plattan', '', '', '1 Year Warranty', '', '', '', '1 year Manufacturer Warranty from the date of purchase', '', '', '', '', '', 'Plattan', '', '', 'With Microphone', '', 0),
(206, 'Urbanears Zinken Headphone - Tomato', '', 'Zinken is a DJ headphone extraordinaire. Its full-size on-ear construction isolates you from outside noise, so you can hear deep bass and crisp mids and highs.', '', 1, 12500, '', '', NULL, NULL, NULL, '', NULL, '', 1, 1, '', 'Tomato', '7340055306164', '', 'On The Ear, Stereo', 'Apple Phones, Apple Ipods, Apple Ipads, Samsung Phones', '', '', 'Red', '', '', '', '', '', '', 'Zinken headphone, Coiled Cable with remote and mic', '', 'JhhxjXFSJDc', 'Zinken', '', '', '1 Year Warranty', '', '', '', '1 year Manufacturer Warranty from the date of purchase', '', '', '', '', '', 'Zinken', '', '', 'With Microphone', '', 0),
(207, 'Urbanears Zinken Headphone - White', '', 'Zinken is a DJ headphone extraordinaire. Its full-size on-ear construction isolates you from outside noise, so you can hear deep bass and crisp mids and highs.', '', 1, 12500, '', '', NULL, NULL, NULL, '', NULL, '', 1, 1, '', 'White', '7340055306126', '', 'On The Ear, Stereo', 'Apple Phones, Apple Ipods, Apple Ipads, Samsung Phones', '', '', 'White', '', '', '', '', '', '', 'Zinken headphone, Coiled Cable with remote and mic', '', 'JhhxjXFSJDc', 'Zinken', '', '', '1 Year Warranty', '', '', '', '1 year Manufacturer Warranty from the date of purchase', '', '', '', '', '', 'Zinken', '', '', 'With Microphone', '', 0),
(208, 'Urbanears Zinken Headphone - Black', '', 'Zinken is a DJ headphone extraordinaire. Its full-size on-ear construction isolates you from outside noise, so you can hear deep bass and crisp mids and highs.', '', 1, 12500, '', '', NULL, NULL, NULL, '', NULL, '', 1, 1, '', 'Black', '7340055306133', '', 'On The Ear, Stereo', 'Apple Phones, Apple Ipods, Apple Ipads, Samsung Phones', '', '', 'Black', '', '', '', '', '', '', 'Zinken headphone, Coiled Cable with remote and mic', '', 'JhhxjXFSJDc', 'Zinken', '', '', '1 Year Warranty', '', '', '', '1 year Manufacturer Warranty from the date of purchase', '', '', '', '', '', 'Zinken', '', '', 'With Microphone', '', 0),
(209, 'Urbanears Zinken Headphone - Grape', '', 'Zinken is a DJ headphone extraordinaire. Its full-size on-ear construction isolates you from outside noise, so you can hear deep bass and crisp mids and highs.', '', 1, 12500, '', '', NULL, NULL, NULL, '', NULL, '', 1, 1, '', 'Grape', '7340055306218', '', 'On The Ear, Stereo', 'Apple Phones, Apple Ipods, Apple Ipads, Samsung Phones', '', '', 'Purple', '', '', '', '', '', '', 'Zinken headphone, Coiled Cable with remote and mic', '', 'JhhxjXFSJDc', 'Zinken', '', '', '1 Year Warranty', '', '', '', '1 year Manufacturer Warranty from the date of purchase', '', '', '', '', '', 'Zinken', '', '', 'With Microphone', '', 0),
(210, 'Urbanears Medis Earphone - White', '', 'An unprecedented experience in ergonomics and functionality, Medis is a unique in-ear headphone featuring the Urbanears-original EarClick solution for a custom fit. Naturally, Medis also features dynamic sound and a sleek and minimal design.', '', 1, 4750, '', '', NULL, NULL, NULL, '', NULL, '', 1, 1, '', 'White', '7340055300230', '', 'In Ear, Stereo', 'Apple Phones, Apple Ipods, Apple Ipads, Samsung Phones', '', '', 'White', '', '', '', '', '', '', 'Medis Earphone with remote-mic cable, Four sets of interchangeable ear pads in different sizes', '', 'BTF88Xu7HKo', 'Medis', '', '', '1 Year Warranty', '', '', '', '1 year Manufacturer Warranty from the date of purchase', '', '', '', '', '', 'Medis', '', '', 'With Microphone', '', 0),
(211, 'Urbanears Medis Earphone - Mocca', '', 'An unprecedented experience in ergonomics and functionality, Medis is a unique in-ear headphone featuring the Urbanears-original EarClick solution for a custom fit. Naturally, Medis also features dynamic sound and a sleek and minimal design.', '', 1, 4750, '', '', NULL, NULL, NULL, '', NULL, '', 1, 1, '', 'Mocca', '7340055302432', '', 'In Ear, Stereo', 'Apple Phones, Apple Ipods, Apple Ipads, Samsung Phones', '', '', 'Brown', '', '', '', '', '', '', 'Medis Earphone with remote-mic cable, Four sets of interchangeable ear pads in different sizes', '', 'BTF88Xu7HKo', 'Medis', '', '', '1 Year Warranty', '', '', '', '1 year Manufacturer Warranty from the date of purchase', '', '', '', '', '', 'Medis', '', '', 'With Microphone', '', 0),
(212, 'Urbanears Medis Earphone - Mustard', '', 'An unprecedented experience in ergonomics and functionality, Medis is a unique in-ear headphone featuring the Urbanears-original EarClick solution for a custom fit. Naturally, Medis also features dynamic sound and a sleek and minimal design.', '', 1, 4750, '', '', NULL, NULL, NULL, '', NULL, '', 1, 1, '', 'Mustard', '7340055305051', '', 'In Ear, Stereo', 'Apple Phones, Apple Ipods, Apple Ipads, Samsung Phones', '', '', 'Yellow', '', '', '', '', '', '', 'Medis Earphone with remote-mic cable, Four sets of interchangeable ear pads in different sizes', '', 'BTF88Xu7HKo', 'Medis', '', '', '1 Year Warranty', '', '', '', '1 year Manufacturer Warranty from the date of purchase', '', '', '', '', '', 'Medis', '', '', 'With Microphone', '', 0),
(213, 'Urbanears Medis Earphone - Pumpkin', '', 'An unprecedented experience in ergonomics and functionality, Medis is a unique in-ear headphone featuring the Urbanears-original EarClick solution for a custom fit. Naturally, Medis also features dynamic sound and a sleek and minimal design.', '', 1, 4750, '', '', NULL, NULL, NULL, '', NULL, '', 1, 1, '', 'Pumpkin', '7340055306843', '', 'In Ear, Stereo', 'Apple Phones, Apple Ipods, Apple Ipads, Samsung Phones', '', '', 'Orange', '', '', '', '', '', '', 'Medis Earphone with remote-mic cable, Four sets of interchangeable ear pads in different sizes', '', 'BTF88Xu7HKo', 'Medis', '', '', '1 Year Warranty', '', '', '', '1 year Manufacturer Warranty from the date of purchase', '', '', '', '', '', 'Medis', '', '', 'With Microphone', '', 0),
(214, 'Beats By Dre Power Beats Earphone - White', '', 'Sweat resistant and UV protected, ideal for those who love getting athletic to music, indoors or outdoors. Advanced passive sound isolation delivers music with power yet keeps your surroundings audible. ControlTalk on-cable mic for convenient hands-free calling with iPhones and smartphones.', '', 1, 12350, '', '', NULL, NULL, NULL, '', NULL, '', 1, 1, '', 'White', '848447000500', '', 'In Ear, Stereo, Clip Ons, Sweat Resistant', 'Apple Phones, Apple Ipods, Apple Ipads, Samsung Phones', '', '', 'White', '', '', '', '', '', '', 'Powerbeats earphones with RemoteTalk, Carrying case, Three pairs of multi-sized/shaped ear tips, Cable management clip, Quick start guide', '', '', 'Power Beats', '', '', '1 Year Warranty', '', '', '', '1 year Manufacturer Warranty from the date of purchase', '', '', '', '', '', 'Power Beats', '', '', 'With Microphone', '', 0),
(215, 'Beats By Dre Power Beats Earphone - Red', '', 'Sweat resistant and UV protected, ideal for those who love getting athletic to music, indoors or outdoors. Advanced passive sound isolation delivers music with power yet keeps your surroundings audible. ControlTalk on-cable mic for convenient hands-free calling with iPhones and smartphones.', '', 1, 12350, '', '', NULL, NULL, NULL, '', NULL, '', 1, 1, '', 'Red', '848447000487', '', 'In Ear, Stereo, Clip Ons, Sweat Resistant', 'Apple Phones, Apple Ipods, Apple Ipads, Samsung Phones', '', '', 'Red', '', '', '', '', '', '', 'Powerbeats earphones with RemoteTalk, Carrying case, Three pairs of multi-sized/shaped ear tips, Cable management clip, Quick start guide', '', '', 'Power Beats', '', '', '1 Year Warranty', '', '', '', '1 year Manufacturer Warranty from the date of purchase', '', '', '', '', '', 'Power Beats', '', '', 'With Microphone', '', 0),
(216, 'Beats By Dre Power Beats Earphone - Black', '', 'Sweat resistant and UV protected, ideal for those who love getting athletic to music, indoors or outdoors. Advanced passive sound isolation delivers music with power yet keeps your surroundings audible. ControlTalk on-cable mic for convenient hands-free calling with iPhones and smartphones.', '', 1, 12350, '', '', NULL, NULL, NULL, '', NULL, '', 1, 1, '', 'Black', '848447000463', '', 'In Ear, Stereo, Clip Ons, Sweat Resistant', 'Apple Phones, Apple Ipods, Apple Ipads, Samsung Phones', '', '', 'Black', '', '', '', '', '', '', 'Powerbeats earphones with RemoteTalk, Carrying case, Three pairs of multi-sized/shaped ear tips, Cable management clip, Quick start guide', '', '', 'Power Beats', '', '', '1 Year Warranty', '', '', '', '1 year Manufacturer Warranty from the date of purchase', '', '', '', '', '', 'Power Beats', '', '', 'With Microphone', '', 0),
(217, 'Beats By Dre Urbeats Earphone - Black', '', 'Deep bass, soaring highs and clear midrange. Solid metal housing creates an undisturbed listening experience. Multisized eartips for a complete fit. Take calls and control music with RemoteTalk cable.', '', 1, 8500, '', '', NULL, NULL, NULL, '', NULL, '', 1, 1, '', 'Black', '848447001576', '', 'In Ear, Stereo', 'Apple Phones, Apple Ipods, Apple Ipads, Samsung Phones', '', '', 'Black', '', '', '', '', '', '', 'UrBeats earphones with In-line control microphone cable, Storage pouch, Four pairs of ear tip fittings', '', '', 'Urbeats', '', '', '1 Year Warranty', '', '', '', '1 year Manufacturer Warranty from the date of purchase', '', '', '', '', '', 'Urbeats', '', '', 'With Microphone', '', 0),
(218, 'Beats By Dre Urbeats Earphone - Red', '', 'Deep bass, soaring highs and clear midrange. Solid metal housing creates an undisturbed listening experience. Multisized eartips for a complete fit. Take calls and control music with RemoteTalk cable.', '', 1, 8500, '', '', NULL, NULL, NULL, '', NULL, '', 1, 1, '', 'Red', '848447008445', '', 'In Ear, Stereo', 'Apple Phones, Apple Ipods, Apple Ipads, Samsung Phones', '', '', 'Red', '', '', '', '', '', '', 'UrBeats earphones with In-line control microphone cable, Storage pouch, Four pairs of ear tip fittings', '', '', 'Urbeats', '', '', '1 Year Warranty', '', '', '', '1 year Manufacturer Warranty from the date of purchase', '', '', '', '', '', 'Urbeats', '', '', 'With Microphone', '', 0),
(219, 'Beats By Dre Urbeats Earphone - Gold', '', 'Deep bass, soaring highs and clear midrange. Solid metal housing creates an undisturbed listening experience. Multisized eartips for a complete fit. Take calls and control music with RemoteTalk cable.', '', 1, 8500, '', '', NULL, NULL, NULL, '', NULL, '', 1, 1, '', 'Gold', '888462334457', '', 'In Ear, Stereo', 'Apple Phones, Apple Ipods, Apple Ipads, Samsung Phones', '', '', 'Gold', '', '', '', '', '', '', 'UrBeats earphones with In-line control microphone cable, Storage pouch, Four pairs of ear tip fittings', '', '', 'Urbeats', '', '', '1 Year Warranty', '', '', '', '1 year Manufacturer Warranty from the date of purchase', '', '', '', '', '', 'Urbeats', '', '', 'With Microphone', '', 0),
(220, 'Beats By Dre Urbeats Earphone - White', '', 'Deep bass, soaring highs and clear midrange. Solid metal housing creates an undisturbed listening experience. Multisized eartips for a complete fit. Take calls and control music with RemoteTalk cable.', '', 1, 8500, '', '', NULL, NULL, NULL, '', NULL, '', 1, 1, '', 'White', '848447001538', '', 'In Ear, Stereo', 'Apple Phones, Apple Ipods, Apple Ipads, Samsung Phones', '', '', 'White', '', '', '', '', '', '', 'UrBeats earphones with In-line control microphone cable, Storage pouch, Four pairs of ear tip fittings', '', '', 'Urbeats', '', '', '1 Year Warranty', '', '', '', '1 year Manufacturer Warranty from the date of purchase', '', '', '', '', '', 'Urbeats', '', '', 'With Microphone', '', 0),
(221, 'Beats By Dre Tour2 Earphone - Black', '', 'Sweat and water-resistant to survive tough weather and workouts. Optional wingtips for a versatile and comfortable fit. Full-range sound profile with crisp highs and powerful lows. Take hands-free calls and control music with RemoteTalk cable.', '', 1, 12350, '', '', NULL, NULL, NULL, '', NULL, '', 1, 1, '', 'Black', '848447003914', '', 'In Ear, Stereo', 'Apple Phones, Apple Ipods, Apple Ipads, Samsung Phones', '', '', 'Black', '', '', '', '', '', '', 'Tour2 earphones with RemoteTalk cable, Hard shell carrying case, 4 pairs of multi-sized/shaped eartips,3 pairs of multi-sized secure-fit wingtips, Cable management clip, Quick Start Guide', '', '', 'Tour2', '', '', '1 Year Warranty', '', '', '', '1 year Manufacturer Warranty from the date of purchase', '', '', '', '', '', 'Tour2', '', '', 'With Microphone', '', 0),
(222, 'Beats By Dre Tour2 Earphone - White', '', 'Sweat and water-resistant to survive tough weather and workouts. Optional wingtips for a versatile and comfortable fit. Full-range sound profile with crisp highs and powerful lows. Take hands-free calls and control music with RemoteTalk cable.', '', 1, 12350, '', '', NULL, NULL, NULL, '', NULL, '', 1, 1, '', 'White', '848447004416', '', 'In Ear, Stereo', 'Apple Phones, Apple Ipods, Apple Ipads, Samsung Phones', '', '', 'White', '', '', '', '', '', '', 'Tour2 earphones with RemoteTalk cable, Hard shell carrying case, 4 pairs of multi-sized/shaped eartips,3 pairs of multi-sized secure-fit wingtips, Cable management clip, Quick Start Guide', '', '', 'Tour2', '', '', '1 Year Warranty', '', '', '', '1 year Manufacturer Warranty from the date of purchase', '', '', '', '', '', 'Tour2', '', '', 'With Microphone', '', 0),
(223, 'Beats By Dre Tour2 Earphone - Red', '', 'Sweat and water-resistant to survive tough weather and workouts. Optional wingtips for a versatile and comfortable fit. Full-range sound profile with crisp highs and powerful lows. Take hands-free calls and control music with RemoteTalk cable.', '', 1, 12350, '', '', NULL, NULL, NULL, '', NULL, '', 1, 1, '', 'Red', '848447006779', '', 'In Ear, Stereo', 'Apple Phones, Apple Ipods, Apple Ipads, Samsung Phones', '', '', 'Red', '', '', '', '', '', '', 'Tour2 earphones with RemoteTalk cable, Hard shell carrying case, 4 pairs of multi-sized/shaped eartips,3 pairs of multi-sized secure-fit wingtips, Cable management clip, Quick Start Guide', '', '', 'Tour2', '', '', '1 Year Warranty', '', '', '', '1 year Manufacturer Warranty from the date of purchase', '', '', '', '', '', 'Tour2', '', '', 'With Microphone', '', 0),
(224, 'Beats By Dre Power Beats2 Wireless Earphone - White', '', 'Premium sound in a lightweight design with flexible earhooks. Sweat and water resistant. Take hands-free calls and adjust music with no-slip-grip RemoteTalk controls. Pair and play with your Bluetooth device with 30 foot range. 6 hour rechargeable battery.', '', 1, 18000, '', '', NULL, NULL, NULL, '', NULL, '', 1, 1, '', 'White', '848447012510', '', 'In Ear, Stereo, Clip Ons, Sweat Resistant', 'Apple Phones, Apple Ipods, Apple Ipads, Samsung Phones', '', '', 'White', '', '', '', '', '', '', 'Powerbeats2 Wireless earphones with RemoteTalk wrap around cable, Hard shell carrying case, Universal micro USB cable, Cable management clip, Four pairs of multi-sized/shaped ear tips, Quick Start guide', '', '', 'Power Beats2 Wireless', '', '', '1 Year Warranty', '', '', '', '1 year Manufacturer Warranty from the date of purchase', '', '', '', '', '', 'Power Beats2 Wireless', '', '', 'With Microphone', '', 0),
(225, 'Beats By Dre Power Beats2 Wireless Earphone - Red', '', 'Premium sound in a lightweight design with flexible earhooks. Sweat and water resistant. Take hands-free calls and adjust music with no-slip-grip RemoteTalk controls. Pair and play with your Bluetooth device with 30 foot range. 6 hour rechargeable battery.', '', 1, 18000, '', '', NULL, NULL, NULL, '', NULL, '', 1, 1, '', 'Red', '848447012480', '', 'In Ear, Stereo, Clip Ons, Sweat Resistant', 'Apple Phones, Apple Ipods, Apple Ipads, Samsung Phones', '', '', 'Red', '', '', '', '', '', '', 'Powerbeats2 Wireless earphones with RemoteTalk wrap around cable, Hard shell carrying case, Universal micro USB cable, Cable management clip, Four pairs of multi-sized/shaped ear tips, Quick Start guide', '', '', 'Power Beats2 Wireless', '', '', '1 Year Warranty', '', '', '', '1 year Manufacturer Warranty from the date of purchase', '', '', '', '', '', 'Power Beats2 Wireless', '', '', 'With Microphone', '', 0),
(226, 'Beats By Dre Power Beats2 Wireless Earphone - Black', '', 'Premium sound in a lightweight design with flexible earhooks. Sweat and water resistant. Take hands-free calls and adjust music with no-slip-grip RemoteTalk controls. Pair and play with your Bluetooth device with 30 foot range. 6 hour rechargeable battery.', '', 1, 18000, '', '', NULL, NULL, NULL, '', NULL, '', 1, 1, '', 'Black', '848447012459', '', 'In Ear, Stereo, Clip Ons, Sweat Resistant', 'Apple Phones, Apple Ipods, Apple Ipads, Samsung Phones', '', '', 'Black', '', '', '', '', '', '', 'Powerbeats2 Wireless earphones with RemoteTalk wrap around cable, Hard shell carrying case, Universal micro USB cable, Cable management clip, Four pairs of multi-sized/shaped ear tips, Quick Start guide', '', '', 'Power Beats2 Wireless', '', '', '1 Year Warranty', '', '', '', '1 year Manufacturer Warranty from the date of purchase', '', '', '', '', '', 'Power Beats2 Wireless', '', '', 'With Microphone', '', 0),
(227, 'Beats By Dre Power Beats2 Wireless Earphone - Blue', '', 'Premium sound in a lightweight design with flexible earhooks. Sweat and water resistant. Take hands-free calls and adjust music with no-slip-grip RemoteTalk controls. Pair and play with your Bluetooth device with 30 foot range. 6 hour rechargeable battery.', '', 1, 18000, '', '', NULL, NULL, NULL, '', NULL, '', 1, 1, '', 'Blue', '848447012992', '', 'In Ear, Stereo, Clip Ons, Sweat Resistant', 'Apple Phones, Apple Ipods, Apple Ipads, Samsung Phones', '', '', 'Blue', '', '', '', '', '', '', 'Powerbeats2 Wireless earphones with RemoteTalk wrap around cable, Hard shell carrying case, Universal micro USB cable, Cable management clip, Four pairs of multi-sized/shaped ear tips, Quick Start guide', '', '', 'Power Beats2 Wireless', '', '', '1 Year Warranty', '', '', '', '1 year Manufacturer Warranty from the date of purchase', '', '', '', '', '', 'Power Beats2 Wireless', '', '', 'With Microphone', '', 0),
(228, 'Beats By Dre Studio Headphone - Orange', '', 'Original Beats Studio, battery-powered over-ear headphones developed by Dr. Dre headphones amplify music while blocking out noise. Flawless, iconic fit with a convenient foldable design. Remote control operation from the cord.', '', 1, 25000, '', '', NULL, NULL, NULL, '', NULL, '', 1, 1, '', 'Orange', '848447000753', '', 'Over The Ear, Stereo, Noice Cancelling', 'Apple Phones, Apple Ipods, Apple Ipads, Samsung Phones', '', '', 'Orange', '', '', '', '', '', '', 'Beats Studio over ear headphones, RemoteTalk cable, Hard shell carrying case, 2 AAA Batteries, Quick Start-Up Guide', '', '', 'Studio', '', '', '1 Year Warranty', '', '', '', '1 year Manufacturer Warranty from the date of purchase', '', '', '', '', '', 'Studio', '', '', 'With Microphone', '', 0),
(229, 'Beats By Dre Studio Headphone - Pink', '', 'Original Beats Studio, battery-powered over-ear headphones developed by Dr. Dre headphones amplify music while blocking out noise. Flawless, iconic fit with a convenient foldable design. Remote control operation from the cord.', '', 1, 25000, '', '', NULL, NULL, NULL, '', NULL, '', 1, 1, '', 'Pink', '848447001217', '', 'Over The Ear, Stereo, Noice Cancelling', 'Apple Phones, Apple Ipods, Apple Ipads, Samsung Phones', '', '', 'Pink', '', '', '', '', '', '', 'Beats Studio over ear headphones, RemoteTalk cable, Hard shell carrying case, 2 AAA Batteries, Quick Start-Up Guide', '', '', 'Studio', '', '', '1 Year Warranty', '', '', '', '1 year Manufacturer Warranty from the date of purchase', '', '', '', '', '', 'Studio', '', '', 'With Microphone', '', 0),
(230, 'Beats By Dre Studio Headphone - Red', '', 'Original Beats Studio, battery-powered over-ear headphones developed by Dr. Dre headphones amplify music while blocking out noise. Flawless, iconic fit with a convenient foldable design. Remote control operation from the cord.', '', 1, 25000, '', '', NULL, NULL, NULL, '', NULL, '', 1, 1, '', 'Red', '848447000807', '', 'Over The Ear, Stereo, Noice Cancelling', 'Apple Phones, Apple Ipods, Apple Ipads, Samsung Phones', '', '', 'Red', '', '', '', '', '', '', 'Beats Studio over ear headphones, RemoteTalk cable, Hard shell carrying case, 2 AAA Batteries, Quick Start-Up Guide', '', '', 'Studio', '', '', '1 Year Warranty', '', '', '', '1 year Manufacturer Warranty from the date of purchase', '', '', '', '', '', 'Studio', '', '', 'With Microphone', '', 0),
(231, 'Beats By Dre Studio 2 Headphone - Red', '', 'The world', '', 1, 23600, '', '', NULL, NULL, NULL, '', NULL, '', 1, 1, '', 'Red', '848447001361', '', 'Over The Ear, Stereo, Noice Cancelling', 'Apple Phones, Apple Ipods, Apple Ipads, Samsung Phones', '', '', 'Red', '', '', '', '', '', '', 'Beats Studio over ear headphones, USB 2.0 Charging Cable, USB power adapter, 3.5mm audio cable, RemoteTalk cable, Hard shell carrying case, Quick Start-Up Guide', '', '', 'Studio 2', '', '', '1 Year Warranty', '', '', '', '1 year Manufacturer Warranty from the date of purchase', '', '', '', '', '', 'Studio 2', '', '', 'With Microphone', '', 0),
(232, 'Beats By Dre Studio 2 Headphone - White', '', 'The world', '', 1, 23600, '', '', NULL, NULL, NULL, '', NULL, '', 1, 1, '', 'White', '848447001354', '', 'Over The Ear, Stereo, Noice Cancelling', 'Apple Phones, Apple Ipods, Apple Ipads, Samsung Phones', '', '', 'White', '', '', '', '', '', '', 'Beats Studio over ear headphones, USB 2.0 Charging Cable, USB power adapter, 3.5mm audio cable, RemoteTalk cable, Hard shell carrying case, Quick Start-Up Guide', '', '', 'Studio 2', '', '', '1 Year Warranty', '', '', '', '1 year Manufacturer Warranty from the date of purchase', '', '', '', '', '', 'Studio 2', '', '', 'With Microphone', '', 0),
(233, 'Beats By Dre Studio 2 Headphone - Black', '', 'The world', '', 1, 23600, '', '', NULL, NULL, NULL, '', NULL, '', 1, 1, '', 'Black', '848447001347', '', 'Over The Ear, Stereo, Noice Cancelling', 'Apple Phones, Apple Ipods, Apple Ipads, Samsung Phones', '', '', 'Black', '', '', '', '', '', '', 'Beats Studio over ear headphones, USB 2.0 Charging Cable, USB power adapter, 3.5mm audio cable, RemoteTalk cable, Hard shell carrying case, Quick Start-Up Guide', '', '', 'Studio 2', '', '', '1 Year Warranty', '', '', '', '1 year Manufacturer Warranty from the date of purchase', '', '', '', '', '', 'Studio 2', '', '', 'With Microphone', '', 0),
(234, 'Beats By Dre Studio 2 Headphone - Blue', '', 'The world', '', 1, 23600, '', '', NULL, NULL, NULL, '', NULL, '', 1, 1, '', 'Blue', '848447007271', '', 'Over The Ear, Stereo, Noice Cancelling', 'Apple Phones, Apple Ipods, Apple Ipads, Samsung Phones', '', '', 'Blue', '', '', '', '', '', '', 'Beats Studio over ear headphones, USB 2.0 Charging Cable, USB power adapter, 3.5mm audio cable, RemoteTalk cable, Hard shell carrying case, Quick Start-Up Guide', '', '', 'Studio 2', '', '', '1 Year Warranty', '', '', '', '1 year Manufacturer Warranty from the date of purchase', '', '', '', '', '', 'Studio 2', '', '', 'With Microphone', '', 0),
(235, 'Beats By Dre Studio Wireless Headphone - Black', '', 'Pair and play with your Bluetooth device with 30 foot range. Dual-mode Adaptive Noise Canceling. Iconic Beats sound. 12 hour rechargeable battery with Fuel Gauge. Take hands-free calls with built-in mic.', '', 1, 29900, '', '', NULL, NULL, NULL, '', NULL, '', 1, 1, '', 'Black', '848447009091', '', 'Over The Ear, Stereo, Noice Cancelling', 'Apple Phones, Apple Ipods, Apple Ipads, Samsung Phones', '', '', 'Black', '', '', '', '', '', '', 'Beats Studio Wireless headphones, RemoteTalk cable, 3.5mm Audio cable, USB 2.0 charging cable (USB-A to USB Micro-B), USB Power adapter, Hard shell carrying case, Quick Start Guide', '', '', 'Studio Wireless', '', '', '1 Year Warranty', '', '', '', '1 year Manufacturer Warranty from the date of purchase', '', '', '', '', '', 'Studio Wireless', '', '', 'With Microphone', '', 0),
(236, 'Beats By Dre Studio Wireless Headphone - White', '', 'Pair and play with your Bluetooth device with 30 foot range. Dual-mode Adaptive Noise Canceling. Iconic Beats sound. 12 hour rechargeable battery with Fuel Gauge. Take hands-free calls with built-in mic.', '', 1, 29900, '', '', NULL, NULL, NULL, '', NULL, '', 1, 1, '', 'White', '848447009176', '', 'Over The Ear, Stereo, Noice Cancelling', 'Apple Phones, Apple Ipods, Apple Ipads, Samsung Phones', '', '', 'White', '', '', '', '', '', '', 'Beats Studio Wireless headphones, RemoteTalk cable, 3.5mm Audio cable, USB 2.0 charging cable (USB-A to USB Micro-B), USB Power adapter, Hard shell carrying case, Quick Start Guide', '', '', 'Studio Wireless', '', '', '1 Year Warranty', '', '', '', '1 year Manufacturer Warranty from the date of purchase', '', '', '', '', '', 'Studio Wireless', '', '', 'With Microphone', '', 0),
(237, 'Beats By Dre Studio Wireless Headphone - Red', '', 'Pair and play with your Bluetooth device with 30 foot range. Dual-mode Adaptive Noise Canceling. Iconic Beats sound. 12 hour rechargeable battery with Fuel Gauge. Take hands-free calls with built-in mic.', '', 1, 29900, '', '', NULL, NULL, NULL, '', NULL, '', 1, 1, '', 'Red', '848447009251', '', 'Over The Ear, Stereo, Noice Cancelling', 'Apple Phones, Apple Ipods, Apple Ipads, Samsung Phones', '', '', 'Red', '', '', '', '', '', '', 'Beats Studio Wireless headphones, RemoteTalk cable, 3.5mm Audio cable, USB 2.0 charging cable (USB-A to USB Micro-B), USB Power adapter, Hard shell carrying case, Quick Start Guide', '', '', 'Studio Wireless', '', '', '1 Year Warranty', '', '', '', '1 year Manufacturer Warranty from the date of purchase', '', '', '', '', '', 'Studio Wireless', '', '', 'With Microphone', '', 0),
(238, 'Beats By Dre Studio Wireless Headphone - Blue', '', 'Pair and play with your Bluetooth device with 30 foot range. Dual-mode Adaptive Noise Canceling. Iconic Beats sound. 12 hour rechargeable battery with Fuel Gauge. Take hands-free calls with built-in mic.', '', 1, 29900, '', '', NULL, NULL, NULL, '', NULL, '', 1, 1, '', 'Blue', '848447009398', '', 'Over The Ear, Stereo, Noice Cancelling', 'Apple Phones, Apple Ipods, Apple Ipads, Samsung Phones', '', '', 'Blue', '', '', '', '', '', '', 'Beats Studio Wireless headphones, RemoteTalk cable, 3.5mm Audio cable, USB 2.0 charging cable (USB-A to USB Micro-B), USB Power adapter, Hard shell carrying case, Quick Start Guide', '', '', 'Studio Wireless', '', '', '1 Year Warranty', '', '', '', '1 year Manufacturer Warranty from the date of purchase', '', '', '', '', '', 'Studio Wireless', '', '', 'With Microphone', '', 0),
(239, 'Beats By Dre Studio Wireless Headphone - Titanium', '', 'Pair and play with your Bluetooth device with 30 foot range. Dual-mode Adaptive Noise Canceling. Iconic Beats sound. 12 hour rechargeable battery with Fuel Gauge. Take hands-free calls with built-in mic.', '', 1, 29900, '', '', NULL, NULL, NULL, '', NULL, '', 1, 1, '', 'Titanium', '848447010264', '', 'Over The Ear, Stereo, Noice Cancelling', 'Apple Phones, Apple Ipods, Apple Ipads, Samsung Phones', '', '', 'Titanium', '', '', '', '', '', '', 'Beats Studio Wireless headphones, RemoteTalk cable, 3.5mm Audio cable, USB 2.0 charging cable (USB-A to USB Micro-B), USB Power adapter, Hard shell carrying case, Quick Start Guide', '', '', 'Studio Wireless', '', '', '1 Year Warranty', '', '', '', '1 year Manufacturer Warranty from the date of purchase', '', '', '', '', '', 'Studio Wireless', '', '', 'With Microphone', '', 0),
(240, 'Beats By Dre Executive Headphone - Silver', '', 'Beats Executive headphones are crafted to provide crisp, uninterrupted sound with the best quality materials. The sleek, aluminum body ensures a durable product and the soft ear cushions provide hours of listening comfort. Lightweight but sturdy materials and a unique folding design make Beats Executive headphones easy to carry for incredible sound anywhere. Active Noise Cancellation (ANC) and custom EQ deliver pure audio that is free from external disruptions and exceptionally clear.', '', 1, 24500, '', '', NULL, NULL, NULL, '', NULL, '', 1, 1, '', 'Silver', '848447001705', '', 'Over The Ear, Stereo, Noice Cancelling', 'Apple Phones, Apple Ipods, Apple Ipads, Samsung Phones', '', '', 'Silver', '', '', '', '', '', '', 'Beats Executive over ear headphones, RemoteTalk cable, Hard shell carrying case, 2 AAA Batteries, Airplane Adapter, Quick Start-Up Guide', '', '', 'Executive', '', '', '1 Year Warranty', '', '', '', '1 year Manufacturer Warranty from the date of purchase', '', '', '', '', '', 'Executive', '', '', 'With Microphone', '', 0),
(241, 'Beats By Dre Mixr Headphone - Red', '', 'Beats Mixr headphones deliver extremely deep bass at extraordinarily high volume. Made for pros warming up the party. Rotating earcups to hear the sound around you. Take calls and control music with RemoteTalk cable.', '', 1, 20750, '', '', NULL, NULL, NULL, '', NULL, '', 1, 1, '', 'Red', '848447001835', '', 'On The Ear, Stereo', 'Apple Phones, Apple Ipods, Apple Ipads, Samsung Phones', '', '', 'Red', '', '', '', '', '', '', 'Beats Mixr on ear headphones, 3.5mm audio cable, 1/4 inch audio adapter, In-line remote & mic cable (features may vary), Carrying case', '', '', 'Mixr', '', '', '1 Year Warranty', '', '', '', '1 year Manufacturer Warranty from the date of purchase', '', '', '', '', '', 'Mixr', '', '', 'With Microphone', '', 0),
(242, 'Beats By Dre Mixr Headphone - Black', '', 'Beats Mixr headphones deliver extremely deep bass at extraordinarily high volume. Made for pros warming up the party. Rotating earcups to hear the sound around you. Take calls and control music with RemoteTalk cable.', '', 1, 20750, '', '', NULL, NULL, NULL, '', NULL, '', 1, 1, '', 'Black', '848447000401', '', 'On The Ear, Stereo', 'Apple Phones, Apple Ipods, Apple Ipads, Samsung Phones', '', '', 'Black', '', '', '', '', '', '', 'Beats Mixr on ear headphones, 3.5mm audio cable, 1/4 inch audio adapter, In-line remote & mic cable (features may vary), Carrying case', '', '', 'Mixr', '', '', '1 Year Warranty', '', '', '', '1 year Manufacturer Warranty from the date of purchase', '', '', '', '', '', 'Mixr', '', '', 'With Microphone', '', 0),
(243, 'Beats By Dre Solo HD Headphone - Matte Black', '', 'High-performance with advanced driver design that allows you to enjoy every studio nuance of your favorite music. Advanced driver design for precise audio clarity. Compact and incredibly lightweight, the tri-fold design allows Solos to fit into the included compact carrying case. ', '', 1, 19000, '', '', NULL, NULL, NULL, '', NULL, '', 1, 1, '', 'Matte Black', '848447007479', '', 'On The Ear, Stereo', 'Apple Phones, Apple Ipods, Apple Ipads, Samsung Phones', '', '', 'Matte Black', '', '', '', '', '', '', 'Beats Solo HD over ear headphones, RemoteTalk cable, Hard shell carrying case, Quick Start-Up Guide', '', '', 'Solo HD', '', '', '1 Year Warranty', '', '', '', '1 year Manufacturer Warranty from the date of purchase', '', '', '', '', '', 'Solo HD', '', '', 'With Microphone', '', 0),
(244, 'Beats By Dre Solo HD Headphone - White', '', 'High-performance with advanced driver design that allows you to enjoy every studio nuance of your favorite music. Advanced driver design for precise audio clarity. Compact and incredibly lightweight, the tri-fold design allows Solos to fit into the included compact carrying case. ', '', 1, 19000, '', '', NULL, NULL, NULL, '', NULL, '', 1, 1, '', 'White', '848447007486', '', 'On The Ear, Stereo', 'Apple Phones, Apple Ipods, Apple Ipads, Samsung Phones', '', '', 'White', '', '', '', '', '', '', 'Beats Solo HD over ear headphones, RemoteTalk cable, Hard shell carrying case, Quick Start-Up Guide', '', '', 'Solo HD', '', '', '1 Year Warranty', '', '', '', '1 year Manufacturer Warranty from the date of purchase', '', '', '', '', '', 'Solo HD', '', '', 'With Microphone', '', 0),
(245, 'Beats By Dre Solo HD Headphone - Matte Red', '', 'High-performance with advanced driver design that allows you to enjoy every studio nuance of your favorite music. Advanced driver design for precise audio clarity. Compact and incredibly lightweight, the tri-fold design allows Solos to fit into the included compact carrying case. ', '', 1, 19000, '', '', NULL, NULL, NULL, '', NULL, '', 1, 1, '', 'Matte Red', '848447007509', '', 'On The Ear, Stereo', 'Apple Phones, Apple Ipods, Apple Ipads, Samsung Phones', '', '', 'Matte Red', '', '', '', '', '', '', 'Beats Solo HD over ear headphones, RemoteTalk cable, Hard shell carrying case, Quick Start-Up Guide', '', '', 'Solo HD', '', '', '1 Year Warranty', '', '', '', '1 year Manufacturer Warranty from the date of purchase', '', '', '', '', '', 'Solo HD', '', '', 'With Microphone', '', 0),
(246, 'Beats By Dre Solo 2 Headphone - Blue', '', 'The sound and design you', '', 1, 18000, '', '', NULL, NULL, NULL, '', NULL, '', 1, 1, '', 'Blue', '848447012688', '', 'On The Ear, Stereo', 'Apple Phones, Apple Ipods, Apple Ipads, Samsung Phones', '', '', 'Blue', '', '', '', '', '', '', 'Beats Solo 2 on-ear headphones, RemoteTalk cable, Carrying case', '', '', 'Solo 2', '', '', '1 Year Warranty', '', '', '', '1 year Manufacturer Warranty from the date of purchase', '', '', '', '', '', 'Solo 2', '', '', 'With Microphone', '', 0),
(247, 'Beats By Dre Solo 2 Headphone - White', '', 'The sound and design you', '', 1, 18000, '', '', NULL, NULL, NULL, '', NULL, '', 1, 1, '', 'White', '848447012602', '', 'On The Ear, Stereo', 'Apple Phones, Apple Ipods, Apple Ipads, Samsung Phones', '', '', 'White', '', '', '', '', '', '', 'Beats Solo 2 on-ear headphones, RemoteTalk cable, Carrying case', '', '', 'Solo 2', '', '', '1 Year Warranty', '', '', '', '1 year Manufacturer Warranty from the date of purchase', '', '', '', '', '', 'Solo 2', '', '', 'With Microphone', '', 0),
(248, 'Beats By Dre Solo 2 Headphone - Red', '', 'The sound and design you', '', 1, 18000, '', '', NULL, NULL, NULL, '', NULL, '', 1, 1, '', 'Red', '848447012626', '', 'On The Ear, Stereo', 'Apple Phones, Apple Ipods, Apple Ipads, Samsung Phones', '', '', 'Red', '', '', '', '', '', '', 'Beats Solo 2 on-ear headphones, RemoteTalk cable, Carrying case', '', '', 'Solo 2', '', '', '1 Year Warranty', '', '', '', '1 year Manufacturer Warranty from the date of purchase', '', '', '', '', '', 'Solo 2', '', '', 'With Microphone', '', 0),
(249, 'Beats By Dre Solo 2 Headphone - Black', '', 'The sound and design you', '', 1, 18000, '', '', NULL, NULL, NULL, '', NULL, '', 1, 1, '', 'Black', '848447012589', '', 'On The Ear, Stereo', 'Apple Phones, Apple Ipods, Apple Ipads, Samsung Phones', '', '', 'Black', '', '', '', '', '', '', 'Beats Solo 2 on-ear headphones, RemoteTalk cable, Carrying case', '', '', 'Solo 2', '', '', '1 Year Warranty', '', '', '', '1 year Manufacturer Warranty from the date of purchase', '', '', '', '', '', 'Solo 2', '', '', 'With Microphone', '', 0),
(250, 'Beats By Dre Solo 2 Wireless Headphone - Red', '', 'Pair and Play with your Bluetooth device with 30', '', 1, 23600, '', '', NULL, NULL, NULL, '', NULL, '', 1, 1, '', 'Red', '848447021246', '', 'On The Ear, Stereo', 'Apple Phones, Apple Ipods, Apple Ipads, Samsung Phones', '', '', 'Red', '', '', '', '', '', '', 'Solo2 Wireless headphones, Carrying case, RemoteTalk cable, USB 2.0 charging cable (USB-A to USB Micro-B), Quick Start Guide', '', '', 'Solo 2 Wireless', '', '', '1 Year Warranty', '', '', '', '1 year Manufacturer Warranty from the date of purchase', '', '', '', '', '', 'Solo 2 Wireless', '', '', 'With Microphone', '', 0),
(251, 'Beats By Dre Solo 2 Wireless Headphone - White', '', 'Pair and Play with your Bluetooth device with 30', '', 1, 23600, '', '', NULL, NULL, NULL, '', NULL, '', 1, 1, '', 'White', '848447021215', '', 'On The Ear, Stereo', 'Apple Phones, Apple Ipods, Apple Ipads, Samsung Phones', '', '', 'White', '', '', '', '', '', '', 'Solo2 Wireless headphones, Carrying case, RemoteTalk cable, USB 2.0 charging cable (USB-A to USB Micro-B), Quick Start Guide', '', '', 'Solo 2 Wireless', '', '', '1 Year Warranty', '', '', '', '1 year Manufacturer Warranty from the date of purchase', '', '', '', '', '', 'Solo 2 Wireless', '', '', 'With Microphone', '', 0),
(252, 'Beats By Dre Solo 2 Wireless Headphone - Blue', '', 'Pair and Play with your Bluetooth device with 30', '', 1, 23600, '', '', NULL, NULL, NULL, '', NULL, '', 1, 1, '', 'Blue', '848447021956', '', 'On The Ear, Stereo', 'Apple Phones, Apple Ipods, Apple Ipads, Samsung Phones', '', '', 'Blue', '', '', '', '', '', '', 'Solo2 Wireless headphones, Carrying case, RemoteTalk cable, USB 2.0 charging cable (USB-A to USB Micro-B), Quick Start Guide', '', '', 'Solo 2 Wireless', '', '', '1 Year Warranty', '', '', '', '1 year Manufacturer Warranty from the date of purchase', '', '', '', '', '', 'Solo 2 Wireless', '', '', 'With Microphone', '', 0),
(253, 'Beats By Dre Solo 2 Wireless Headphone - Black', '', 'Pair and Play with your Bluetooth device with 30', '', 1, 23600, '', '', NULL, NULL, NULL, '', NULL, '', 1, 1, '', 'Black', '848447021185', '', 'On The Ear, Stereo', 'Apple Phones, Apple Ipods, Apple Ipads, Samsung Phones', '', '', 'Black', '', '', '', '', '', '', 'Solo2 Wireless headphones, Carrying case, RemoteTalk cable, USB 2.0 charging cable (USB-A to USB Micro-B), Quick Start Guide', '', '', 'Solo 2 Wireless', '', '', '1 Year Warranty', '', '', '', '1 year Manufacturer Warranty from the date of purchase', '', '', '', '', '', 'Solo 2 Wireless', '', '', 'With Microphone', '', 0),
(254, 'Beats By Dre Solo 2 Wireless Headphone - Gold', '', 'Pair and Play with your Bluetooth device with 30', '', 1, 23600, '', '', NULL, NULL, NULL, '', NULL, '', 1, 1, '', 'Gold', '888462384643', '', 'On The Ear, Stereo', 'Apple Phones, Apple Ipods, Apple Ipads, Samsung Phones', '', '', 'Gold', '', '', '', '', '', '', 'Solo2 Wireless headphones, Carrying case, RemoteTalk cable, USB 2.0 charging cable (USB-A to USB Micro-B), Quick Start Guide', '', '', 'Solo 2 Wireless', '', '', '1 Year Warranty', '', '', '', '1 year Manufacturer Warranty from the date of purchase', '', '', '', '', '', 'Solo 2 Wireless', '', '', 'With Microphone', '', 0),
(255, 'Beats By Dre Solo 2 Wireless Headphone - Silver', '', 'Pair and Play with your Bluetooth device with 30', '', 1, 23600, '', '', NULL, NULL, NULL, '', NULL, '', 1, 1, '', 'Silver', '888462384674', '', 'On The Ear, Stereo', 'Apple Phones, Apple Ipods, Apple Ipads, Samsung Phones', '', '', 'Silver', '', '', '', '', '', '', 'Solo2 Wireless headphones, Carrying case, RemoteTalk cable, USB 2.0 charging cable (USB-A to USB Micro-B), Quick Start Guide', '', '', 'Solo 2 Wireless', '', '', '1 Year Warranty', '', '', '', '1 year Manufacturer Warranty from the date of purchase', '', '', '', '', '', 'Solo 2 Wireless', '', '', 'With Microphone', '', 0),
(256, 'Beats By Dre Solo 2 Wireless Headphone - Space Gray', '', 'Pair and Play with your Bluetooth device with 30', '', 1, 23600, '', '', NULL, NULL, NULL, '', NULL, '', 1, 1, '', 'Space Gray', '888462384704', '', 'On The Ear, Stereo', 'Apple Phones, Apple Ipods, Apple Ipads, Samsung Phones', '', '', 'Space Gray', '', '', '', '', '', '', 'Solo2 Wireless headphones, Carrying case, RemoteTalk cable, USB 2.0 charging cable (USB-A to USB Micro-B), Quick Start Guide', '', '', 'Solo 2 Wireless', '', '', '1 Year Warranty', '', '', '', '1 year Manufacturer Warranty from the date of purchase', '', '', '', '', '', 'Solo 2 Wireless', '', '', 'With Microphone', '', 0),
(257, 'Beats By Dre Urbeats Earphone - Pink', '', 'Deep bass, soaring highs and clear midrange. Solid metal housing creates an undisturbed listening experience. Multisized eartips for a complete fit. Take calls and control music with RemoteTalk cable.', '', 1, 8500, '', '', NULL, NULL, NULL, '', NULL, '', 1, 1, '', 'Pink', '848447008469', '', 'In Ear, Stereo', 'Apple Phones, Apple Ipods, Apple Ipads, Samsung Phones', '', '', 'Pink', '', '', '', '', '', '', 'UrBeats earphones with In-line control microphone cable, Storage pouch, Four pairs of ear tip fittings', '', '', 'Urbeats', '', '', '1 Year Warranty', '', '', '', '1 year Manufacturer Warranty from the date of purchase', '', '', '', '', '', 'Urbeats', '', '', 'With Microphone', '', 0),
(258, 'Beats By Dre Power Beats2 Earphone - Red', '', 'Dual driver acoustics for an incredible sound packed with emotion. Sweat and water resistant to handle tough workouts. Adjustable & flexible earhooks for a custom fit. Control music, volume and take calls with RemoteTalk cable.', '', 1, 12350, '', '', NULL, NULL, NULL, '', NULL, '', 1, 1, '', 'Red', '848447003884', '', 'In Ear, Stereo, Clip Ons, Sweat Resistant', 'Apple Phones, Apple Ipods, Apple Ipads, Samsung Phones', '', '', 'Red', '', '', '', '', '', '', 'Powerbeats2 earphones with RemoteTalk, Hard shell carrying case, Four pairs of multi-sized/shaped ear tips, Cable management clip, Quick start guide', '', '', 'Power Beats2', '', '', '1 Year Warranty', '', '', '', '1 year Manufacturer Warranty from the date of purchase', '', '', '', '', '', 'Power Beats2', '', '', 'With Microphone', '', 0),
(259, 'Beats By Dre Power Beats2 Earphone - Black', '', 'Dual driver acoustics for an incredible sound packed with emotion. Sweat and water resistant to handle tough workouts. Adjustable & flexible earhooks for a custom fit. Control music, volume and take calls with RemoteTalk cable.', '', 1, 12350, '', '', NULL, NULL, NULL, '', NULL, '', 1, 1, '', 'Black', '848447003853', '', 'In Ear, Stereo, Clip Ons, Sweat Resistant', 'Apple Phones, Apple Ipods, Apple Ipads, Samsung Phones', '', '', 'Black', '', '', '', '', '', '', 'Powerbeats2 earphones with RemoteTalk, Hard shell carrying case, Four pairs of multi-sized/shaped ear tips, Cable management clip, Quick start guide', '', '', 'Power Beats2', '', '', '1 Year Warranty', '', '', '', '1 year Manufacturer Warranty from the date of purchase', '', '', '', '', '', 'Power Beats2', '', '', 'With Microphone', '', 0),
(260, 'Beats By Dre Power Beats2 Earphone - Blue', '', 'Dual driver acoustics for an incredible sound packed with emotion. Sweat and water resistant to handle tough workouts. Adjustable & flexible earhooks for a custom fit. Control music, volume and take calls with RemoteTalk cable.', '', 1, 12350, '', '', NULL, NULL, NULL, '', NULL, '', 1, 1, '', 'Blue', '848447021918', '', 'In Ear, Stereo, Clip Ons, Sweat Resistant', 'Apple Phones, Apple Ipods, Apple Ipads, Samsung Phones', '', '', 'Blue', '', '', '', '', '', '', 'Powerbeats2 earphones with RemoteTalk, Hard shell carrying case, Four pairs of multi-sized/shaped ear tips, Cable management clip, Quick start guide', '', '', 'Power Beats2', '', '', '1 Year Warranty', '', '', '', '1 year Manufacturer Warranty from the date of purchase', '', '', '', '', '', 'Power Beats2', '', '', 'With Microphone', '', 0),
(261, 'Ferrari P200 Headphone - Black', '', 'Sporty design inspired by the passion of the Scuderia Ferrari racing team, the P200 has incorporated design cues from the pits headphones used by the Ferrari F1 team. Robust machine crafted metal arms and carbon fiber textures with ultra-soft ear pads ensure durability, quality and maximum comfort. Anti-tangle and detachable incline remove cables (3-button Apple microphone, 1-button microphone Android, Windows, Blackberry and most mobile devices, plan non-microphone cable) trimmed in woven fabric, 6.3mm stereo adaptor and airplane adaptor included.', '', 1, 18990, '', '', NULL, NULL, NULL, '', NULL, '', 1, 1, '', 'Black', '5021341000516', '', 'On The Ear, Stereo', 'Apple Phones, Apple Ipods, Apple Ipads, Samsung Phones', '', '', 'Black', '', '', '', '', '', '', 'P 200 Headphones, 3 Button Cable for Apple, 1 Button Universal Cable, Protective Case', '', '8Z8JOBYKdKs', 'P200', '', '', '6 Months Warranty', '', '', '', '6 months Manufacturer Warranty from the date of purchase', '', '', '', '', '', 'P200', '', '', 'With Microphone', '', 0),
(262, 'Ferrari R100 Earphone - White', '', 'Sporty design inspired by the Scuderia Ferrari racing team and the traditional grille incorporated in the GT Cars. Includes interchangeable ear buds for personalized comfort, a carry case trimmed in Nylon fabric for additional protection and compact storage. Anti-tangle cable trimmed in woven fabric with 1-button Remote Control with Microphone for Android, Windows, Blackberry and most mobile phones.', '', 1, 10990, '', '', NULL, NULL, NULL, '', NULL, '', 1, 1, '', 'White', '5021341001711', '', 'In Ear, Stereo', 'Apple Phones, Apple Ipods, Apple Ipads, Samsung Phones', '', '', 'White', '', '', '', '', '', '', '', '', '4kFHHa0kaSI', 'R100', '', '', '6 Months Warranty', '', '', '', '6 months Manufacturer Warranty from the date of purchase', '', '', '', '', '', 'R100', '', '', 'With Microphone', '', 0);
INSERT INTO `product` (`id`, `name`, `sku`, `description`, `url`, `visibility`, `price`, `wholesaleprice`, `firstsaleprice`, `secondsaleprice`, `specialpriceto`, `specialpricefrom`, `metatitle`, `metadesc`, `metakeyword`, `quantity`, `status`, `modelnumber`, `brandcolor`, `eanorupc`, `eanorupcmeasuringunits`, `type`, `compatibledevice`, `compatiblewith`, `material`, `color`, `design`, `width`, `height`, `depth`, `portsize`, `packof`, `salespackage`, `keyfeatures`, `videourl`, `modelname`, `finish`, `weight`, `domesticwarranty`, `domesticwarrantymeasuringunits`, `internationalwarranty`, `internationalwarrantymeasuringunits`, `warrantysummary`, `warrantyservicetype`, `coveredinwarranty`, `notcoveredinwarranty`, `size`, `typename`, `colormatch`, `dimension`, `capacity`, `microphone`, `length`, `voltage`) VALUES
(263, 'Ferrari R100 Earphone - Black', '', 'Sporty design inspired by the Scuderia Ferrari racing team and the traditional grille incorporated in the GT Cars. Includes interchangeable ear buds for personalized comfort, a carry case trimmed in Nylon fabric for additional protection and compact storage. Anti-tangle cable trimmed in woven fabric with 1-button Remote Control with Microphone for Android, Windows, Blackberry and most mobile phones.', '', 1, 10990, '', '', NULL, NULL, NULL, '', NULL, '', 1, 1, '', 'Black', '5021341001704', '', 'In Ear, Stereo', 'Apple Phones, Apple Ipods, Apple Ipads, Samsung Phones', '', '', 'Black', '', '', '', '', '', '', '', '', '4kFHHa0kaSI', 'R100', '', '', '6 Months Warranty', '', '', '', '6 months Manufacturer Warranty from the date of purchase', '', '', '', '', '', 'R100', '', '', 'With Microphone', '', 0),
(264, 'Ferrari R200 Headphone - White', '', 'Ear cups and headband are trimmed in the finest leather to ensure ultimate comfort, with ultra-soft ear pads constructed from enhanced breathable materials. Ergonomic 2-way folding design for compact storage including a carry case trimmed in Nylon fabric for additional protection. Anti-tangle and detachable incline remove cables (3-button Apple microphone, 1-button microphone Android, Windows, Blackberry and most mobile devices, plan non-microphone cable) trimmed in woven fabric, 6.3mm stereo adaptor and airplane adaptor included.', '', 1, 18990, '', '', NULL, NULL, NULL, '', NULL, '', 1, 1, '', 'White', '5021341000615', '', 'On The Ear, Stereo', 'Apple Phones, Apple Ipods, Apple Ipads, Samsung Phones', '', '', 'White', '', '', '', '', '', '', '', '', 'WxgO_yIOdNc', 'R200', '', '', '6 Months Warranty', '', '', '', '6 months Manufacturer Warranty from the date of purchase', '', '', '', '', '', 'R200', '', '', 'With Microphone', '', 0),
(265, 'Ferrari R200 Headphone - Silver', '', 'Ear cups and headband are trimmed in the finest leather to ensure ultimate comfort, with ultra-soft ear pads constructed from enhanced breathable materials. Ergonomic 2-way folding design for compact storage including a carry case trimmed in Nylon fabric for additional protection. Anti-tangle and detachable incline remove cables (3-button Apple microphone, 1-button microphone Android, Windows, Blackberry and most mobile devices, plan non-microphone cable) trimmed in woven fabric, 6.3mm stereo adaptor and airplane adaptor included.', '', 1, 18990, '', '', NULL, NULL, NULL, '', NULL, '', 1, 1, '', 'Silver', '5021341000608', '', 'On The Ear, Stereo', 'Apple Phones, Apple Ipods, Apple Ipads, Samsung Phones', '', '', 'Silver', '', '', '', '', '', '', '', '', 'WxgO_yIOdNc', 'R200', '', '', '6 Months Warranty', '', '', '', '6 months Manufacturer Warranty from the date of purchase', '', '', '', '', '', 'R200', '', '', 'With Microphone', '', 0),
(266, 'Ferrari R300 Headphone - White', '', 'Robust machined crafted metal arms and diamond shaped grille finish to ensure durability and quality. Active Noise Cancellation (ANC) powered by 2 x AAA batteries, reducing unwanted ambient noise. Ear cups and headband are trimmed in the finest leather to ensure ultimate comfort, with ultra-soft ear pads constructed from enhanced breathable materials. Anti-tangle and detachable incline remove cables (3-button Apple microphone, 1-button microphone Android, Windows, Blackberry and most mobile devices, plan non-microphone cable) trimmed in woven fabric, 6.3mm stereo adaptor and airplane adaptor included.', '', 1, 24990, '', '', NULL, NULL, NULL, '', NULL, '', 1, 1, '', 'White', '5021341000714', '', 'Over The Ear, Stereo, Noice Cancelling', 'Apple Phones, Apple Ipods, Apple Ipads, Samsung Phones', '', '', 'White', '', '', '', '', '', '', 'R 300 Headphones, 3 Button Cable for Apple, 1 Button Universal Cable, Protective Case', '', 'zOtVwcN8Z1Y', 'R300', '', '', '6 Months Warranty', '', '', '', '6 months Manufacturer Warranty from the date of purchase', '', '', '', '', '', 'R300', '', '', 'With Microphone', '', 0),
(267, 'Ferrari R300 Headphone - Silver', '', 'Robust machined crafted metal arms and diamond shaped grille finish to ensure durability and quality. Active Noise Cancellation (ANC) powered by 2 x AAA batteries, reducing unwanted ambient noise. Ear cups and headband are trimmed in the finest leather to ensure ultimate comfort, with ultra-soft ear pads constructed from enhanced breathable materials. Anti-tangle and detachable incline remove cables (3-button Apple microphone, 1-button microphone Android, Windows, Blackberry and most mobile devices, plan non-microphone cable) trimmed in woven fabric, 6.3mm stereo adaptor and airplane adaptor included.', '', 1, 24990, '', '', NULL, NULL, NULL, '', NULL, '', 1, 1, '', 'Silver', '5021341000707', '', 'Over The Ear, Stereo, Noice Cancelling', 'Apple Phones, Apple Ipods, Apple Ipads, Samsung Phones', '', '', 'Silver', '', '', '', '', '', '', 'R 300 Headphones, 3 Button Cable for Apple, 1 Button Universal Cable, Protective Case', '', 'zOtVwcN8Z1Y', 'R300', '', '', '6 Months Warranty', '', '', '', '6 months Manufacturer Warranty from the date of purchase', '', '', '', '', '', 'R300', '', '', 'With Microphone', '', 0),
(268, 'Ferrari S100 Earphone - Red', '', 'Sporty design inspired by the Scuderia Ferrari racing team and the traditional grille incorporated in the GT Cars. Includes interchangeable ear buds for personalized comfort, a carry case trimmed in Nylon fabric for additional protection and compact storage. Anti-tangle cable trimmed in woven fabric with 1-button Remote Control with Microphone for Android, Windows, Blackberry and most mobile phones.', '', 1, 8990, '', '', NULL, NULL, NULL, '', NULL, '', 1, 1, '', 'Red', '5021341001605', '', 'In Ear, Stereo', 'Apple Phones, Apple Ipods, Apple Ipads, Samsung Phones', '', '', 'Red', '', '', '', '', '', '', '', '', 'NQKZrFolyLs', 'S100', '', '', '6 Months Warranty', '', '', '', '6 months Manufacturer Warranty from the date of purchase', '', '', '', '', '', 'S100', '', '', 'With Microphone', '', 0),
(269, 'Ferrari S100 Earphone - White', '', 'Sporty design inspired by the Scuderia Ferrari racing team and the traditional grille incorporated in the GT Cars. Includes interchangeable ear buds for personalized comfort, a carry case trimmed in Nylon fabric for additional protection and compact storage. Anti-tangle cable trimmed in woven fabric with 1-button Remote Control with Microphone for Android, Windows, Blackberry and most mobile phones.', '', 1, 8990, '', '', NULL, NULL, NULL, '', NULL, '', 1, 1, '', 'White', '5021341001612', '', 'In Ear, Stereo', 'Apple Phones, Apple Ipods, Apple Ipads, Samsung Phones', '', '', 'White', '', '', '', '', '', '', '', '', 'NQKZrFolyLs', 'S100', '', '', '6 Months Warranty', '', '', '', '6 months Manufacturer Warranty from the date of purchase', '', '', '', '', '', 'S100', '', '', 'With Microphone', '', 0),
(270, 'Ferrari T250 Headphone - Tan', '', 'Robust machined crafted metal arms and housing to ensure durability and quality. Ear cups and headband are trimmed in the finest leather to ensure ultimate comfort, with ultra-soft ear pads constructed from enhanced breathable materials. Ergonomic 2-way folding design for compact storage including a carry case trimmed in Nylon fabric for additional protection. Anti-tangle and detachable incline remove cables (3-button Apple microphone, 1-button microphone Android, Windows, Blackberry and most mobile devices, plan non-microphone cable) trimmed in woven fabric, 6.3mm stereo adaptor and airplane adaptor included.', '', 1, 19990, '', '', NULL, NULL, NULL, '', NULL, '', 1, 1, '', 'Tan', '5021341000806', '', 'On The Ear, Stereo', 'Apple Phones, Apple Ipods, Apple Ipads, Samsung Phones', '', '', 'Tan', '', '', '', '', '', '', '', '', 'Zt7uTHiaFDc', 'T250', '', '', '6 Months Warranty', '', '', '', '6 months Manufacturer Warranty from the date of purchase', '', '', '', '', '', 'T250', '', '', 'With Microphone', '', 0),
(271, 'Ferrari T350 Headphone - Black', '', 'Active Noise Cancellation (ANC) powered by 2 x AAA batteries, reducing unwanted ambient noise. Ear cups and headband are trimmed in the finest leather to ensure ultimate comfort, with ultra-soft ear pads constructed from enhanced breathable materials. Anti-tangle and detachable incline remove cables (3-button Apple microphone, 1-button microphone Android, Windows, Blackberry and most mobile devices, plan non-microphone cable) trimmed in woven fabric, 6.3mm stereo adaptor and airplane adaptor included.', '', 1, 29990, '', '', NULL, NULL, NULL, '', NULL, '', 1, 1, '', 'Black', '5021341000912', '', 'Over The Ear, Stereo, Noice Cancelling', 'Apple Phones, Apple Ipods, Apple Ipads, Samsung Phones', '', '', 'Black', '', '', '', '', '', '', 'T 350 Headphones, 3 Button Cable for Apple, 1 Button Universal Cable, Protective Case', '', '', 'T350', '', '', '6 Months Warranty', '', '', '', '6 months Manufacturer Warranty from the date of purchase', '', '', '', '', '', 'T350', '', '', 'With Microphone', '', 0),
(272, 'Logitech MetroFi 200 Earphone - Black', '', 'In-ear noise isolating earphones with full spectrum sound from a single high performance dynamic speaker. Small form factor and lightweight construction provide excellent comfort and fit. Three sizes of single flange silicone ear tips and one set of dual flange silicone ear tips included for a near custom fit. Zippo style pocket ready hard travel case.', '', 1, 5495, '', '', NULL, NULL, NULL, '', NULL, '', 1, 1, '', 'Black', '850613001839', '', 'In Ear, Stereo', 'Apple Phones, Apple Ipods, Apple Ipads, Samsung Phones', '', '', 'Black', '', '', '', '', '', '', 'Earpones, Hard Carrying Case, Silicon Eartips (4 Pairs), Manual', '', '', 'MetroFi 200', '', '', '6 Months Warranty', '', '', '', '6 months Manufacturer Warranty from the date of purchase', '', '', '', '', '', 'MetroFi 200', '', '', 'Without Microphone', '', 0),
(273, 'Logitech MetroFi 220 Earphone - Black', '', 'Our sound signature gives you a fuller mix with more detail in the higher ranges so you can hear deep bass and clear treble. Three different-sized ear cushions lets you choose the size that is right for your ears. With just 16 dBs of noise isolation, you can hear your music clearly while not being cut off from the world around you. Red mark on right makes it easy to see which ear is which at a glance.', '', 1, 5995, '', '', NULL, NULL, NULL, '', NULL, '', 1, 1, '', 'Black', '811965010986', '', 'In Ear, Stereo', 'Apple Phones, Apple Ipods, Apple Ipads, Samsung Phones', '', '', 'Black', '', '', '', '', '', '', 'Earpones, Hard Carrying Case, Silicon Eartips (3 Pairs), Manual', '', '', 'MetroFi 220', '', '', '6 Months Warranty', '', '', '', '6 months Manufacturer Warranty from the date of purchase', '', '', '', '', '', 'MetroFi 220', '', '', 'Without Microphone', '', 0),
(274, 'Marshall Major FX Headphone - Black', '', 'On-ear design with fully collapsible construction. Integrated three-button remote and mic. 40mm Handmade Drivers.', '', 1, 12250, '', '', NULL, NULL, NULL, '', NULL, '', 1, 1, '', 'Black', '7340055304207', '', 'On The Ear, Stereo', 'Apple Phones, Apple Ipods, Apple Ipads, Samsung Phones', '', '', 'Black', '', '', '', '', '', '', 'Major FX Headphones, 6.3mm Adapter', '', '', 'Major FX', '', '', '1 Year Warranty', '', '', '', '1 year Manufacturer Warranty from the date of purchase', '', '', '', '', '', 'Major FX', '', '', 'With Microphone', '', 0),
(275, 'Marshall Major FX Headphone - White', '', 'On-ear design with fully collapsible construction. Integrated three-button remote and mic. 40mm Handmade Drivers.', '', 1, 12500, '', '', NULL, NULL, NULL, '', NULL, '', 1, 1, '', 'White', '7340055304825', '', 'On The Ear, Stereo', 'Apple Phones, Apple Ipods, Apple Ipads, Samsung Phones', '', '', 'White', '', '', '', '', '', '', 'Major FX Headphones, 6.3mm Adapter', '', '', 'Major FX', '', '', '1 Year Warranty', '', '', '', '1 year Manufacturer Warranty from the date of purchase', '', '', '', '', '', 'Major FX', '', '', 'With Microphone', '', 0),
(276, 'Marshall Major Headphone - Black', '', 'Marshall Major with Mic Wired Premium Headphone', '', 1, 11250, '', '', NULL, NULL, NULL, '', NULL, '', 1, 1, '', 'Black', '7340055304214', '', 'On The Ear, Stereo', 'Apple Phones, Apple Ipods, Apple Ipads, Samsung Phones', '', '', 'Black', '', '', '', '', '', '', 'Headphones', '', '', 'Major', '', '', '1 Year Warranty', '', '', '', '1 year Manufacturer Warranty from the date of purchase', '', '', '', '', '', 'Major', '', '', 'With Microphone', '', 0),
(277, 'Marshall Monitor Headphone - Black', '', 'Inspired by Marshall vintage acoustic amplifiers, made out of the same vinyl used in Marshall amplifiers, brass hinges and script logo. Over-ear construction completely covers your ears, meaning nothing gets in to distract you from your music. Double-ended coil cord with mic and remote is completely detachable so you can decide which side you prefer to wear it. Use the empty 3.5mm socket to share music with some one else. When you are done using your Monitor, fold them down and stow them away in their canvas carrying case, embossed with a script Marshall logo.', '', 1, 20000, '', '', NULL, NULL, NULL, '', NULL, '', 1, 1, '', 'Black', '7340055308007', '', 'Over The Ear, Stereo', 'Apple Phones, Apple Ipods, Apple Ipads, Samsung Phones', '', '', 'Black', '', '', '', '', '', '', 'Monitor Headphones, Detachable Coil Cord, Carrying Pouch.', '', 'RInXgCiURU8', 'Monitor', '', '', '1 Year Warranty', '', '', '', '1 year Manufacturer Warranty from the date of purchase', '', '', '', '', '', 'Monitor', '', '', 'With Microphone', '', 0),
(278, 'Mini 813 Headphone - Black', '', 'Mini Cooper Official Licensed high quality Headset. MIC with push to talk function play and pause', '', 1, 3000, '', '', NULL, NULL, NULL, '', NULL, '', 1, 1, '', 'Black', '4891320332508', '', 'On The Ear, Stereo', 'Apple Phones, Apple Ipods, Apple Ipads, Samsung Phones', '', '', 'Black', '', '', '', '', '', '', 'Headphones', '', '', '813', '', '', 'No Warranty', '', '', '', '', '', '', '', '', '', '813', '', '', 'With Microphone', '', 0),
(279, 'Mini 104 Headphone - Black', '', 'Mini Cooper Official Licensed high quality Headset. MIC with push to talk function play and pause. Mini diamnd cut wing logo. ', '', 1, 4750, '', '', NULL, NULL, NULL, '', NULL, '', 1, 1, '', 'Black', '4891320332485', '', 'On The Ear, Stereo', 'Apple Phones, Apple Ipods, Apple Ipads, Samsung Phones', '', '', 'Black', '', '', '', '', '', '', 'Headphones', '', '', '104', '', '', 'No Warranty', '', '', '', '', '', '', '', '', '', '104', '', '', 'With Microphone', '', 0),
(280, 'Monster Diamond Tears Headphone - White', '', 'Multi-talented engineer, songwriter, producer and actor JYP, in collaboration with the audio technology experts at Monster, has created a headphone that is elegant as well as world-class in sound and design. Diamondz high-definition on-ear headphones let you hear your favorite songs just as the', '', 1, 24500, '', '', NULL, NULL, NULL, '', NULL, '', 1, 1, '', 'Crystal/White', '50644655449', '', 'On The Ear, Stereo', 'Apple Phones, Apple Ipods, Apple Ipads, Samsung Phones', '', '', 'White', '', '', '', '', '', '', 'Headphones, Universal Control Talk Cable, Music Sharing Cable, Headphone Shine, Cleaning Cloth, Touring Case', '', '', 'Diamond Tears', '', '', '1 Year Warranty', '', '', '', '1 year Manufacturer Warranty from the date of purchase', '', '', '', '', '', 'Diamond Tears', '', '', 'With Microphone', '', 0),
(281, 'Monster Diamond Tears Headphone - Black', '', 'Multi-talented engineer, songwriter, producer and actor JYP, in collaboration with the audio technology experts at Monster, has created a headphone that is elegant as well as world-class in sound and design. Diamondz high-definition on-ear headphones let you hear your favorite songs just as the', '', 1, 24500, '', '', NULL, NULL, NULL, '', NULL, '', 1, 1, '', 'Dark Crystal/Black', '50644660610', '', 'On The Ear, Stereo', 'Apple Phones, Apple Ipods, Apple Ipads, Samsung Phones', '', '', 'Black', '', '', '', '', '', '', 'Headphone, Universal Control Talk Cable, Music Sharing Cable, Headphone Shine, Cleaning Cloth, Touring Case', '', '', 'Diamond Tears', '', '', '1 Year Warranty', '', '', '', '1 year Manufacturer Warranty from the date of purchase', '', '', '', '', '', 'Diamond Tears', '', '', 'With Microphone', '', 0),
(282, 'Monster Diesel Vektr Headphone - Black', '', 'Ultra performance folding headphone co-developed by Italian fashion designer, Diesel and Monster. High-def cable triangular lines for a tangle-free life. Touring case secure protection for your ear gear while on the go. ControlTalk Universal hands free control of your music and phone calls.', '', 1, 24999, '', '', NULL, NULL, NULL, '', NULL, '', 1, 1, '', 'Black', '50644582059', '', 'On The Ear, Stereo', 'Apple Phones, Apple Ipods, Apple Ipads, Samsung Phones', '', '', 'Black', '', '', '', '', '', '', 'Headphones, Tangle Free Cable, Cleaning Cloth, Touring Case', '', '', 'Diesel Vektr', '', '', '1 Year Warranty', '', '', '', '1 year Manufacturer Warranty from the date of purchase', '', '', '', '', '', 'Diesel Vektr', '', '', 'With Microphone', '', 0),
(283, 'Monster Diesel Vektr Headphone - White', '', 'Ultra performance folding headphone co-developed by Italian fashion designer, Diesel and Monster. High-def cable triangular lines for a tangle-free life. Touring case secure protection for your ear gear while on the go. ControlTalk Universal hands free control of your music and phone calls.', '', 1, 24999, '', '', NULL, NULL, NULL, '', NULL, '', 1, 1, '', 'White', '50644582073', '', 'On The Ear, Stereo', 'Apple Phones, Apple Ipods, Apple Ipads, Samsung Phones', '', '', 'White', '', '', '', '', '', '', 'Headphones, Tangle Free Cable, Cleaning Cloth, Touring Case', '', '', 'Diesel Vektr', '', '', '1 Year Warranty', '', '', '', '1 year Manufacturer Warranty from the date of purchase', '', '', '', '', '', 'Diesel Vektr', '', '', 'With Microphone', '', 0),
(284, 'Monster DNA Headphone - White Teal', '', 'With DNA, you don t have to choose between deep bass or crystal details. DNA headphones dual audio input jacks let you link your MusicShare headphones together and share the audio. Plug in and experience music and movies with your friends. The pillow-soft advanced noise-isolating cushions are comfortable for hours, keeping noise out and keeping your music from disturbing others.', '', 1, 16500, '', '', NULL, NULL, NULL, '', NULL, '', 1, 1, '', 'White Teal', '50644668081', '', 'On The Ear, Stereo', 'Apple Phones, Apple Ipods, Apple Ipads, Samsung Phones', '', '', 'White Teal', '', '', '', '', '', '', 'Headphones, Control Talk Cable, 3.5mm to 3.5mm Cable, Cleaning Cloth, Carrying Case', '', '', 'DNA', '', '', '1 Year Warranty', '', '', '', '1 year Manufacturer Warranty from the date of purchase', '', '', '', '', '', 'DNA', '', '', 'With Microphone', '', 0),
(285, 'Monster DNA Headphone - White Grey', '', 'With DNA, you don t have to choose between deep bass or crystal details. DNA headphones dual audio input jacks let you link your MusicShare headphones together and share the audio. Plug in and experience music and movies with your friends. The pillow-soft advanced noise-isolating cushions are comfortable for hours, keeping noise out and keeping your music from disturbing others.', '', 1, 16500, '', '', NULL, NULL, NULL, '', NULL, '', 1, 1, '', 'White Grey', '50644668098', '', 'On The Ear, Stereo', 'Apple Phones, Apple Ipods, Apple Ipads, Samsung Phones', '', '', 'White Grey', '', '', '', '', '', '', 'Headphones, Control Talk Cable, 3.5mm to 3.5mm Cable, Cleaning Cloth, Carrying Case', '', '', 'DNA', '', '', '1 Year Warranty', '', '', '', '1 year Manufacturer Warranty from the date of purchase', '', '', '', '', '', 'DNA', '', '', 'With Microphone', '', 0),
(286, 'Monster DNA Headphone - Black', '', 'With DNA, you don t have to choose between deep bass or crystal details. DNA headphones dual audio input jacks let you link your MusicShare headphones together and share the audio. Plug in and experience music and movies with your friends. The pillow-soft advanced noise-isolating cushions are comfortable for hours, keeping noise out and keeping your music from disturbing others.', '', 1, 16500, '', '', NULL, NULL, NULL, '', NULL, '', 1, 1, '', 'Black', '50644653629', '', 'On The Ear, Stereo', 'Apple Phones, Apple Ipods, Apple Ipads, Samsung Phones', '', '', 'Black', '', '', '', '', '', '', 'Headphones, Control Talk Cable, 3.5mm to 3.5mm Cable, Cleaning Cloth, Carrying Case', '', '', 'DNA', '', '', '1 Year Warranty', '', '', '', '1 year Manufacturer Warranty from the date of purchase', '', '', '', '', '', 'DNA', '', '', 'With Microphone', '', 0),
(287, 'Monster DNA Headphone - Blue Grey', '', 'With DNA, you don t have to choose between deep bass or crystal details. DNA headphones dual audio input jacks let you link your MusicShare headphones together and share the audio. Plug in and experience music and movies with your friends. The pillow-soft advanced noise-isolating cushions are comfortable for hours, keeping noise out and keeping your music from disturbing others.', '', 1, 16500, '', '', NULL, NULL, NULL, '', NULL, '', 1, 1, '', 'Blue Grey', '50644672132', '', 'On The Ear, Stereo', 'Apple Phones, Apple Ipods, Apple Ipads, Samsung Phones', '', '', 'Blue Grey', '', '', '', '', '', '', 'Headphones, Control Talk Cable, 3.5mm to 3.5mm Cable, Cleaning Cloth, Carrying Case', '', '', 'DNA', '', '', '1 Year Warranty', '', '', '', '1 year Manufacturer Warranty from the date of purchase', '', '', '', '', '', 'DNA', '', '', 'With Microphone', '', 0),
(288, 'Monster Inspiration Headphone - White', '', 'Suave. Stylish. Discreet. When the clothes are sharp, and the sounds are sharper, Inspiration Over-Ear Headphones come in hues that cover every look casual to formal and every mood in-between. Passive noise isolation. Includes ControlTalk cable for controlling music and phone calls from iPad, iPhone and iPod.', '', 1, 22500, '', '', NULL, NULL, NULL, '', NULL, '', 1, 1, '', 'White', '50644636608', '', 'Over The Ear, Stereo, Noice Cancelling', 'Apple Phones, Apple Ipods, Apple Ipads, Samsung Phones', '', '', 'White', '', '', '', '', '', '', 'Headphones, Control Talk Cable, 3.5mm to 3.5mm Cable, Cleaning Cloth, Carrying Case, 2 Inspiration Headbands, 2 AAA Batteries', '', '', 'Inspiration', '', '', '1 Year Warranty', '', '', '', '1 year Manufacturer Warranty from the date of purchase', '', '', '', '', '', 'Inspiration', '', '', 'With Microphone', '', 0),
(289, 'Monster Inspiration Headphone - Black', '', 'Suave. Stylish. Discreet. When the clothes are sharp, and the sounds are sharper, Inspiration Over-Ear Headphones come in hues that cover every look casual to formal and every mood in-between. Passive noise isolation. Includes ControlTalk cable for controlling music and phone calls from iPad, iPhone and iPod.', '', 1, 22500, '', '', NULL, NULL, NULL, '', NULL, '', 1, 1, '', 'Black', '50644629624', '', 'Over The Ear, Stereo, Noice Cancelling', 'Apple Phones, Apple Ipods, Apple Ipads, Samsung Phones', '', '', 'Black', '', '', '', '', '', '', 'Headphones, Control Talk Cable, 3.5mm to 3.5mm Cable, Cleaning Cloth, Carrying Case, 2 Inspiration Headbands, 2 AAA Batteries', '', '', 'Inspiration', '', '', '1 Year Warranty', '', '', '', '1 year Manufacturer Warranty from the date of purchase', '', '', '', '', '', 'Inspiration', '', '', 'With Microphone', '', 0),
(290, 'Monster iSport Freedom Wireless Headphone - Black', '', 'Finally, a comfortable over-ear sports headphone that gives you the power you need to power through your toughest training, with the all the quality you expect from Pure Monster Sound.', '', 1, 24500, '', '', NULL, NULL, NULL, '', NULL, '', 1, 1, '', 'Black', '50644656927', '', 'On The Ear, Stereo, Sweat Resistant', 'Apple Phones, Apple Ipods, Apple Ipads, Samsung Phones', '', '', 'Black', '', '', '', '', '', '', 'Headphones, Protective Pouch, Cleaning Cloth, Micro USB Cable, Control Talk Cable', '', '', 'iSport Freedom Wireless', '', '', '1 Year Warranty', '', '', '', '1 year Manufacturer Warranty from the date of purchase', '', '', '', '', '', 'iSport Freedom Wireless', '', '', 'With Microphone', '', 0),
(291, 'Monster iSport Freedom Wireless Headphone - Green', '', 'Finally, a comfortable over-ear sports headphone that gives you the power you need to power through your toughest training, with the all the quality you expect from Pure Monster Sound.', '', 1, 24500, '', '', NULL, NULL, NULL, '', NULL, '', 1, 1, '', 'Green', '50644728402', '', 'On The Ear, Stereo, Sweat Resistant', 'Apple Phones, Apple Ipods, Apple Ipads, Samsung Phones', '', '', 'Green', '', '', '', '', '', '', 'Headphones, Protective Pouch, Cleaning Cloth, Micro USB Cable, Control Talk Cable', '', '', 'iSport Freedom Wireless', '', '', '1 Year Warranty', '', '', '', '1 year Manufacturer Warranty from the date of purchase', '', '', '', '', '', 'iSport Freedom Wireless', '', '', 'With Microphone', '', 0),
(292, 'Monster N-Tune Headphone - Blue', '', 'Get your attitude on. Wherever you go wearing N-Tunes on ears, you', '', 1, 11999, '', '', NULL, NULL, NULL, '', NULL, '', 1, 1, '', 'Blue', '50644665479', '', 'On The Ear, Stereo', 'Apple Phones, Apple Ipods, Apple Ipads, Samsung Phones', '', '', 'Blue', '', '', '', '', '', '', 'Headphones, Controltalk Universal Cable, Carrying Case, Manual', '', '', 'N-Tune', '', '', '1 Year Warranty', '', '', '', '1 year Manufacturer Warranty from the date of purchase', '', '', '', '', '', 'N-Tune', '', '', 'With Microphone', '', 0),
(293, 'Monster N-Tune Headphone - Orange', '', 'Get your attitude on. Wherever you go wearing N-Tunes on ears, you', '', 1, 11999, '', '', NULL, NULL, NULL, '', NULL, '', 1, 1, '', 'Orange', '375433665486', '', 'On The Ear, Stereo', 'Apple Phones, Apple Ipods, Apple Ipads, Samsung Phones', '', '', 'Orange', '', '', '', '', '', '', 'Headphones, Controltalk Universal Cable, Carrying Case, Manual', '', '', 'N-Tune', '', '', '1 Year Warranty', '', '', '', '1 year Manufacturer Warranty from the date of purchase', '', '', '', '', '', 'N-Tune', '', '', 'With Microphone', '', 0),
(294, 'Monster N-Tune Headphone - Red', '', 'Get your attitude on. Wherever you go wearing N-Tunes on ears, you', '', 1, 11999, '', '', NULL, NULL, NULL, '', NULL, '', 1, 1, '', 'Red', '50644670923', '', 'On The Ear, Stereo', 'Apple Phones, Apple Ipods, Apple Ipads, Samsung Phones', '', '', 'Red', '', '', '', '', '', '', 'Headphones, Controltalk Universal Cable, Carrying Case, Manual', '', '', 'N-Tune', '', '', '1 Year Warranty', '', '', '', '1 year Manufacturer Warranty from the date of purchase', '', '', '', '', '', 'N-Tune', '', '', 'With Microphone', '', 0),
(295, 'Monster N-Tune Headphone - Black', '', 'Get your attitude on. Wherever you go wearing N-Tunes on ears, you', '', 1, 11999, '', '', NULL, NULL, NULL, '', NULL, '', 1, 1, '', 'Black', '50644665455', '', 'On The Ear, Stereo', 'Apple Phones, Apple Ipods, Apple Ipads, Samsung Phones', '', '', 'Black', '', '', '', '', '', '', 'Headphones, Controltalk Universal Cable, Carrying Case, Manual', '', '', 'N-Tune', '', '', '1 Year Warranty', '', '', '', '1 year Manufacturer Warranty from the date of purchase', '', '', '', '', '', 'N-Tune', '', '', 'With Microphone', '', 0),
(296, 'Monster N-Tune Headphone - White', '', 'Get your attitude on. Wherever you go wearing N-Tunes on ears, you', '', 1, 11999, '', '', NULL, NULL, NULL, '', NULL, '', 1, 1, '', 'White', '50644665462', '', 'On The Ear, Stereo', 'Apple Phones, Apple Ipods, Apple Ipads, Samsung Phones', '', '', 'White', '', '', '', '', '', '', 'Headphones, Controltalk Universal Cable, Carrying Case, Manual', '', '', 'N-Tune', '', '', '1 Year Warranty', '', '', '', '1 year Manufacturer Warranty from the date of purchase', '', '', '', '', '', 'N-Tune', '', '', 'With Microphone', '', 0),
(297, 'Ricoh Theta M15 360 Degree Camera - White', '', 'Your World Is Not Flat. One-click 360 degree spherical photos/ 5 Min 360 degree video. Video recording at 1080p/15 fps. Built-in wi-fi connectivity. Auto, shutter speed & ISO priority modes. Internal memory upto 4 GB. Dedicated processing software and app. SDK available for app development.', '', 1, 34770, '', '', '', '0000-00-00', '0000-00-00', '', '', '', 1, 1, '', 'White', '4961311894541', '', '', '', '', '', 'White', '', '', '', '', '', '', 'Theta M15 Camera, Charging Cable, Carrying Pouch, Manual', '', 'E9Q6ac5NVgU', 'Theta M15', '', 'Approx. 3.35 oz', '1 Year Warranty', '', '', '', '1 year Manufacturer Warranty from the date of purchase', '', '', '', '', '', 'Theta M15', '1.6 in x 5 in x 0.9 in ', '', '', '', 0),
(298, 'Ricoh Theta M15 360 Degree Camera - Blue', '', 'Your World Is Not Flat. One-click 360 degree spherical photos/ 5 Min 360 degree video. Video recording at 1080p/15 fps. Built-in wi-fi connectivity. Auto, shutter speed & ISO priority modes. Internal memory upto 4 GB. Dedicated processing software and app. SDK available for app development.', '', 1, 34770, '', '', '', '0000-00-00', '0000-00-00', '', '', '', 1, 1, '', 'Blue', '4961311897924', '', '', '', '', '', 'Blue', '', '', '', '', '', '', 'Theta M15 Camera, Charging Cable, Carrying Pouch, Manual', '', 'E9Q6ac5NVgU', 'Theta M15', '', 'Approx. 3.35 oz', '1 Year Warranty', '', '', '', '1 year Manufacturer Warranty from the date of purchase', '', '', '', '', '', 'Theta M15', '1.6 in x 5 in x 0.9 in ', '', '', '', 0),
(299, 'Ricoh Theta M15 360 Degree Camera - Yellow', '', 'Your World Is Not Flat. One-click 360 degree spherical photos/ 5 Min 360 degree video. Video recording at 1080p/15 fps. Built-in wi-fi connectivity. Auto, shutter speed & ISO priority modes. Internal memory upto 4 GB. Dedicated processing software and app. SDK available for app development.', '', 1, 34770, '', '', '', '0000-00-00', '0000-00-00', '', '', '', 1, 1, '', 'Yellow', '4961311897917', '', '', '', '', '', 'Yellow', '', '', '', '', '', '', 'Theta M15 Camera, Charging Cable, Carrying Pouch, Manual', '', 'E9Q6ac5NVgU', 'Theta M15', '', 'Approx. 3.35 oz', '1 Year Warranty', '', '', '', '1 year Manufacturer Warranty from the date of purchase', '', '', '', '', '', 'Theta M15', '1.6 in x 5 in x 0.9 in ', '', '', '', 0),
(300, 'Ricoh Theta S 360 Degree Camera - Black', '', '360 degree experience. Record 360 degree Spherical Photos/Videos. 2 x 12MP 1/2.3" Sensors, 14.4MP Output. Twin Lens System, f/2 Maximum Aperture. Full HD 1080p Video Recording at 30 fps. Live Streaming via USB or HDMI. Auto, Shutter Speed & ISO Priority Modes. ISO 1600 & Manual Exposure up to 1 Min. Built-In Wi-Fi for Live View and Control. Internal Memory upto 8GB.', '', 1, 39995, '', '', '', '0000-00-00', '0000-00-00', '', '', '', 1, 1, '', 'Black', '4961311901577', '', '', '', '', '', 'Black', '', '', '', '', '', '', 'Theta S Camera, Charging Cable, Carrying Pouch, Manual', '', 'E9Q6ac5NVgU', 'Theta S', '', 'Approx. 125g', '1 Year Warranty', '', '', '', '1 year Manufacturer Warranty from the date of purchase', '', '', '', '', '', 'Theta S', '44 mm x 130 mm x 22.9 mm', '', '', '', 0),
(301, 'B&O Beoplay H2 Headphone - Silver Cloud', '', 'Flexible, on-ear headphone with superior sound - and microphone and remote for hassle-free control.', '', 1, 14990, '', '', '', '0000-00-00', '0000-00-00', '', '', '', 1, 1, '', 'Silver Cloud', '5705260045963', '', 'On The Ear, Stereo', 'Apple Phones, Apple Ipods, Apple Ipads, Samsung Phones', '', '', 'White', '', '', '', '', '', '', 'BeoPlay H2 headphone, Cable with 3-button remote.', '', '', 'Beoplay H2', '', '', '2 Years Warranty', '', '', '', '2 years Manufacturer Warranty from the date of purchase', '', '', '', '', '', 'Beoplay H2', '', '', 'With Microphone', '', 0),
(302, 'Plantronics Voyager Edge Mono Earphone With Case - Black', '', 'The sophisticated, performance?driven Plantronics Voyager Edge Bluetooth headset is an inspired blend of elegance, comfort, and signature Plantronics audio technology. Voice commands keep you in control, audio alerts keep you informed, premium noise cancelling keeps calls clear in any environment, and a portable charging case keeps Voyager Edge ready when you are.', '', 1, 7490, '', '', NULL, NULL, NULL, '', NULL, '', 1, 1, '', 'Carbon Black', '5033588042310', '', 'In Ear, Mono', 'Apple Phones, Apple Ipods, Apple Ipads, Samsung Phones', '', '', 'Black', '', '', '', '', '', '', 'Bluetooth Headset, Charging Case with Rechargeable Battery, Car Charger, Micro USB Cable, Silicon Eartips (S,M, L), Clip On Earloop', '', 'orq1uk8mKTA', 'Voyager Edge', '', 'Approx. 9 gms (Only Earphone)', '1 Year Warranty', '', '', '', '1 year Manufacturer Warranty from the date of purchase', '', '', '', '', '', 'Voyager Edge', '', '', 'With Microphone', '', 0),
(303, 'Plantronics Voyager Edge Mono Earphone With Case - White', '', 'The sophisticated, performance?driven Plantronics Voyager Edge Bluetooth headset is an inspired blend of elegance, comfort, and signature Plantronics audio technology. Voice commands keep you in control, audio alerts keep you informed, premium noise cancelling keeps calls clear in any environment, and a portable charging case keeps Voyager Edge ready when you are.', '', 1, 7490, '', '', NULL, NULL, NULL, '', NULL, '', 1, 1, '', 'Glacial White', '5033588042358', '', 'In Ear, Mono', 'Apple Phones, Apple Ipods, Apple Ipads, Samsung Phones', '', '', 'White', '', '', '', '', '', '', 'Bluetooth Headset, Charging Case with Rechargeable Battery, Car Charger, Micro USB Cable, Silicon Eartips (S,M, L), Clip On Earloop', '', 'orq1uk8mKTA', 'Voyager Edge', '', 'Approx. 9 gms (Only Earphone)', '1 Year Warranty', '', '', '', '1 year Manufacturer Warranty from the date of purchase', '', '', '', '', '', 'Voyager Edge', '', '', 'With Microphone', '', 0),
(304, 'Plantronics Voyager Edge SE Mono Earphone - Black', '', 'The sophisticated, performance?driven Plantronics Voyager Edge Bluetooth headset is an inspired blend of elegance, comfort, and signature Plantronics audio technology. Voice commands and smartphone assistant integration keep you in control, audio alerts keep you informed, premium noise cancelling keeps calls clear in any environment keeps Voyager Edge ready when you are.', '', 1, 5990, '', '', NULL, NULL, NULL, '', NULL, '', 1, 1, '', 'Black/Gold', '5033588046264', '', 'In Ear, Mono', 'Apple Phones, Apple Ipods, Apple Ipads, Samsung Phones', '', '', 'Black', '', '', '', '', '', '', '', '', 'orq1uk8mKTA', 'Voyager Edge SE', '', 'Approx. 9 gms (Only Earphone)', '1 Year Warranty', '', '', '', '1 year Manufacturer Warranty from the date of purchase', '', '', '', '', '', 'Voyager Edge SE', '', '', 'With Microphone', '', 0),
(305, 'Plantronics Voyager Legend Mono Earphone - Black', '', 'Smart sensor technology reacts when you put the headset on, letting you quickly take a call without a click. If you', '', 1, 6595, '', '', NULL, NULL, NULL, '', NULL, '', 1, 1, '', 'Black', '5033588038801', '', 'In Ear, Mono', 'Apple Phones, Apple Ipods, Apple Ipads, Samsung Phones', '', '', 'Black', '', '', '', '', '', '', 'Bluetooth Headset, Car Charger, Micro USB Cable, Silicon Eartips (S,M, L)', '', '_TC5xB49a8E', 'Voyager Legend', '', '', '1 Year Warranty', '', '', '', '1 year Manufacturer Warranty from the date of purchase', '', '', '', '', '', 'Voyager Legend', '', '', 'With Microphone', '', 0),
(306, 'Plantronics Explorer 500 Mono Earphone - Black', '', 'Bluetooth headset with certified HD voice clarity, smartphone voice control, multi-lingual notifications, and USB charging strap.\n', '', 1, 3490, '', '', NULL, NULL, NULL, '', NULL, '', 1, 1, '', 'Black', '5033588045984', '', 'In Ear, Mono', 'Apple Phones, Apple Ipods, Apple Ipads, Samsung Phones', '', '', 'Black', '', '', '', '', '', '', 'Bluetooth Headset, USB Charging Strap, Optional Clip On Earloop', '', 'pwKJRR02G-Y', 'Explorer 500', '', 'Approx. 7 gms (Only Earphone)', '1 Year Warranty', '', '', '', '1 year Manufacturer Warranty from the date of purchase', '', '', '', '', '', 'Explorer 500', '', '', 'With Microphone', '', 0),
(307, 'Plantronics Explorer 500 Mono Earphone - White', '', 'Bluetooth headset with certified HD voice clarity, smartphone voice control, multi-lingual notifications, and USB charging strap.\n', '', 1, 3490, '', '', NULL, NULL, NULL, '', NULL, '', 1, 1, '', 'White', '5033588045519', '', 'In Ear, Mono', 'Apple Phones, Apple Ipods, Apple Ipads, Samsung Phones', '', '', 'White', '', '', '', '', '', '', 'Bluetooth Headset, USB Charging Strap, Optional Clip On Earloop', '', 'pwKJRR02G-Y', 'Explorer 500', '', 'Approx. 7 gms (Only Earphone)', '1 Year Warranty', '', '', '', '1 year Manufacturer Warranty from the date of purchase', '', '', '', '', '', 'Explorer 500', '', '', 'With Microphone', '', 0),
(308, 'Plantronics Marque 2 Mono Earphone - White', '', 'The Plantronics Marque 2 headset, a perfect companion for smartphones, now features DeepSleep and enhanced noise reduction. Dual microphones reduce noise and wind, giving you better call quality. Just say ', '', 1, 4375, '', '', NULL, NULL, NULL, '', NULL, '', 1, 1, '', 'White', '5033588039471', '', 'In Ear, Mono', 'Apple Phones, Apple Ipods, Apple Ipads, Samsung Phones', '', '', 'White', '', '', '', '', '', '', 'Bluetooth Headset, Car Charger, Micro USB Cable, Optional Clip-On Earloop', '', 'F8GO8AD2Sfs', 'Marque 2', '', 'Approx. 7 gms (Only Earphone)', '1 Year Warranty', '', '', '', '1 year Manufacturer Warranty from the date of purchase', '', '', '', '', '', 'Marque 2', '', '', 'With Microphone', '', 0),
(309, 'Logitech UE Boom Wireless Portable Speaker - Midnight Black', '', '360 degree speaker that drops bold, rich resonant sound in every direction with exceptional bass. Versatile, go anywhere shape that is designed to be spontaneous. Colorful acoustic skin with plasma coating makes the UE Boom water and stain resistant. Rechargeable battery has 15 hours of playback. Wirelessly connect two UE Booms together in stereo via the UE boom app to spread the sound and pump up the volume. Also play music with aux cable (Not included in the box). Actual battery life will vary with use, settings and environmental conditions. ', '', 1, 14995, '', '', NULL, NULL, NULL, '', NULL, '', 1, 1, '980000735', 'Midnight Black', '5099206043176', '', 'Portable, Bluetooth', 'Bluetooth Enabled Phones, Tablets and Laptops', '', '', 'Black', '', '', '', '', '', '', 'UE Boom Speaker, Micro USB Cable, Power Adapter', '', '', 'UE Boom Wireless', '', 'Item Weight - 540 g', '1 Year warranty', '', '', '', '1 year Manufacturer Warranty from the date of purchase', '', '', '', '', '', 'UE Boom Wireless', '', '', 'Without Microphone', '', 0),
(310, 'Logitech UE Boom Wireless Portable Speaker - Orchid Purple', '', '360 degree speaker that drops bold, rich resonant sound in every direction with exceptional bass. Versatile, go anywhere shape that is designed to be spontaneous. Colorful acoustic skin with plasma coating makes the UE Boom water and stain resistant. Rechargeable battery has 15 hours of playback. Wirelessly connect two UE Booms together in stereo via the UE boom app to spread the sound and pump up the volume. Also play music with aux cable (Not included in the box). Actual battery life will vary with use, settings and environmental conditions. ', '', 1, 14995, '', '', NULL, NULL, NULL, '', NULL, '', 1, 1, '984000453', 'Orchid Purple', '5099206053892', '', 'Portable, Bluetooth', 'Bluetooth Enabled Phones, Tablets and Laptops', '', '', 'Purple', '', '', '', '', '', '', 'UE Boom Speaker, Micro USB Cable, Power Adapter', '', '', 'UE Boom Wireless', '', 'Item Weight - 540 g', '1 Year warranty', '', '', '', '1 year Manufacturer Warranty from the date of purchase', '', '', '', '', '', 'UE Boom Wireless', '', '', 'Without Microphone', '', 0),
(311, 'Logitech UE Boom Wireless Portable Speaker - Superhero', '', '360 degree speaker that drops bold, rich resonant sound in every direction with exceptional bass. Versatile, go anywhere shape that is designed to be spontaneous. Colorful acoustic skin with plasma coating makes the UE Boom water and stain resistant. Rechargeable battery has 15 hours of playback. Wirelessly connect two UE Booms together in stereo via the UE boom app to spread the sound and pump up the volume. Also play music with aux cable (Not included in the box). Actual battery life will vary with use, settings and environmental conditions. ', '', 1, 14995, '', '', NULL, NULL, NULL, '', NULL, '', 1, 1, '984000451', 'Superhero', '5099206053878', '', 'Portable, Bluetooth', 'Bluetooth Enabled Phones, Tablets and Laptops', '', '', 'Blue', '', '', '', '', '', '', 'UE Boom Speaker, Micro USB Cable, Power Adapter', '', '', 'UE Boom Wireless', '', 'Item Weight - 540 g', '1 Year warranty', '', '', '', '1 year Manufacturer Warranty from the date of purchase', '', '', '', '', '', 'UE Boom Wireless', '', '', 'Without Microphone', '', 0),
(312, 'Logitech UE Boom Wireless Portable Speaker - Aqua Blue', '', '360 degree speaker that drops bold, rich resonant sound in every direction with exceptional bass. Versatile, go anywhere shape that is designed to be spontaneous. Colorful acoustic skin with plasma coating makes the UE Boom water and stain resistant. Rechargeable battery has 15 hours of playback. Wirelessly connect two UE Booms together in stereo via the UE boom app to spread the sound and pump up the volume. Also play music with aux cable (Not included in the box). Actual battery life will vary with use, settings and environmental conditions. ', '', 1, 14995, '', '', NULL, NULL, NULL, '', NULL, '', 1, 1, '984000452', 'Aqua Blue', '5099206053885', '', 'Portable, Bluetooth', 'Bluetooth Enabled Phones, Tablets and Laptops', '', '', 'Aqua Blue', '', '', '', '', '', '', 'UE Boom Speaker, Micro USB Cable, Power Adapter', '', '', 'UE Boom Wireless', '', 'Item Weight - 540 g', '1 Year warranty', '', '', '', '1 year Manufacturer Warranty from the date of purchase', '', '', '', '', '', 'UE Boom Wireless', '', '', 'Without Microphone', '', 0),
(313, 'B&O Beoplay H2 Headphone - Silver Cloud', '', 'Flexible, on-ear headphone with superior sound - and microphone and remote for hassle-free control.', '', 1, 14990, '', '', '', '0000-00-00', '0000-00-00', '', '', '', 1, 1, '', 'Silver Cloud', '5705260045963', '', 'On The Ear, Stereo', 'Apple Phones, Apple Ipods, Apple Ipads, Samsung Phones', '', '', 'White', '', '', '', '', '', '', 'BeoPlay H2 headphone, Cable with 3-button remote.', '', '', 'Beoplay H2', '', '', '2 Years Warranty', '', '', '', '2 years Manufacturer Warranty from the date of purchase', '', '', '', '', '', 'Beoplay H2', '', '', 'With Microphone', '', 0),
(314, 'Plantronics Backbeat Fit Wireless Earphone With Armband - Green', '', 'The stable, comfortable Plantronics BackBeat FIT wireless stereo headphones provide all the power, safety features, and premium audio you need to stay motivated and moving, indoors or out. It', '', 1, 7490, '', '', '', '0000-00-00', '0000-00-00', '', '', '', 1, 1, '', 'Green', '5033588042167', '', 'In Ear, Stereo, Clip Ons, Sweat Resistant', 'Apple Phones, Apple Ipods, Apple Ipads, Samsung Phones', '', '', 'Green', '', '', '', '', '', '', 'Earphones, Charger, Armband (For Smartphones/Earphones)', '', 'myjQqxfqH9o', 'Backbeat Fit Wireless', '', 'Approx. 24 gms', '1 Year Warranty', '', '', '', '1 year Manufacturer Warranty from the date of purchase', '', '', '', '', '', 'Backbeat Fit Wireless', '', '', 'With Microphone', '', 0),
(315, 'Plantronics Backbeat Fit Wireless Earphone With Armband - Blue', '', 'The stable, comfortable Plantronics BackBeat FIT wireless stereo headphones provide all the power, safety features, and premium audio you need to stay motivated and moving, indoors or out. It', '', 1, 7490, '', '', '', '0000-00-00', '0000-00-00', '', '', '', 1, 1, '', 'Blue', '5033588042150', '', 'In Ear, Stereo, Clip Ons, Sweat Resistant', 'Apple Phones, Apple Ipods, Apple Ipads, Samsung Phones', '', '', 'Blue', '', '', '', '', '', '', 'Earphones, Charger, Armband (For Smartphones/Earphones)', '', 'myjQqxfqH9o', 'Backbeat Fit Wireless', '', 'Approx. 24 gms', '1 Year Warranty', '', '', '', '1 year Manufacturer Warranty from the date of purchase', '', '', '', '', '', 'Backbeat Fit Wireless', '', '', 'With Microphone', '', 0),
(316, 'Plantronics Backbeat Fit Wireless Earphone With Armband - Red', '', 'The stable, comfortable Plantronics BackBeat FIT wireless stereo headphones provide all the power, safety features, and premium audio you need to stay motivated and moving, indoors or out. It', '', 1, 7490, '', '', '', '0000-00-00', '0000-00-00', '', '', '', 1, 1, '', 'Red', '5033588042174', '', 'In Ear, Stereo, Clip Ons, Sweat Resistant', 'Apple Phones, Apple Ipods, Apple Ipads, Samsung Phones', '', '', 'Red', '', '', '', '', '', '', 'Earphones, Charger, Armband (For Smartphones/Earphones)', '', 'myjQqxfqH9o', 'Backbeat Fit Wireless', '', 'Approx. 24 gms', '1 Year Warranty', '', '', '', '1 year Manufacturer Warranty from the date of purchase', '', '', '', '', '', 'Backbeat Fit Wireless', '', '', 'With Microphone', '', 0),
(317, 'Traxxas Telluride 4WD Monster Truck - Green', '', '4Amp DC Peak Detecting Fast Charger. Traxxas 7-cell NiMH battery with iDTM. TQ 2.4GHz radio system. Waterproof electronics for all-weather driving excitement in water, mud and snow. Titan 12-Turn 550 Motor. Trail-tuned differentials for sure-footed climbing. Speed - 30+mph. Powerful XL-5 Waterproof Electronic Speed Control. Traxxas', '', 1, 28000, '', '25000', '', '0000-00-00', '0000-00-00', '', '', '', 1, 1, '67044-1', 'Green', '', '', '', '', '', '', 'Green', '', '', '', '', '', '', 'Telluride Car with Titan 12T 550 Motor, XL-5 Waterproof ESC, TQ 2.4Ghz Radio System, 8.4v NiMH Traxxas Power Cell Battery with ID, 4Amp Dc Fast Charger, Quicl Start Guide, Quality Toolset.', '', 'gau_QtXT5dc', 'Telluride', '', 'Approx. 2.37 kg', '6 Months Warranty', '', '', '', '6 Months Warranty from the date of purchase. Physical damage on any parts are not covered under warranty. Parts damaged are sold separately.', '', '', '', '', '', 'Telluride', '425 mm x 230mm', '', '', '', 0),
(318, 'Ferrari Formula 1 Flip Case For Apple iPhone 6 Plus - Black', '', '', '', 1, 3000, '2400', '', NULL, NULL, NULL, '', NULL, '', 1, 1, 'Fefocflbkp6lbl', 'Black', '3700740342398', '', 'Flip Case', 'Apple iphone 6S Plus, Apple iphone 6 Plus', 'Apple iPhone 6 Plus', 'PU Leather', 'Black', '', '', '', '', '', '', 'Cover 1pc', '', '', 'Formula 1', 'Leather', '', 'No Warranty', '', '', '', '', '', '', '', '', '', 'Formula 1 Flip 6 Plus', '', '', '', '', 0),
(319, 'Ferrari Formula 1 Flip Case For Apple iPhone 6 Plus - Red', '', '', '', 1, 3000, '2400', '', NULL, NULL, NULL, '', NULL, '', 1, 1, 'Fefocflbkp6lre', 'Red', '3700740342404', '', 'Flip Case', 'Apple iphone 6S Plus, Apple iphone 6 Plus', 'Apple iPhone 6 Plus', 'PU Leather', 'Red', '', '', '', '', '', '', 'Cover 1pc', '', '', 'Formula 1', 'Leather', '', 'No Warranty', '', '', '', '', '', '', '', '', '', 'Formula 1 Flip 6 Plus', '', '', '', '', 0),
(320, 'Ferrari Formula 1 Back Case For Apple iPhone 6 Plus - Black', '', '', '', 1, 2250, '1800', '', NULL, NULL, NULL, '', NULL, '', 1, 1, 'Fefochcp6lbl', 'Black', '3700740342374', '', 'Back Case, Hard Case', 'Apple iphone 6S Plus, Apple iphone 6 Plus', 'Apple iPhone 6 Plus', 'PU Leather', 'Black', '', '', '', '', '', '', 'Cover 1pc', '', '', 'Formula 1', 'Leather', '', 'No Warranty', '', '', '', '', '', '', '', '', '', 'Formula 1 Back 6 Plus', '', '', '', '', 0),
(321, 'Ferrari Formula 1 Back Case For Apple iPhone 6 Plus - Red', '', '', '', 1, 2250, '1800', '', NULL, NULL, NULL, '', NULL, '', 1, 1, 'Fefochcp6lre', 'Red', '3700740342381', '', 'Back Case, Hard Case', 'Apple iphone 6S Plus, Apple iphone 6 Plus', 'Apple iPhone 6 Plus', 'PU Leather', 'Red', '', '', '', '', '', '', 'Cover 1pc', '', '', 'Formula 1', 'Leather', '', 'No Warranty', '', '', '', '', '', '', '', '', '', 'Formula 1 Back 6 Plus', '', '', '', '', 0),
(322, 'Ferrari Metallic Back Case For Apple iPhone 6 Plus - Red', '', '', '', 1, 3000, '2400', '', NULL, NULL, NULL, '', NULL, '', 1, 1, 'Femehcp6lre', 'Red', '3700740342428', '', 'Back Case, Hard Case', 'Apple iphone 6S Plus, Apple iphone 6 Plus', 'Apple iPhone 6 Plus', '', 'Red', '', '', '', '', '', '', 'Cover 1pc', '', '', 'Metallic', 'Mettalic', '', 'No Warranty', '', '', '', '', '', '', '', '', '', 'Metallic 6 Plus', '', '', '', '', 0),
(323, 'Ferrari Scuderia Carbon Back Case For Apple iPhone 6 Plus - Black', '', '', '', 1, 3000, '2400', '', NULL, NULL, NULL, '', NULL, '', 1, 1, 'Fesccbhcp6lbl', 'Black', '3700740342411', '', 'Back Case, Hard Case', 'Apple iphone 6S Plus, Apple iphone 6 Plus', 'Apple iPhone 6 Plus', '', 'Black', '', '', '', '', '', '', 'Cover 1pc', '', '', 'Scuderia Carbon', '', '', 'No Warranty', '', '', '', '', '', '', '', '', '', 'Scuderia Carbon 6 Plus', '', '', '', '', 0);
INSERT INTO `product` (`id`, `name`, `sku`, `description`, `url`, `visibility`, `price`, `wholesaleprice`, `firstsaleprice`, `secondsaleprice`, `specialpriceto`, `specialpricefrom`, `metatitle`, `metadesc`, `metakeyword`, `quantity`, `status`, `modelnumber`, `brandcolor`, `eanorupc`, `eanorupcmeasuringunits`, `type`, `compatibledevice`, `compatiblewith`, `material`, `color`, `design`, `width`, `height`, `depth`, `portsize`, `packof`, `salespackage`, `keyfeatures`, `videourl`, `modelname`, `finish`, `weight`, `domesticwarranty`, `domesticwarrantymeasuringunits`, `internationalwarranty`, `internationalwarrantymeasuringunits`, `warrantysummary`, `warrantyservicetype`, `coveredinwarranty`, `notcoveredinwarranty`, `size`, `typename`, `colormatch`, `dimension`, `capacity`, `microphone`, `length`, `voltage`) VALUES
(324, 'Ferrari Formula 1 Flip Case For Apple iPhone 6S - Black', '', '', '', 1, 2500, '2000', '', NULL, NULL, NULL, '', NULL, '', 1, 1, 'Fefocflbkp6bl', 'Black', '3700740341759', '', 'Flip Case', 'iPhone 6, iPhone 6S', 'Apple iPhone 6S', 'PU Leather', 'Black', '', '', '', '', '', '', 'Cover 1pc', '', '', 'Formula 1', 'Leather', '', 'No Warranty', '', '', '', '', '', '', '', '', '', 'Formula 1 Flip 6S', '', '', '', '', 0),
(325, 'Ferrari Formula 1 Flip Case For Apple iPhone 6S - Red', '', '', '', 1, 2500, '2000', '', NULL, NULL, NULL, '', NULL, '', 1, 1, 'Fefocflbkp6re', 'Red', '3700740341766', '', 'Flip Case', 'iPhone 6, iPhone 6S', 'Apple iPhone 6S', 'PU Leather', 'Red', '', '', '', '', '', '', 'Cover 1pc', '', '', 'Formula 1', 'Leather', '', 'No Warranty', '', '', '', '', '', '', '', '', '', 'Formula 1 Flip 6S', '', '', '', '', 0),
(326, 'Ferrari Formula 1 Vertical Flip Case For Apple iPhone 6S - Black', '', '', '', 1, 2500, '2000', '', NULL, NULL, NULL, '', NULL, '', 1, 1, 'Fefocflp6bl', 'Black', '3700740341735', '', 'Flip Case', 'iPhone 6, iPhone 6S', 'Apple iPhone 6S', 'PU Leather', 'Black', '', '', '', '', '', '', 'Cover 1pc', '', '', 'Formula 1 Vertical', 'Leather', '', 'No Warranty', '', '', '', '', '', '', '', '', '', 'Formula 1 Flip V 6S', '', '', '', '', 0),
(327, 'Ferrari Formula 1 Vertical Flip Case For Apple iPhone 6S - Red', '', '', '', 1, 2500, '2000', '', NULL, NULL, NULL, '', NULL, '', 1, 1, 'Fefocflp6re', 'Red', '3700740341742', '', 'Flip Case', 'iPhone 6, iPhone 6S', 'Apple iPhone 6S', 'PU Leather', 'Red', '', '', '', '', '', '', 'Cover 1pc', '', '', 'Formula 1 Vertical', 'Leather', '', 'No Warranty', '', '', '', '', '', '', '', '', '', 'Formula 1 Flip V 6S', '', '', '', '', 0),
(328, 'Ferrari Formula 1 Back Case For Apple iPhone 6S - Black', '', '', '', 1, 2000, '1600', '', NULL, NULL, NULL, '', NULL, '', 1, 1, 'Fefochcp6bl', 'Black', '3700740341711', '', 'Back Case, Hard Case', 'iPhone 6, iPhone 6S', 'Apple iPhone 6S', 'PU Leather', 'Black', '', '', '', '', '', '', 'Cover 1pc', '', '', 'Formula 1', 'Leather', '', 'No Warranty', '', '', '', '', '', '', '', '', '', 'Formula 1 Back 6S', '', '', '', '', 0),
(329, 'Ferrari Formula 1 Back Case For Apple iPhone 6S - Red', '', '', '', 1, 2000, '1600', '', NULL, NULL, NULL, '', NULL, '', 1, 1, 'Fefochcp6re', 'Red', '3700740341728', '', 'Back Case, Hard Case', 'iPhone 6, iPhone 6S', 'Apple iPhone 6S', 'PU Leather', 'Red', '', '', '', '', '', '', 'Cover 1pc', '', '', 'Formula 1', 'Leather', '', 'No Warranty', '', '', '', '', '', '', '', '', '', 'Formula 1 Back 6S', '', '', '', '', 0),
(330, 'Ferrari Metallic Back Case For Apple iPhone 6S - Red', '', '', '', 1, 2500, '2000', '', NULL, NULL, NULL, '', NULL, '', 1, 1, 'Femehcp6re', 'Red', '3700740341780', '', 'Back Case, Hard Case', 'iPhone 6, iPhone 6S', 'Apple iPhone 6S', '', 'Red', '', '', '', '', '', '', 'Cover 1pc', '', '', 'Metallic', 'Mettalic', '', 'No Warranty', '', '', '', '', '', '', '', '', '', 'Metallic 6S', '', '', '', '', 0),
(331, 'Ferrari Scuderia Carbon Back Case For Apple iPhone 6S - Black', '', '', '', 1, 2500, '2000', '', NULL, NULL, NULL, '', NULL, '', 1, 1, 'Fesccbhcp6bl', 'Black', '3700740341773', '', 'Back Case, Hard Case', 'iPhone 6, iPhone 6S', 'Apple iPhone 6S', '', 'Black', '', '', '', '', '', '', 'Cover 1pc', '', '', 'Scuderia Carbon', '', '', 'No Warranty', '', '', '', '', '', '', '', '', '', 'Scuderia Carbon 6S', '', '', '', '', 0),
(332, 'Ferrari 3D Back Case For Apple iPhone 6 - Black', '', '', '', 1, 1650, '', '', NULL, NULL, NULL, '', NULL, '', 1, 1, 'FE3DHCP6BL', 'Black', '', '', 'Back Case, Hard Case', 'iPhone 6, iPhone 6S', 'Apple iPhone 6', '', 'Black', '', '', '', '', '', '', 'Cover 1pc', '', '', '3D', '', '', 'No Warranty', '', '', '', '', '', '', '', '', '', 'Ferrari 3D iph6 ', '', '', '', '', 0),
(333, 'Ferrari 3D Back Case For Apple iPhone 6 - Grey', '', '', '', 1, 1650, '', '', NULL, NULL, NULL, '', NULL, '', 1, 1, 'FE3DHCP6DG', 'Grey', '', '', 'Back Case, Hard Case', 'iPhone 6, iPhone 6S', 'Apple iPhone 6', '', 'Grey', '', '', '', '', '', '', 'Cover 1pc', '', '', '3D', '', '', 'No Warranty', '', '', '', '', '', '', '', '', '', 'Ferrari 3D iph6 ', '', '', '', '', 0),
(334, 'Ferrari 3D Back Case For Apple iPhone 6 - Red', '', '', '', 1, 1650, '', '', NULL, NULL, NULL, '', NULL, '', 1, 1, 'Fe3dhcp6re', 'Red', '', '', 'Back Case, Hard Case', 'iPhone 6, iPhone 6S', 'Apple iPhone 6', '', 'Red', '', '', '', '', '', '', 'Cover 1pc', '', '', '3D', '', '', 'No Warranty', '', '', '', '', '', '', '', '', '', 'Ferrari 3D iph6', '', '', '', '', 0),
(341, 'Ferrari 3D Back Case For Apple iphone 6S Plus - Black', '', '', '', 1, 2000, '', '', '', '0000-00-00', '0000-00-00', '', '', '', 1, 1, 'FE3DHCP6LBL', 'Black', '', '', 'Back Case, Hard Case', 'Phone', 'Apple iphone 6S Plus', '', 'Black', '', '', '', '', '', '', '', '', '', '3D', '', '', 'No Warranty', '', '', '', '', '', '', '', '', '', 'Ferrari 3D iph6 plus', '', '', '', '', 0),
(342, 'Ferrari 3D Back Case For Apple iphone 6S Plus - Grey', '', '', '', 1, 2000, '', '', '', '0000-00-00', '0000-00-00', '', '', '', 1, 1, 'FE3DHCP6LDG', 'Grey', '', '', 'Back Case, Hard Case', 'Phone', 'Apple iphone 6S Plus', '', 'Grey', '', '', '', '', '', '', '', '', '', '3D', '', '', 'No Warranty', '', '', '', '', '', '', '', '', '', 'Ferrari 3D iph6 plus', '', '', '', '', 0),
(343, 'Ferrari 3D Back Case For Apple iphone 6S Plus - Red', '', '', '', 1, 2000, '', '', '', '0000-00-00', '0000-00-00', '', '', '', 1, 1, 'FE3DHCP6LRE', 'Red', '', '', 'Back Case, Hard Case', 'Phone', 'Apple iphone 6S Plus', '', 'Red', '', '', '', '', '', '', '', '', '', '3D', '', '', 'No Warranty', '', '', '', '', '', '', '', '', '', 'Ferrari 3D iph6 plus', '', '', '', '', 0),
(344, 'Bowers&Wilkins Zeppelin Mini Dock Speaker - Black', '', 'Docking port allows you to grasp the iPod as if it were in your hand as normal, accommodates iPod/iPhone/touch of differing depths without adapters. Powerful DSP (Digital Sound Processing) and B&W drive unit technology. Intelligent features include a docking arm that rotates 90 degrees, perfect for watching videos or skipping through tracks in Cover Flow. Stream music directly from a PC or Mac via the USB socket.', '', 1, 27600, '', '', NULL, NULL, NULL, '', NULL, '', 1, 1, '', 'Black', '714346311224', '', 'Docks', 'iPhone (3G, 3GS, 4G, 4GS), iPod (1st, 2nd, Classic), iPod Nano (3rd, 4th)', '', '', 'Black', '', '', '', '', '', '', '', '', '', 'Zeppelin Mini', '', '', '1 Year warranty', '', '', '', '1 year Manufacturer Warranty from the date of purchase', '', '', '', '', '', 'Zeppelin Mini', '', '', '', '', 0),
(345, 'Sol Republic Punk Wireless Portable Speaker - Blue', '', 'Beware of PUNK. Smaller, tougher and louder than you would expect. Play it everywhere and take it anywhere. PUNK is fearless. Not afraid of water, dirt, or getting kicked around and gutsy enough to play music loud. Deceptively small, ferociously loud. Rechargeable battery has upto 8-Hours Battery Life. Also play music with aux cable (Included in the box). If you won', '', 1, 6750, '', '', NULL, NULL, NULL, '', NULL, '', 1, 1, '151036', 'Blue', '817210019834', '', 'Portable, Bluetooth', 'Bluetooth Enabled Phones, Tablets and Laptops', '', '', 'Blue', '', '', '', '', '', '', 'Punk Speaker, USB Charging Cable, Aux Cable', '', 'awEitYXABcc', 'Punk Wireless', '', '', '1 Year warranty', '', '', '', '1 year Manufacturer Warranty from the date of purchase', '', '', '', '', '', 'Punk Wireless', '', '', 'Without Microphone', '', 0),
(346, 'Sol Republic Punk Wireless Portable Speaker - Black', '', 'Beware of PUNK. Smaller, tougher and louder than you would expect. Play it everywhere and take it anywhere. PUNK is fearless. Not afraid of water, dirt, or getting kicked around and gutsy enough to play music loud. Deceptively small, ferociously loud. Rechargeable battery has upto 8-Hours Battery Life. Also play music with aux cable (Included in the box). If you won', '', 1, 6750, '', '', NULL, NULL, NULL, '', NULL, '', 1, 1, '151031', 'Black', '817210019810', '', 'Portable, Bluetooth', 'Bluetooth Enabled Phones, Tablets and Laptops', '', '', 'Black', '', '', '', '', '', '', 'Punk Speaker, USB Charging Cable, Aux Cable', '', 'awEitYXABcc', 'Punk Wireless', '', '', '1 Year warranty', '', '', '', '1 year Manufacturer Warranty from the date of purchase', '', '', '', '', '', 'Punk Wireless', '', '', 'Without Microphone', '', 0),
(347, 'Sol Republic Punk Wireless Portable Speaker - Red', '', 'Beware of PUNK. Smaller, tougher and louder than you would expect. Play it everywhere and take it anywhere. PUNK is fearless. Not afraid of water, dirt, or getting kicked around and gutsy enough to play music loud. Deceptively small, ferociously loud. Rechargeable battery has upto 8-Hours Battery Life. Also play music with aux cable (Included in the box). If you won', '', 1, 6750, '', '', NULL, NULL, NULL, '', NULL, '', 1, 1, '151033', 'Red', '817210019827', '', 'Portable, Bluetooth', 'Bluetooth Enabled Phones, Tablets and Laptops', '', '', 'Red', '', '', '', '', '', '', 'Punk Speaker, USB Charging Cable, Aux Cable', '', 'awEitYXABcc', 'Punk Wireless', '', '', '1 Year warranty', '', '', '', '1 year Manufacturer Warranty from the date of purchase', '', '', '', '', '', 'Punk Wireless', '', '', 'Without Microphone', '', 0),
(348, 'Monster iClarity HD Wireless Portable Speaker - Silver', '', 'Ultra-Compact, High-Performance Bluetooth Speaker Delivers Best-In-Class Wireless Stereo Sound. Built-In Microphone for Wireless Hands-Free Calling & Conferencing. Rechargeable Li-Ion Batteries Power Up To 5 Hours On A Single Charge. Bluetooth 2.0 audio and digital signal processing for superior sound quality in a compact design. Also play music with aux cable (Not included in the box).', '', 1, 8750, '', '', NULL, NULL, NULL, '', NULL, '', 1, 1, 'AICLYMBT100EU', 'Silver', '50644588839', '', 'Portable, Bluetooth', 'Bluetooth Enabled Phones, Tablets and Laptops', '', '', 'Silver', '', '', '', '', '', '', 'iClarity HD Speaker, Travel Pouch, USB Charging Cable, Manual', '', '', 'iClarity HD Wireless', '', '', '1 Year warranty', '', '', '', '1 year Manufacturer Warranty from the date of purchase', '', '', '', '', '', 'iClarity HD Wireless', '', '', 'With Microphone', '', 0),
(349, 'Marshall Stanmore Wireless Speaker - Black', '', 'The Stanmore is a compact active stereo speaker that yields clean and precise sound even at high levels and its analogue interaction knobs give you custom control of your music. Hook it up wirelessly via the latest version of Bluetooth, featuring aptX technology, use the RCA input to plug in your record player, or simply connect the coil cord that', '', 1, 34999, '', '', NULL, NULL, NULL, '', NULL, '', 1, 1, '', 'Black', '7340055308380', '', 'Bluetooth', 'Bluetooth Enabled Phones, Tablets and Laptops', '', '', 'Black', '', '', '', '', '', '', 'Stanmore Speaker, Aux Cable, Power Cable, Manual', '', '', 'Stanmore Wireless', '', 'Approx. 5.1Kgs', '1 Year warranty', '', '', '', '1 year Manufacturer Warranty from the date of purchase', '', '', '', '', '', 'Stanmore Wireless', '', '', 'Without Microphone', '', 0),
(350, 'Marshall Stanmore Wireless Speaker - Brown', '', 'The Stanmore is a compact active stereo speaker that yields clean and precise sound even at high levels and its analogue interaction knobs give you custom control of your music. Hook it up wirelessly via the latest version of Bluetooth, featuring aptX technology, use the RCA input to plug in your record player, or simply connect the coil cord that', '', 1, 34999, '', '', NULL, NULL, NULL, '', NULL, '', 1, 1, '', 'Brown', '', '', 'Bluetooth', 'Bluetooth Enabled Phones, Tablets and Laptops', '', '', 'Brown', '', '', '', '', '', '', 'Stanmore Speaker, Aux Cable, Power Cable, Manual', '', '', 'Stanmore Wireless', '', 'Approx. 5.1Kgs', '1 Year warranty', '', '', '', '1 year Manufacturer Warranty from the date of purchase', '', '', '', '', '', 'Stanmore Wireless', '', '', 'Without Microphone', '', 0),
(351, 'Marshall Acton Wireless Speaker - Black', '', 'With a well balanced audio boasting a clear midrange and extended highs, the Acton gives an experience that is both articulate and pronounced. Its powerful deep bass seems to defy the laws of nature for it', '', 1, 24499, '', '', NULL, NULL, NULL, '', NULL, '', 1, 1, '', 'Black', '', '', 'Bluetooth', 'Bluetooth Enabled Phones, Tablets and Laptops', '', '', 'Black', '', '', '', '', '', '', 'Acton Speaker, Aux Cable, Power Cable, Manual', '', '', 'Acton Wireless', '', 'Approx. 3Kgs', '1 Year warranty', '', '', '', '1 year Manufacturer Warranty from the date of purchase', '', '', '', '', '', 'Acton Wireless', '', '', 'Without Microphone', '', 0),
(352, 'Marshall Acton Wireless Speaker - Cream', '', 'With a well balanced audio boasting a clear midrange and extended highs, the Acton gives an experience that is both articulate and pronounced. Its powerful deep bass seems to defy the laws of nature for it', '', 1, 24499, '', '', NULL, NULL, NULL, '', NULL, '', 1, 1, '', 'Cream', '7340055309875', '', 'Bluetooth', 'Bluetooth Enabled Phones, Tablets and Laptops', '', '', 'White', '', '', '', '', '', '', 'Acton Speaker, Aux Cable, Power Cable, Manual', '', '', 'Acton Wireless', '', 'Approx. 3Kgs', '1 Year warranty', '', '', '', '1 year Manufacturer Warranty from the date of purchase', '', '', '', '', '', 'Acton Wireless', '', '', 'Without Microphone', '', 0),
(353, 'Marshall Kilburn Wireless Portable Speaker - Black', '', 'The Kilburn portable active stereo speaker takes the unmistakable look and sound of Marshall, unplugs the chords, and takes the show on the road. The Kilburn is a compact stout-hearted hero with a well-balanced audio which boasts a clear midrange and extended highs for a sound that is both articulate and pronounced. The analogue knobs allow you to fine tune the controls to your personal preferences while the guitar-influenced leather strap enables easy and stylish travel. Bluetooth compatibility and the 3.5mm jack input means easy connectivity. A built-in battery life of up to 20 hours means the jams will be kicking for as long as you are.', '', 1, 25499, '', '', '', '0000-00-00', '0000-00-00', '', '', '', 1, 1, '', 'Black', '', '', 'Bluetooth', 'Bluetooth Enabled Phones, Tablets and Laptops', '', '', 'Black', '', '', '', '', '', '', 'Kilburn Speaker, Aux Cable, Power Cable, Manual', '', '', 'Kilburn Wireless', '', 'Approx. 3Kgs', '1 Year warranty', '', '', '', '1 year Manufacturer Warranty from the date of purchase', '', '', '', '', '', 'Kilburn Wireless', '', '', 'Without Microphone', '', 0),
(354, 'Marshall Kilburn Wireless Portable Speaker - Cream', '', 'The Kilburn portable active stereo speaker takes the unmistakable look and sound of Marshall, unplugs the chords, and takes the show on the road. The Kilburn is a compact stout-hearted hero with a well-balanced audio which boasts a clear midrange and extended highs for a sound that is both articulate and pronounced. The analogue knobs allow you to fine tune the controls to your personal preferences while the guitar-influenced leather strap enables easy and stylish travel. Bluetooth compatibility and the 3.5mm jack input means easy connectivity. A built-in battery life of up to 20 hours means the jams will be kicking for as long as you are.', '', 1, 25499, '', '', '', '0000-00-00', '0000-00-00', '', '', '', 1, 1, '', 'Cream', '', '', 'Bluetooth', 'Bluetooth Enabled Phones, Tablets and Laptops', '', '', 'Cream', '', '', '', '', '', '', 'Kilburn Speaker, Aux Cable, Power Cable, Manual', '', '', 'Kilburn Wireless', '', 'Approx. 3Kgs', '1 Year warranty', '', '', '', '1 year Manufacturer Warranty from the date of purchase', '', '', '', '', '', 'Kilburn Wireless', '', '', 'Without Microphone', '', 0),
(355, 'Marshall Woburn Wireless Speaker - Black', '', 'The exclusive designer collaboration Marshall Woburn by John Varvatos is based on the powerful and recently released active stereo speaker Woburn, now with a customized design by John Varvatos ', '', 1, 44999, '', '', NULL, NULL, NULL, '', NULL, '', 1, 1, '', 'Black', '', '', 'Bluetooth', 'Bluetooth Enabled Phones, Tablets and Laptops', '', '', 'Black', '', '', '', '', '', '', 'Woburn Speaker, Aux Cable, Power Cable, Manual', '', '', 'Woburn Wireless', '', 'Approx. 7.9Kgs', '1 Year warranty', '', '', '', '1 year Manufacturer Warranty from the date of purchase', '', '', '', '', '', 'Woburn Wireless', '', '', 'Without Microphone', '', 0),
(357, 'Mini MNFLBKP6YMMBK Flip Case For Apple iPhone 6S - Black', '', '', '', 1, 0, '0', '', '', '0000-00-00', '0000-00-00', '', '', '', 1, 1, 'MNFLBKP6YMMBK', 'Black', '', '', 'Flip Case', 'iPhone 6, iPhone 6S', 'Apple iPhone 6S', 'PU Leather', 'Black', '', '', '', '', '', '', 'Cover 1pc', '', '', '', '', '', 'No Warranty', '', '', '', '', '', '', '', '', '', 'Mini iph6 Flip', '', '', '', '', 0),
(358, 'Mini MNFLBKP6YMMEB Flip Case For Apple iPhone 6S - Blue', '', '', '', 1, 0, '0', '', '', '0000-00-00', '0000-00-00', '', '', '', 1, 1, 'MNFLBKP6YMMEB', 'Blue', '', '', 'Flip Case', 'iPhone 6, iPhone 6S', 'Apple iPhone 6S', 'PU Leather', 'Blue', '', '', '', '', '', '', 'Cover 1pc', '', '', '', '', '', 'No Warranty', '', '', '', '', '', '', '', '', '', 'Mini iph6 Flip', '', '', '', '', 0),
(359, 'Ferrari FEBKSHCP6BK Back Case For Apple iPhone 6S - Black/Red', '', '', '', 1, 1650, '', '', '', '0000-00-00', '0000-00-00', '', '', '', 1, 1, 'FEBKSHCP6BK', 'Black/Red', '', '', 'Back Case, Hard Case', 'iPhone 6, iPhone 6S', 'Apple iPhone 6S', '', 'Black', '', '', '', '', '', '', 'Cover 1pc', '', '', '', '', '', 'No Warranty', '', '', '', '', '', '', '', '', '', 'FEBKSHCP6', '', '', '', '', 0),
(360, 'Ferrari FEBKSHCP6BKY Back Case For Apple iPhone 6S - Black/Yellow', '', '', '', 1, 1650, '', '', '', '0000-00-00', '0000-00-00', '', '', '', 1, 1, 'FEBKSHCP6BKY', 'Black/Yellow', '', '', 'Back Case, Hard Case', 'iPhone 6, iPhone 6S', 'Apple iPhone 6S', '', 'Black', '', '', '', '', '', '', 'Cover 1pc', '', '', '', '', '', 'No Warranty', '', '', '', '', '', '', '', '', '', 'FEBKSHCP6', '', '', '', '', 0),
(361, 'Ferrari FEBKSHCP6YE Back Case For Apple iPhone 6S - Yellow', '', '', '', 1, 1650, '', '', '', '0000-00-00', '0000-00-00', '', '', '', 1, 1, 'FEBKSHCP6YE', 'Yellow', '', '', 'Back Case, Hard Case', 'iPhone 6, iPhone 6S', 'Apple iPhone 6S', '', 'Yellow', '', '', '', '', '', '', 'Cover 1pc', '', '', '', '', '', 'No Warranty', '', '', '', '', '', '', '', '', '', 'FEBKSHCP6', '', '', '', '', 0),
(362, 'Ferrari FECBBHCP6BK Back Case For Apple iPhone 6S - Black', '', '', '', 1, 2500, '', '', '', '0000-00-00', '0000-00-00', '', '', '', 1, 1, 'FECBBHCP6BK', 'Black', '', '', 'Back Case, Hard Case', 'iPhone 6, iPhone 6S', 'Apple iPhone 6S', '', 'Black', '', '', '', '', '', '', 'Cover 1pc', '', '', '', '', '', 'No Warranty', '', '', '', '', '', '', '', '', '', 'FECBBHCP6', '', '', '', '', 0),
(363, 'Ferrari FECBBHCP6RE Back Case For Apple iPhone 6S - Red', '', '', '', 1, 2500, '', '', '', '0000-00-00', '0000-00-00', '', '', '', 1, 1, 'FECBBHCP6RE', 'Red', '', '', 'Back Case, Hard Case', 'iPhone 6, iPhone 6S', 'Apple iPhone 6S', '', 'Red', '', '', '', '', '', '', 'Cover 1pc', '', '', '', '', '', 'No Warranty', '', '', '', '', '', '', '', '', '', 'FECBBHCP6', '', '', '', '', 0),
(364, 'Ferrari FECBSHCP6BK Back Case For Apple iPhone 6S - Black', '', '', '', 1, 2500, '', '', '', '0000-00-00', '0000-00-00', '', '', '', 1, 1, 'FECBSHCP6BK', 'Black', '', '', 'Back Case, Hard Case', 'iPhone 6, iPhone 6S', 'Apple iPhone 6S', '', 'Black', '', '', '', '', '', '', 'Cover 1pc', '', '', '', '', '', 'No Warranty', '', '', '', '', '', '', '', '', '', 'FECBSHCP6', '', '', '', '', 0),
(365, 'Ferrari FECBSHCP6RE Back Case For Apple iPhone 6S - Red', '', '', '', 1, 2500, '', '', '', '0000-00-00', '0000-00-00', '', '', '', 1, 1, 'FECBSHCP6RE', 'Red', '', '', 'Back Case, Hard Case', 'iPhone 6, iPhone 6S', 'Apple iPhone 6S', '', 'Red', '', '', '', '', '', '', 'Cover 1pc', '', '', '', '', '', 'No Warranty', '', '', '', '', '', '', '', '', '', 'FECBSHCP6', '', '', '', '', 0),
(366, 'Ferrari FECBSIHCP6WH Back Case For Apple iPhone 6S - Silver', '', '', '', 1, 3500, '', '', '', '0000-00-00', '0000-00-00', '', '', '', 1, 1, 'FECBSIHCP6WH', 'Silver', '', '', 'Back Case, Hard Case', 'iPhone 6, iPhone 6S', 'Apple iPhone 6S', '', 'Silver', '', '', '', '', '', '', 'Cover 1pc', '', '', '', '', '', 'No Warranty', '', '', '', '', '', '', '', '', '', 'FECBHCP6', '', '', '', '', 0),
(367, 'Ferrari FECBGUHCP6BL Back Case For Apple iPhone 6S - Black', '', '', '', 1, 3500, '', '', '', '0000-00-00', '0000-00-00', '', '', '', 1, 1, 'FECBGUHCP6BL', 'Black', '', '', 'Back Case, Hard Case', 'iPhone 6, iPhone 6S', 'Apple iPhone 6S', '', 'Black', '', '', '', '', '', '', 'Cover 1pc', '', '', '', '', '', 'No Warranty', '', '', '', '', '', '', '', '', '', 'FECBHCP6', '', '', '', '', 0),
(368, 'Ferrari FEDA2IHCP6BL Back Case For Apple iPhone 6S - Black', '', '', '', 1, 2000, '', '', '', '0000-00-00', '0000-00-00', '', '', '', 1, 1, 'FEDA2IHCP6BL', 'Black', '', '', 'Back Case, Hard Case', 'iPhone 6, iPhone 6S', 'Apple iPhone 6S', '', 'Black', '', '', '', '', '', '', 'Cover 1pc', '', '', '', '', '', 'No Warranty', '', '', '', '', '', '', '', '', '', 'FEDA2IHCP6', '', '', '', '', 0),
(369, 'Ferrari FEDA2IHCP6RE Back Case For Apple iPhone 6S - Red', '', '', '', 1, 2000, '', '', '', '0000-00-00', '0000-00-00', '', '', '', 1, 1, 'FEDA2IHCP6RE', 'Red', '', '', 'Back Case, Hard Case', 'iPhone 6, iPhone 6S', 'Apple iPhone 6S', '', 'Red', '', '', '', '', '', '', 'Cover 1pc', '', '', '', '', '', 'No Warranty', '', '', '', '', '', '', '', '', '', 'FEDA2IHCP6', '', '', '', '', 0),
(370, 'Ferrari FELIHCP6RE Back Case For Apple iPhone 6S - Red', '', '', '', 1, 1650, '', '', '', '0000-00-00', '0000-00-00', '', '', '', 1, 1, 'FELIHCP6RE', 'Red', '', '', 'Back Case, Hard Case', 'iPhone 6, iPhone 6S', 'Apple iPhone 6S', '', 'Red', '', '', '', '', '', '', 'Cover 1pc', '', '', '', '', '', 'No Warranty', '', '', '', '', '', '', '', '', '', 'Ferrari iph6S', '', '', '', '', 0),
(371, 'Ferrari FEST2HCP6BK Back Case For Apple iPhone 6S - Black', '', '', '', 1, 2000, '', '', '', '0000-00-00', '0000-00-00', '', '', '', 1, 1, 'FEST2HCP6BK', 'Black', '', '', 'Back Case, Hard Case', 'iPhone 6, iPhone 6S', 'Apple iPhone 6S', '', 'Black', '', '', '', '', '', '', 'Cover 1pc', '', '', '', '', '', 'No Warranty', '', '', '', '', '', '', '', '', '', 'FEST2HCP6', '', '', '', '', 0),
(372, 'Ferrari FEST2HCP6RE Back Case For Apple iPhone 6S - Red', '', '', '', 1, 2000, '', '', '', '0000-00-00', '0000-00-00', '', '', '', 1, 1, 'FEST2HCP6RE', 'Red', '', '', 'Back Case, Hard Case', 'iPhone 6, iPhone 6S', 'Apple iPhone 6S', '', 'Red', '', '', '', '', '', '', 'Cover 1pc', '', '', '', '', '', 'No Warranty', '', '', '', '', '', '', '', '', '', 'FEST2HCP6', '', '', '', '', 0),
(373, 'Ferrari FESTUHCP6BK Back Case For Apple iPhone 6S - Black', '', '', '', 1, 1650, '', '', '', '0000-00-00', '0000-00-00', '', '', '', 1, 1, 'FESTUHCP6BK', 'Black', '', '', 'Back Case, Soft Case', 'iPhone 6, iPhone 6S', 'Apple iPhone 6S', '', 'Black', '', '', '', '', '', '', 'Cover 1pc', '', '', '', '', '', 'No Warranty', '', '', '', '', '', '', '', '', '', 'FESTUHCP6', '', '', '', '', 0),
(374, 'Ferrari FESTUHCP6RE Back Case For Apple iPhone 6S - Red', '', '', '', 1, 1650, '', '', '', '0000-00-00', '0000-00-00', '', '', '', 1, 1, 'FESTUHCP6RE', 'Red', '', '', 'Back Case, Soft Case', 'iPhone 6, iPhone 6S', 'Apple iPhone 6S', '', 'Red', '', '', '', '', '', '', 'Cover 1pc', '', '', '', '', '', 'No Warranty', '', '', '', '', '', '', '', '', '', 'FESTUHCP6', '', '', '', '', 0),
(375, 'Ferrari FESTBPTGP6BK Back Case For Apple iPhone 6S - Black', '', '', '', 1, 2750, '', '', '', '0000-00-00', '0000-00-00', '', '', '', 1, 1, 'FESTBPTGP6BK', 'Black', '', '', 'Back Case, Soft Case', 'iPhone 6, iPhone 6S', 'Apple iPhone 6S', '', 'Black', '', '', '', '', '', '', 'Cover 1pc', '', '', '', '', '', 'No Warranty', '', '', '', '', '', '', '', '', '', 'FESTBPTGP6', '', '', '', '', 0),
(376, 'Ferrari FESTBPTGP6RE Back Case For Apple iPhone 6S - Red', '', '', '', 1, 2750, '', '', '', '0000-00-00', '0000-00-00', '', '', '', 1, 1, 'FESTBPTGP6RE', 'Red', '', '', 'Back Case, Soft Case', 'iPhone 6, iPhone 6S', 'Apple iPhone 6S', '', 'Red', '', '', '', '', '', '', 'Cover 1pc', '', '', '', '', '', 'No Warranty', '', '', '', '', '', '', '', '', '', 'FESTBPTGP6', '', '', '', '', 0),
(377, 'Ferrari FE3DHCP6LBL Back Case For Apple iphone 6S Plus - Black', '', '', '', 1, 2000, '', '', '', '0000-00-00', '0000-00-00', '', '', '', 1, 1, 'FE3DHCP6LBL', 'Black', '', '', 'Back Case, Hard Case', 'Apple iphone 6S Plus, Apple iphone 6 Plus', 'Apple iphone 6S Plus', '', 'Black', '', '', '', '', '', '', 'Cover 1pc', '', '', '3D', '', '', 'No Warranty', '', '', '', '', '', '', '', '', '', 'Ferrari 3D iph6 plus', '', '', '', '', 0),
(378, 'Ferrari FE3DHCP6LDG Back Case For Apple iphone 6S Plus - Grey', '', '', '', 1, 2000, '', '', '', '0000-00-00', '0000-00-00', '', '', '', 1, 1, 'FE3DHCP6LDG', 'Grey', '', '', 'Back Case, Hard Case', 'Apple iphone 6S Plus, Apple iphone 6 Plus', 'Apple iphone 6S Plus', '', 'Grey', '', '', '', '', '', '', 'Cover 1pc', '', '', '3D', '', '', 'No Warranty', '', '', '', '', '', '', '', '', '', 'Ferrari 3D iph6 plus', '', '', '', '', 0),
(379, 'Ferrari FE3DHCP6LRE Back Case For Apple iphone 6S Plus - Red', '', '', '', 1, 2000, '', '', '', '0000-00-00', '0000-00-00', '', '', '', 1, 1, 'FE3DHCP6LRE', 'Red', '', '', 'Back Case, Hard Case', 'Apple iphone 6S Plus, Apple iphone 6 Plus', 'Apple iphone 6S Plus', '', 'Red', '', '', '', '', '', '', 'Cover 1pc', '', '', '3D', '', '', 'No Warranty', '', '', '', '', '', '', '', '', '', 'Ferrari 3D iph6 plus', '', '', '', '', 0),
(380, 'BMW BMFLBKP6LMCC Flip Case For Apple iPhone 6S - Black', '', '', '', 1, 2500, '', '', '', '0000-00-00', '0000-00-00', '', '', '', 1, 1, 'BMFLBKP6LMCC', 'Black', '', '', 'Flip Case', 'iPhone 6, iPhone 6S', 'Apple iPhone 6S', '', 'Black', '', '', '', '', '', '', 'Cover 1pc', '', '', '', '', '', 'No Warranty', '', '', '', '', '', '', '', '', '', 'Bmw iph6 Flip', '', '', '', '', 0),
(381, 'BMW BMHCP6MBC Back Case For Apple iPhone 6S - Black', '', '', '', 1, 2500, '', '', '', '0000-00-00', '0000-00-00', '', '', '', 1, 1, 'BMHCP6MBC', 'Black', '', '', 'Back Case, Hard Case', 'iPhone 6, iPhone 6S', 'Apple iPhone 6S', '', 'Black', '', '', '', '', '', '', 'Cover 1pc', '', '', '', '', '', 'No Warranty', '', '', '', '', '', '', '', '', '', 'Bmw iph6S', '', '', '', '', 0),
(382, 'BMW BMHCP6MBS Back Case For Apple iPhone 6S - Silver', '', '', '', 1, 2500, '', '', '', '0000-00-00', '0000-00-00', '', '', '', 1, 1, 'BMHCP6MBS', 'Silver', '', '', 'Back Case, Hard Case', 'iPhone 6, iPhone 6S', 'Apple iPhone 6S', '', 'Silver', '', '', '', '', '', '', 'Cover 1pc', '', '', '', '', '', 'No Warranty', '', '', '', '', '', '', '', '', '', 'Bmw iph6S', '', '', '', '', 0),
(383, 'BMW BMHCP6MCA Back Case For Apple iPhone 6S - Black', '', '', '', 1, 3000, '', '', '', '0000-00-00', '0000-00-00', '', '', '', 1, 1, 'BMHCP6MCA', 'Black', '', '', 'Back Case, Hard Case', 'iPhone 6, iPhone 6S', 'Apple iPhone 6S', '', 'Black', '', '', '', '', '', '', 'Cover 1pc', '', '', '', '', '', 'No Warranty', '', '', '', '', '', '', '', '', '', 'Bmw iph6S', '', '', '', '', 0),
(384, 'BMW BMHCP6MCC Back Case For Apple iPhone 6S - Black', '', '', '', 1, 2250, '', '', '', '0000-00-00', '0000-00-00', '', '', '', 1, 1, 'BMHCP6MCC', 'Black', '', '', 'Back Case, Hard Case', 'iPhone 6, iPhone 6S', 'Apple iPhone 6S', '', 'Black', '', '', '', '', '', '', 'Cover 1pc', '', '', '', '', '', 'No Warranty', '', '', '', '', '', '', '', '', '', 'Bmw iph6S', '', '', '', '', 0),
(385, 'BMW BMHCP6MDCB Back Case For Apple iPhone 6S - Black', '', '', '', 1, 2500, '', '', '', '0000-00-00', '0000-00-00', '', '', '', 1, 1, 'BMHCP6MDCB', 'Black', '', '', 'Back Case, Hard Case', 'iPhone 6, iPhone 6S', 'Apple iPhone 6S', '', 'Black', '', '', '', '', '', '', 'Cover 1pc', '', '', '', '', '', 'No Warranty', '', '', '', '', '', '', '', '', '', 'Bmw iph6S', '', '', '', '', 0),
(386, 'BMW BMHCP6MDCS Back Case For Apple iPhone 6S - Silver', '', '', '', 1, 2500, '', '', '', '0000-00-00', '0000-00-00', '', '', '', 1, 1, 'BMHCP6MDCS', 'Silver', '', '', 'Back Case, Hard Case', 'iPhone 6, iPhone 6S', 'Apple iPhone 6S', '', 'Silver', '', '', '', '', '', '', 'Cover 1pc', '', '', '', '', '', 'No Warranty', '', '', '', '', '', '', '', '', '', 'Bmw iph6S', '', '', '', '', 0),
(387, 'BMW BMHCP6WGPB Back Case For Apple iPhone 6S - White', '', '', '', 1, 2500, '', '', '', '0000-00-00', '0000-00-00', '', '', '', 1, 1, 'BMHCP6WGPB', 'White', '', '', 'Back Case, Hard Case', 'iPhone 6, iPhone 6S', 'Apple iPhone 6S', '', 'White', '', '', '', '', '', '', 'Cover 1pc', '', '', '', '', '', 'No Warranty', '', '', '', '', '', '', '', '', '', 'Bmw iph6S', '', '', '', '', 0),
(388, 'BMW BMHCP6TSWH Back Case For Apple iPhone 6S - White', '', '', '', 1, 2500, '', '', '', '0000-00-00', '0000-00-00', '', '', '', 1, 1, 'BMHCP6TSWH', 'White', '', '', 'Back Case, Hard Case', 'iPhone 6, iPhone 6S', 'Apple iPhone 6S', '', 'White', '', '', '', '', '', '', 'Cover 1pc', '', '', '', '', '', 'No Warranty', '', '', '', '', '', '', '', '', '', 'Bmw iph6S', '', '', '', '', 0),
(389, 'BMW BMHCP6TSDG Back Case For Apple iPhone 6S - Grey', '', '', '', 1, 2500, '', '', '', '0000-00-00', '0000-00-00', '', '', '', 1, 1, 'BMHCP6TSDG', 'Grey', '', '', 'Back Case, Hard Case', 'iPhone 6, iPhone 6S', 'Apple iPhone 6S', '', 'Grey', '', '', '', '', '', '', 'Cover 1pc', '', '', '', '', '', 'No Warranty', '', '', '', '', '', '', '', '', '', 'Bmw iph6S', '', '', '', '', 0),
(390, 'BMW BMHCP6SVSW Back Case For Apple iPhone 6S - White', '', '', '', 1, 2000, '', '', '', '0000-00-00', '0000-00-00', '', '', '', 1, 1, 'BMHCP6SVSW', 'White', '', '', 'Back Case, Hard Case', 'iPhone 6, iPhone 6S', 'Apple iPhone 6S', '', 'White', '', '', '', '', '', '', 'Cover 1pc', '', '', '', '', '', 'No Warranty', '', '', '', '', '', '', '', '', '', 'Bmw iph6S', '', '', '', '', 0),
(391, 'BMW BMHCP6SVSB Back Case For Apple iPhone 6S - Black', '', '', '', 1, 2000, '', '', '', '0000-00-00', '0000-00-00', '', '', '', 1, 1, 'BMHCP6SVSB', 'Black', '', '', 'Back Case, Hard Case', 'iPhone 6, iPhone 6S', 'Apple iPhone 6S', '', 'Black', '', '', '', '', '', '', 'Cover 1pc', '', '', '', '', '', 'No Warranty', '', '', '', '', '', '', '', '', '', 'Bmw iph6S', '', '', '', '', 0),
(392, 'BMW BMHCP6SRN Back Case For Apple iPhone 6S - Black', '', '', '', 1, 2250, '', '', '', '0000-00-00', '0000-00-00', '', '', '', 1, 1, 'BMHCP6SRN', 'Black', '', '', 'Back Case, Hard Case', 'iPhone 6, iPhone 6S', 'Apple iPhone 6S', '', 'Black', '', '', '', '', '', '', 'Cover 1pc', '', '', '', '', '', 'No Warranty', '', '', '', '', '', '', '', '', '', 'Bmw iph6S', '', '', '', '', 0),
(393, 'BMW BMHCP6PEB Back Case For Apple iPhone 6S - Black', '', '', '', 1, 2500, '', '', '', '0000-00-00', '0000-00-00', '', '', '', 1, 1, 'BMHCP6PEB', 'Black', '', '', 'Back Case, Hard Case', 'iPhone 6, iPhone 6S', 'Apple iPhone 6S', '', 'Black', '', '', '', '', '', '', 'Cover 1pc', '', '', '', '', '', 'No Warranty', '', '', '', '', '', '', '', '', '', 'Bmw iph6S', '', '', '', '', 0),
(394, 'BMW BMHCP6MSSCA Back Case For Apple iPhone 6S - Black', '', '', '', 1, 2000, '', '', '', '0000-00-00', '0000-00-00', '', '', '', 1, 1, 'BMHCP6MSSCA', 'Black', '', '', 'Back Case, Hard Case', 'iPhone 6, iPhone 6S', 'Apple iPhone 6S', '', 'Black', '', '', '', '', '', '', 'Cover 1pc', '', '', '', '', '', 'No Warranty', '', '', '', '', '', '', '', '', '', 'Bmw iph6S', '', '', '', '', 0),
(395, 'BMW BMHCP6MPERE Back Case For Apple iPhone 6S - Red', '', '', '', 1, 2000, '', '', '', '0000-00-00', '0000-00-00', '', '', '', 1, 1, 'BMHCP6MPERE', 'Red', '', '', 'Back Case, Hard Case', 'iPhone 6, iPhone 6S', 'Apple iPhone 6S', '', 'Red', '', '', '', '', '', '', 'Cover 1pc', '', '', '', '', '', 'No Warranty', '', '', '', '', '', '', '', '', '', 'Bmw iph6S', '', '', '', '', 0),
(396, 'BMW BMHCP6MPEBIC Back Case For Apple iPhone 6S - Black', '', '', '', 1, 2000, '', '', '', '0000-00-00', '0000-00-00', '', '', '', 1, 1, 'BMHCP6MPEBIC', 'Black', '', '', 'Back Case, Hard Case', 'iPhone 6, iPhone 6S', 'Apple iPhone 6S', '', 'Black', '', '', '', '', '', '', 'Cover 1pc', '', '', '', '', '', 'No Warranty', '', '', '', '', '', '', '', '', '', 'Bmw iph6S', '', '', '', '', 0),
(397, 'Mercedes MEHCP6BRUAL Back Case For Apple iPhone 6S - Silver', '', '', '', 1, 2500, '', '', '', '0000-00-00', '0000-00-00', '', '', '', 1, 1, 'MEHCP6BRUAL', 'Silver', '', '', 'Back Case, Hard Case', 'iPhone 6, iPhone 6S', 'Apple iPhone 6S', '', 'Silver', '', '', '', '', '', '', 'Cover 1pc', '', '', '', '', '', 'No Warranty', '', '', '', '', '', '', '', '', '', 'Mercedes iph6S', '', '', '', '', 0),
(398, 'Mercedes MEHCP6BRUALBK Back Case For Apple iPhone 6S - Black', '', '', '', 1, 2500, '', '', '', '0000-00-00', '0000-00-00', '', '', '', 1, 1, 'MEHCP6BRUALBK', 'Black', '', '', 'Back Case, Hard Case', 'iPhone 6, iPhone 6S', 'Apple iPhone 6S', '', 'Black', '', '', '', '', '', '', 'Cover 1pc', '', '', '', '', '', 'No Warranty', '', '', '', '', '', '', '', '', '', 'Mercedes iph6S', '', '', '', '', 0),
(399, 'Mercedes MEHCP6MYBR Back Case For Apple iPhone 6S - Brown', '', '', '', 1, 3500, '', '', '', '0000-00-00', '0000-00-00', '', '', '', 1, 1, 'MEHCP6MYBR', 'Brown', '', '', 'Back Case, Hard Case', 'iPhone 6, iPhone 6S', 'Apple iPhone 6S', '', 'Brown', '', '', '', '', '', '', 'Cover 1pc', '', '', '', '', '', 'No Warranty', '', '', '', '', '', '', '', '', '', 'Mercedes iph6S', '', '', '', '', 0),
(400, 'Mercedes MEHCP6RCABK Back Case For Apple iPhone 6S - Black', '', '', '', 1, 3000, '', '', '', '0000-00-00', '0000-00-00', '', '', '', 1, 1, 'MEHCP6RCABK', 'Black', '', '', 'Back Case, Hard Case', 'iPhone 6, iPhone 6S', 'Apple iPhone 6S', '', 'Black', '', '', '', '', '', '', 'Cover 1pc', '', '', '', '', '', 'No Warranty', '', '', '', '', '', '', '', '', '', 'Mercedes iph6S', '', '', '', '', 0),
(401, 'Mercedes MEHCP6RE Back Case For Apple iPhone 6S - Red', '', '', '', 1, 2000, '', '', '', '0000-00-00', '0000-00-00', '', '', '', 1, 1, 'MEHCP6RE', 'Red', '', '', 'Back Case, Hard Case', 'iPhone 6, iPhone 6S', 'Apple iPhone 6S', '', 'Red', '', '', '', '', '', '', 'Cover 1pc', '', '', '', '', '', 'No Warranty', '', '', '', '', '', '', '', '', '', 'Mercedes iph6S', '', '', '', '', 0),
(403, 'B&O Beoplay A2 Wireless Portable Speaker - Green', '', 'A2 was designed for a life on the go, and portability has influenced every aspect of the speaker design', '', 1, 22990, '', '', '', '0000-00-00', '0000-00-00', '', '', '', 1, 1, '', 'Green', '5705260045727', '', 'Portable, Bluetooth', 'Bluetooth Enabled Phones, Tablets and Laptops', '', '', 'Green', '', '', '', '', '', '', 'BeoPlay A2 speaker including short leather strap, power supply and quick guide', '', '6hkq3gJdYAE', 'Beoplay A2 Wireless', '', 'Approx. 1.1Kgs', '2 Years Warranty', '', '', '', '2 years Manufacturer Warranty from the date of purchase', '', '', '', '', '', 'Beoplay A2 Wireless', '', '', 'Without Microphone', '', 0),
(404, 'B&O Beoplay A2 Wireless Portable Speaker - Black', '', 'A2 was designed for a life on the go, and portability has influenced every aspect of the speaker design', '', 1, 22990, '', '', '', '0000-00-00', '0000-00-00', '', '', '', 1, 1, '', 'Black', '5705260045734', '', 'Portable, Bluetooth', 'Bluetooth Enabled Phones, Tablets and Laptops', '', '', 'Black', '', '', '', '', '', '', 'BeoPlay A2 speaker including short leather strap, power supply and quick guide', '', '6hkq3gJdYAE', 'Beoplay A2 Wireless', '', 'Approx. 1.1Kgs', '2 Years Warranty', '', '', '', '2 years Manufacturer Warranty from the date of purchase', '', '', '', '', '', 'Beoplay A2 Wireless', '', '', 'Without Microphone', '', 0),
(405, 'B&O Beoplay A2 Wireless Portable Speaker - Grey', '', 'A2 was designed for a life on the go, and portability has influenced every aspect of the speaker design', '', 1, 22990, '', '', '', '0000-00-00', '0000-00-00', '', '', '', 1, 1, '', 'Grey', '5705260045710', '', 'Portable, Bluetooth', 'Bluetooth Enabled Phones, Tablets and Laptops', '', '', 'Grey', '', '', '', '', '', '', 'BeoPlay A2 speaker including short leather strap, power supply and quick guide', '', '6hkq3gJdYAE', 'Beoplay A2 Wireless', '', 'Approx. 1.1Kgs', '2 Years Warranty', '', '', '', '2 years Manufacturer Warranty from the date of purchase', '', '', '', '', '', 'Beoplay A2 Wireless', '', '', 'Without Microphone', '', 0),
(406, 'B&O Beoplay A2 Wireless Portable Speaker - Black Cooper', '', 'A2 was designed for a life on the go, and portability has influenced every aspect of the speaker design', '', 1, 22990, '', '', '', '0000-00-00', '0000-00-00', '', '', '', 1, 1, '', 'Black Cooper', '5705260054729', '', 'Portable, Bluetooth', 'Bluetooth Enabled Phones, Tablets and Laptops', '', '', 'Black', '', '', '', '', '', '', 'BeoPlay A2 speaker including short leather strap, power supply and quick guide', '', '6hkq3gJdYAE', 'Beoplay A2 Wireless', '', 'Approx. 1.1Kgs', '2 Years Warranty', '', '', '', '2 years Manufacturer Warranty from the date of purchase', '', '', '', '', '', 'Beoplay A2 Wireless', '', '', 'Without Microphone', '', 0),
(407, 'B&O Beolit 15 Wireless Portable Speaker - Natural Champange', '', 'Beolit 15 brings you the beauty of its predecessor, in a range of exciting new colours. But the real revolution is inside. Packed with a series of recent innovations - like True360 sound and great new options for connectivity. Beolit 15 applies the latest in Bluetooth technology, the Bluetooth 4.0 supporting the aptX codec. This gives you high quality audio streaming performance, without the need for wifi. Beolit 15 remembers up to 8 users and can have 2 devices connected at a time. At moderate listening levels, Beolit 15 plays up to 24 hours on a single charge.', '', 1, 34990, '', '', '', '0000-00-00', '0000-00-00', '', '', '', 1, 1, '', 'Natural Champange', '5705260047097', '', 'Portable, Bluetooth', 'Bluetooth Enabled Phones, Tablets and Laptops', '', '', 'Gold', '', '', '', '', '', '', 'Beolit 15 speaker including short leather strap, power supply and quick guide', '', 'N_2OmTZ08L0', 'Beolit 15 Wireless', '', 'Approx. 2.7Kgs', '2 Years Warranty', '', '', '', '2 years Manufacturer Warranty from the date of purchase', '', '', '', '', '', 'Beolit 15 Wireless', '', '', 'Without Microphone', '', 0),
(408, 'B&O Beolit 15 Wireless Portable Speaker - Polar Blue', '', 'Beolit 15 brings you the beauty of its predecessor, in a range of exciting new colours. But the real revolution is inside. Packed with a series of recent innovations - like True360 sound and great new options for connectivity. Beolit 15 applies the latest in Bluetooth technology, the Bluetooth 4.0 supporting the aptX codec. This gives you high quality audio streaming performance, without the need for wifi. Beolit 15 remembers up to 8 users and can have 2 devices connected at a time. At moderate listening levels, Beolit 15 plays up to 24 hours on a single charge.', '', 1, 34990, '', '', '', '0000-00-00', '0000-00-00', '', '', '', 1, 1, '', 'Polar Blue', '5705260047103', '', 'Portable, Bluetooth', 'Bluetooth Enabled Phones, Tablets and Laptops', '', '', 'Blue', '', '', '', '', '', '', 'Beolit 15 speaker including short leather strap, power supply and quick guide', '', 'N_2OmTZ08L0', 'Beolit 15 Wireless', '', 'Approx. 2.7Kgs', '2 Years Warranty', '', '', '', '2 years Manufacturer Warranty from the date of purchase', '', '', '', '', '', 'Beolit 15 Wireless', '', '', 'Without Microphone', '', 0),
(409, 'B&O Beolit 15 Wireless Portable Speaker - Shadded Rosa', '', 'Beolit 15 brings you the beauty of its predecessor, in a range of exciting new colours. But the real revolution is inside. Packed with a series of recent innovations - like True360 sound and great new options for connectivity. Beolit 15 applies the latest in Bluetooth technology, the Bluetooth 4.0 supporting the aptX codec. This gives you high quality audio streaming performance, without the need for wifi. Beolit 15 remembers up to 8 users and can have 2 devices connected at a time. At moderate listening levels, Beolit 15 plays up to 24 hours on a single charge.', '', 1, 34990, '', '', '', '0000-00-00', '0000-00-00', '', '', '', 1, 1, '', 'Shadded Rosa', '5705260047219', '', 'Portable, Bluetooth', 'Bluetooth Enabled Phones, Tablets and Laptops', '', '', 'Pink', '', '', '', '', '', '', 'Beolit 15 speaker including short leather strap, power supply and quick guide', '', 'N_2OmTZ08L0', 'Beolit 15 Wireless', '', 'Approx. 2.7Kgs', '2 Years Warranty', '', '', '', '2 years Manufacturer Warranty from the date of purchase', '', '', '', '', '', 'Beolit 15 Wireless', '', '', 'Without Microphone', '', 0);

-- --------------------------------------------------------

--
-- Table structure for table `productbrand`
--

CREATE TABLE IF NOT EXISTS `productbrand` (
  `id` int(11) NOT NULL AUTO_INCREMENT,
  `product` int(11) NOT NULL,
  `brand` int(11) NOT NULL,
  PRIMARY KEY (`id`)
) ENGINE=InnoDB  DEFAULT CHARSET=latin1 AUTO_INCREMENT=461 ;

--
-- Dumping data for table `productbrand`
--

INSERT INTO `productbrand` (`id`, `product`, `brand`) VALUES
(1, 1, 69),
(2, 2, 69),
(3, 3, 69),
(4, 4, 69),
(5, 5, 69),
(6, 6, 69),
(7, 7, 69),
(8, 8, 69),
(9, 9, 69),
(10, 10, 69),
(11, 11, 69),
(12, 12, 69),
(13, 13, 69),
(14, 14, 69),
(15, 15, 69),
(16, 16, 69),
(17, 17, 69),
(18, 18, 69),
(19, 19, 69),
(20, 20, 69),
(21, 21, 69),
(22, 22, 69),
(23, 23, 69),
(24, 24, 69),
(25, 25, 69),
(26, 26, 69),
(27, 27, 69),
(28, 28, 69),
(29, 29, 69),
(30, 30, 69),
(31, 31, 69),
(32, 32, 69),
(33, 33, 69),
(34, 34, 69),
(35, 35, 69),
(36, 36, 69),
(37, 37, 69),
(38, 38, 69),
(39, 39, 69),
(40, 40, 69),
(41, 41, 69),
(42, 42, 69),
(43, 43, 69),
(44, 44, 69),
(45, 45, 69),
(46, 46, 69),
(47, 47, 69),
(48, 48, 69),
(49, 49, 69),
(50, 50, 69),
(51, 51, 69),
(52, 52, 69),
(54, 54, 54),
(55, 55, 54),
(56, 56, 54),
(57, 57, 54),
(58, 58, 54),
(59, 59, 54),
(60, 60, 54),
(61, 61, 54),
(62, 62, 54),
(63, 63, 54),
(64, 64, 54),
(65, 65, 54),
(66, 66, 54),
(67, 67, 54),
(68, 68, 54),
(69, 69, 54),
(70, 70, 54),
(71, 71, 54),
(72, 72, 54),
(73, 73, 54),
(74, 74, 54),
(75, 75, 54),
(76, 76, 54),
(77, 77, 54),
(78, 78, 54),
(79, 79, 54),
(80, 80, 85),
(81, 81, 85),
(82, 82, 85),
(83, 83, 85),
(84, 84, 85),
(85, 85, 85),
(86, 86, 85),
(87, 87, 85),
(88, 88, 85),
(89, 89, 85),
(90, 90, 85),
(91, 91, 11),
(92, 92, 11),
(93, 93, 11),
(94, 94, 11),
(95, 95, 11),
(96, 96, 11),
(97, 97, 11),
(98, 98, 11),
(99, 99, 11),
(100, 100, 11),
(101, 101, 11),
(102, 102, 11),
(103, 103, 11),
(104, 104, 11),
(105, 105, 11),
(106, 106, 11),
(107, 107, 11),
(108, 108, 11),
(109, 109, 11),
(110, 110, 11),
(111, 111, 11),
(112, 112, 11),
(113, 113, 11),
(114, 114, 11),
(115, 115, 11),
(116, 116, 11),
(117, 117, 11),
(118, 118, 11),
(119, 119, 11),
(120, 120, 11),
(126, 126, 30),
(127, 127, 30),
(129, 129, 30),
(130, 130, 30),
(131, 131, 30),
(132, 132, 30),
(133, 133, 30),
(134, 134, 30),
(135, 135, 30),
(136, 136, 30),
(137, 137, 30),
(138, 138, 30),
(139, 139, 30),
(140, 140, 30),
(141, 141, 30),
(142, 142, 30),
(143, 143, 30),
(144, 144, 31),
(145, 145, 31),
(146, 146, 31),
(147, 147, 31),
(148, 148, 31),
(149, 149, 31),
(150, 150, 31),
(151, 151, 31),
(152, 152, 31),
(153, 153, 31),
(154, 154, 31),
(155, 155, 31),
(156, 156, 31),
(157, 157, 31),
(159, 128, 30),
(162, 53, 54),
(168, 163, 82),
(169, 164, 82),
(170, 165, 82),
(171, 166, 82),
(172, 167, 82),
(173, 168, 82),
(174, 169, 82),
(175, 170, 82),
(176, 171, 82),
(177, 172, 82),
(178, 173, 82),
(179, 174, 87),
(180, 175, 55),
(181, 176, 55),
(182, 177, 88),
(183, 178, 88),
(184, 179, 88),
(185, 180, 88),
(193, 181, 6),
(194, 182, 6),
(195, 183, 6),
(196, 184, 6),
(197, 185, 6),
(198, 186, 6),
(199, 187, 6),
(200, 188, 6),
(201, 189, 6),
(202, 190, 6),
(203, 191, 6),
(204, 192, 6),
(205, 193, 6),
(206, 194, 6),
(207, 195, 6),
(208, 196, 15),
(209, 197, 15),
(210, 198, 15),
(211, 199, 15),
(212, 200, 15),
(213, 201, 15),
(214, 202, 15),
(215, 203, 15),
(216, 204, 73),
(217, 205, 73),
(218, 206, 73),
(219, 207, 73),
(220, 208, 73),
(221, 209, 73),
(222, 210, 73),
(223, 211, 73),
(224, 212, 73),
(225, 213, 73),
(226, 214, 7),
(227, 215, 7),
(228, 216, 7),
(229, 217, 7),
(230, 218, 7),
(231, 219, 7),
(232, 220, 7),
(233, 221, 7),
(234, 222, 7),
(235, 223, 7),
(236, 224, 7),
(237, 225, 7),
(238, 226, 7),
(239, 227, 7),
(240, 228, 7),
(241, 229, 7),
(242, 230, 7),
(243, 231, 7),
(244, 232, 7),
(245, 233, 7),
(246, 234, 7),
(247, 235, 7),
(248, 236, 7),
(249, 237, 7),
(250, 238, 7),
(251, 239, 7),
(252, 240, 7),
(253, 241, 7),
(254, 242, 7),
(255, 243, 7),
(256, 244, 7),
(257, 245, 7),
(258, 246, 7),
(259, 247, 7),
(260, 248, 7),
(261, 249, 7),
(262, 250, 7),
(263, 251, 7),
(264, 252, 7),
(265, 253, 7),
(266, 254, 7),
(267, 255, 7),
(268, 256, 7),
(269, 257, 7),
(270, 258, 7),
(271, 259, 7),
(272, 260, 7),
(273, 261, 84),
(274, 262, 84),
(275, 263, 84),
(276, 264, 84),
(277, 265, 84),
(278, 266, 84),
(279, 267, 84),
(280, 268, 84),
(281, 269, 84),
(282, 270, 84),
(283, 271, 84),
(284, 272, 44),
(285, 273, 44),
(286, 274, 46),
(287, 275, 46),
(288, 276, 46),
(289, 277, 46),
(292, 280, 50),
(293, 281, 50),
(294, 282, 50),
(295, 283, 50),
(296, 284, 50),
(297, 285, 50),
(298, 286, 50),
(299, 287, 50),
(300, 288, 50),
(301, 289, 50),
(302, 290, 50),
(303, 291, 50),
(304, 292, 50),
(305, 293, 50),
(306, 294, 50),
(307, 295, 50),
(308, 296, 50),
(315, 278, 86),
(316, 279, 86),
(321, 301, 6),
(322, 302, 57),
(323, 303, 57),
(324, 304, 57),
(325, 305, 57),
(326, 306, 57),
(327, 307, 57),
(328, 308, 57),
(333, 313, 6),
(334, 314, 57),
(335, 315, 57),
(336, 316, 57),
(337, 317, 92),
(339, 309, 44),
(340, 310, 44),
(341, 311, 44),
(342, 312, 44),
(343, 318, 84),
(344, 319, 84),
(345, 320, 84),
(346, 321, 84),
(347, 322, 84),
(348, 323, 84),
(349, 324, 84),
(350, 325, 84),
(351, 326, 84),
(352, 327, 84),
(353, 328, 84),
(354, 329, 84),
(355, 330, 84),
(356, 331, 84),
(357, 332, 84),
(358, 333, 84),
(359, 334, 84),
(366, 341, 84),
(367, 342, 84),
(368, 343, 84),
(369, 162, 81),
(370, 161, 81),
(371, 160, 81),
(372, 159, 81),
(373, 158, 81),
(374, 344, 15),
(379, 345, 66),
(380, 346, 66),
(381, 347, 66),
(382, 348, 50),
(383, 297, 91),
(384, 298, 91),
(385, 299, 91),
(386, 300, 91),
(387, 349, 46),
(388, 350, 46),
(389, 351, 46),
(390, 352, 46),
(393, 355, 46),
(394, 357, 86),
(395, 358, 86),
(397, 360, 84),
(398, 361, 84),
(399, 362, 84),
(400, 363, 84),
(401, 364, 84),
(402, 365, 84),
(403, 366, 84),
(404, 367, 84),
(405, 368, 84),
(406, 369, 84),
(407, 370, 84),
(408, 371, 84),
(409, 372, 84),
(410, 373, 84),
(411, 374, 84),
(412, 375, 84),
(413, 376, 84),
(414, 377, 84),
(415, 378, 84),
(416, 379, 84),
(417, 380, 13),
(418, 381, 13),
(419, 382, 13),
(420, 383, 13),
(421, 384, 13),
(422, 385, 13),
(423, 386, 13),
(424, 387, 13),
(425, 388, 13),
(426, 389, 13),
(427, 390, 13),
(428, 391, 13),
(429, 392, 13),
(430, 393, 13),
(431, 394, 13),
(432, 395, 13),
(433, 396, 13),
(434, 397, 103),
(435, 398, 103),
(436, 399, 103),
(437, 400, 103),
(438, 401, 103),
(439, 359, 84),
(448, 353, 46),
(449, 354, 46),
(454, 403, 6),
(455, 404, 6),
(456, 405, 6),
(457, 406, 6),
(458, 407, 6),
(459, 408, 6),
(460, 409, 6);

-- --------------------------------------------------------

--
-- Table structure for table `productcategory`
--

CREATE TABLE IF NOT EXISTS `productcategory` (
  `product` int(11) NOT NULL,
  `category` int(11) NOT NULL
) ENGINE=InnoDB DEFAULT CHARSET=latin1;

--
-- Dumping data for table `productcategory`
--

INSERT INTO `productcategory` (`product`, `category`) VALUES
(1, 37),
(1, 36),
(2, 37),
(2, 36),
(3, 37),
(3, 36),
(4, 37),
(4, 36),
(5, 37),
(5, 36),
(6, 37),
(6, 36),
(7, 37),
(7, 36),
(8, 37),
(8, 36),
(9, 37),
(9, 36),
(10, 37),
(10, 36),
(11, 37),
(11, 36),
(12, 37),
(12, 36),
(13, 37),
(13, 36),
(14, 37),
(14, 36),
(15, 37),
(15, 36),
(16, 37),
(16, 36),
(17, 37),
(17, 36),
(18, 37),
(18, 36),
(19, 37),
(19, 36),
(20, 37),
(20, 36),
(21, 37),
(21, 36),
(22, 37),
(22, 36),
(23, 37),
(23, 36),
(24, 37),
(24, 36),
(25, 37),
(25, 36),
(26, 37),
(26, 36),
(27, 37),
(27, 36),
(28, 37),
(28, 36),
(29, 37),
(29, 36),
(30, 37),
(30, 36),
(31, 37),
(31, 36),
(32, 37),
(32, 36),
(33, 37),
(33, 36),
(34, 37),
(34, 36),
(35, 37),
(35, 36),
(36, 37),
(36, 36),
(37, 37),
(37, 36),
(38, 37),
(38, 36),
(39, 37),
(39, 36),
(40, 37),
(40, 36),
(41, 37),
(41, 36),
(42, 37),
(42, 36),
(43, 37),
(43, 36),
(44, 37),
(44, 36),
(45, 37),
(45, 36),
(46, 37),
(46, 36),
(47, 37),
(47, 36),
(48, 37),
(48, 36),
(49, 37),
(49, 36),
(50, 37),
(50, 36),
(51, 37),
(51, 36),
(52, 37),
(52, 36),
(54, 37),
(54, 36),
(55, 37),
(55, 36),
(56, 37),
(56, 36),
(57, 37),
(57, 36),
(58, 37),
(58, 36),
(59, 37),
(59, 36),
(60, 37),
(60, 36),
(61, 37),
(61, 36),
(62, 37),
(62, 36),
(63, 37),
(63, 36),
(64, 37),
(64, 36),
(65, 37),
(65, 36),
(66, 37),
(66, 36),
(67, 37),
(67, 36),
(68, 37),
(68, 36),
(69, 37),
(69, 36),
(70, 37),
(70, 36),
(71, 37),
(71, 36),
(72, 37),
(72, 36),
(73, 37),
(73, 36),
(74, 37),
(74, 36),
(75, 37),
(75, 36),
(76, 37),
(76, 36),
(77, 37),
(77, 36),
(78, 37),
(78, 36),
(79, 37),
(79, 36),
(80, 37),
(80, 36),
(81, 37),
(81, 36),
(82, 37),
(82, 36),
(83, 37),
(83, 36),
(84, 37),
(84, 36),
(85, 37),
(85, 36),
(86, 37),
(86, 36),
(87, 37),
(87, 36),
(88, 37),
(88, 36),
(89, 37),
(89, 36),
(90, 37),
(90, 36),
(91, 37),
(91, 36),
(92, 37),
(92, 36),
(93, 37),
(93, 36),
(94, 37),
(94, 36),
(95, 37),
(95, 36),
(96, 37),
(96, 36),
(97, 37),
(97, 36),
(98, 37),
(98, 36),
(99, 37),
(99, 36),
(100, 37),
(100, 36),
(101, 37),
(101, 36),
(102, 37),
(102, 36),
(103, 37),
(103, 36),
(104, 37),
(104, 36),
(105, 37),
(105, 36),
(106, 37),
(106, 36),
(107, 37),
(107, 36),
(108, 37),
(108, 36),
(109, 37),
(109, 36),
(110, 37),
(110, 36),
(111, 37),
(111, 36),
(112, 37),
(112, 36),
(113, 37),
(113, 36),
(114, 37),
(114, 36),
(115, 37),
(115, 36),
(116, 37),
(116, 36),
(117, 37),
(117, 36),
(118, 37),
(118, 36),
(119, 37),
(119, 36),
(120, 37),
(120, 36),
(126, 37),
(126, 36),
(127, 37),
(127, 36),
(129, 37),
(129, 36),
(130, 37),
(130, 36),
(131, 37),
(131, 36),
(132, 37),
(132, 36),
(133, 37),
(133, 36),
(134, 37),
(134, 36),
(135, 37),
(135, 36),
(136, 37),
(136, 36),
(137, 37),
(137, 36),
(138, 37),
(138, 36),
(139, 37),
(139, 36),
(140, 37),
(140, 36),
(141, 37),
(141, 36),
(142, 37),
(142, 36),
(143, 37),
(143, 36),
(144, 37),
(144, 36),
(145, 37),
(145, 36),
(146, 37),
(146, 36),
(147, 37),
(147, 36),
(148, 37),
(148, 36),
(149, 37),
(149, 36),
(150, 37),
(150, 36),
(151, 37),
(151, 36),
(152, 37),
(152, 36),
(153, 37),
(153, 36),
(154, 37),
(154, 36),
(155, 37),
(155, 36),
(156, 37),
(156, 36),
(157, 37),
(157, 36),
(128, 36),
(128, 37),
(53, 36),
(53, 37),
(163, 11),
(163, 10),
(164, 11),
(164, 10),
(165, 11),
(165, 10),
(166, 11),
(166, 10),
(167, 11),
(167, 10),
(168, 11),
(168, 10),
(169, 11),
(169, 10),
(170, 11),
(170, 10),
(171, 11),
(171, 10),
(172, 11),
(172, 10),
(173, 11),
(173, 10),
(174, 29),
(174, 10),
(175, 29),
(175, 10),
(176, 29),
(176, 10),
(177, 38),
(177, 10),
(178, 38),
(178, 10),
(179, 38),
(179, 10),
(180, 38),
(180, 10),
(181, 4),
(181, 3),
(182, 4),
(182, 3),
(183, 7),
(183, 3),
(184, 7),
(184, 3),
(185, 7),
(185, 3),
(186, 7),
(186, 3),
(187, 7),
(187, 3),
(188, 7),
(188, 3),
(189, 7),
(189, 3),
(190, 7),
(190, 3),
(191, 8),
(191, 3),
(192, 8),
(192, 3),
(193, 8),
(193, 3),
(194, 8),
(194, 3),
(195, 8),
(195, 3),
(196, 7),
(196, 3),
(197, 7),
(197, 3),
(198, 7),
(198, 3),
(199, 7),
(199, 3),
(200, 7),
(200, 3),
(201, 7),
(201, 3),
(202, 4),
(202, 3),
(203, 8),
(203, 3),
(204, 7),
(204, 3),
(205, 7),
(205, 3),
(206, 7),
(206, 3),
(207, 7),
(207, 3),
(208, 7),
(208, 3),
(209, 7),
(209, 3),
(210, 8),
(210, 3),
(211, 8),
(211, 3),
(212, 8),
(212, 3),
(213, 8),
(213, 3),
(214, 8),
(214, 3),
(215, 8),
(215, 3),
(216, 8),
(216, 3),
(217, 8),
(217, 3),
(218, 8),
(218, 3),
(219, 8),
(219, 3),
(220, 8),
(220, 3),
(221, 8),
(221, 3),
(222, 8),
(222, 3),
(223, 8),
(223, 3),
(224, 39),
(224, 3),
(225, 39),
(225, 3),
(226, 39),
(226, 3),
(227, 39),
(227, 3),
(228, 7),
(228, 3),
(229, 7),
(229, 3),
(230, 7),
(230, 3),
(231, 7),
(231, 3),
(232, 7),
(232, 3),
(233, 7),
(233, 3),
(234, 7),
(234, 3),
(235, 4),
(235, 3),
(236, 4),
(236, 3),
(237, 4),
(237, 3),
(238, 4),
(238, 3),
(239, 4),
(239, 3),
(240, 7),
(240, 3),
(241, 7),
(241, 3),
(242, 7),
(242, 3),
(243, 7),
(243, 3),
(244, 7),
(244, 3),
(245, 7),
(245, 3),
(246, 7),
(246, 3),
(247, 7),
(247, 3),
(248, 7),
(248, 3),
(249, 7),
(249, 3),
(250, 4),
(250, 3),
(251, 4),
(251, 3),
(252, 4),
(252, 3),
(253, 4),
(253, 3),
(254, 4),
(254, 3),
(255, 4),
(255, 3),
(256, 4),
(256, 3),
(257, 8),
(257, 3),
(258, 8),
(258, 3),
(259, 8),
(259, 3),
(260, 8),
(260, 3),
(261, 7),
(261, 3),
(262, 8),
(262, 3),
(263, 8),
(263, 3),
(264, 7),
(264, 3),
(265, 7),
(265, 3),
(266, 7),
(266, 3),
(267, 7),
(267, 3),
(268, 8),
(268, 3),
(269, 8),
(269, 3),
(270, 7),
(270, 3),
(271, 7),
(271, 3),
(272, 8),
(272, 3),
(273, 8),
(273, 3),
(274, 7),
(274, 3),
(275, 7),
(275, 3),
(276, 7),
(276, 3),
(277, 7),
(277, 3),
(280, 7),
(280, 3),
(281, 7),
(281, 3),
(282, 7),
(282, 3),
(283, 7),
(283, 3),
(284, 7),
(284, 3),
(285, 7),
(285, 3),
(286, 7),
(286, 3),
(287, 7),
(287, 3),
(288, 7),
(288, 3),
(289, 7),
(289, 3),
(290, 4),
(290, 3),
(291, 4),
(291, 3),
(292, 7),
(292, 3),
(293, 7),
(293, 3),
(294, 7),
(294, 3),
(295, 7),
(295, 3),
(296, 7),
(296, 3),
(278, 3),
(278, 7),
(279, 3),
(279, 7),
(301, 7),
(301, 3),
(302, 39),
(302, 3),
(303, 39),
(303, 3),
(304, 39),
(304, 3),
(305, 39),
(305, 3),
(306, 39),
(306, 3),
(307, 39),
(307, 3),
(308, 39),
(308, 3),
(313, 7),
(313, 3),
(314, 39),
(314, 3),
(315, 39),
(315, 3),
(316, 39),
(316, 3),
(317, 9),
(317, 10),
(309, 5),
(309, 6),
(309, 24),
(310, 5),
(310, 6),
(310, 24),
(311, 5),
(311, 6),
(311, 24),
(312, 5),
(312, 6),
(312, 24),
(318, 37),
(318, 36),
(319, 37),
(319, 36),
(320, 37),
(320, 36),
(321, 37),
(321, 36),
(322, 37),
(322, 36),
(323, 37),
(323, 36),
(324, 37),
(324, 36),
(325, 37),
(325, 36),
(326, 37),
(326, 36),
(327, 37),
(327, 36),
(328, 37),
(328, 36),
(329, 37),
(329, 36),
(330, 37),
(330, 36),
(331, 37),
(331, 36),
(332, 37),
(332, 36),
(333, 37),
(333, 36),
(334, 37),
(334, 36),
(341, 37),
(341, 36),
(342, 37),
(342, 36),
(343, 37),
(343, 36),
(162, 9),
(162, 10),
(161, 9),
(161, 10),
(160, 9),
(160, 10),
(159, 9),
(159, 10),
(158, 9),
(158, 10),
(344, 26),
(344, 5),
(345, 5),
(345, 6),
(345, 24),
(346, 5),
(346, 6),
(346, 24),
(347, 5),
(347, 6),
(347, 24),
(348, 5),
(348, 6),
(348, 24),
(297, 10),
(297, 29),
(298, 10),
(298, 29),
(299, 10),
(299, 29),
(300, 10),
(300, 29),
(349, 6),
(349, 5),
(350, 6),
(350, 5),
(351, 6),
(351, 5),
(352, 6),
(352, 5),
(355, 6),
(355, 5),
(357, 36),
(357, 37),
(358, 36),
(358, 37),
(360, 36),
(360, 37),
(361, 36),
(361, 37),
(362, 36),
(362, 37),
(363, 36),
(363, 37),
(364, 36),
(364, 37),
(365, 36),
(365, 37),
(366, 36),
(366, 37),
(367, 36),
(367, 37),
(368, 36),
(368, 37),
(369, 36),
(369, 37),
(370, 36),
(370, 37),
(371, 36),
(371, 37),
(372, 36),
(372, 37),
(373, 36),
(373, 37),
(374, 36),
(374, 37),
(375, 36),
(375, 37),
(376, 36),
(376, 37),
(377, 36),
(377, 37),
(378, 36),
(378, 37),
(379, 36),
(379, 37),
(380, 36),
(380, 37),
(381, 36),
(381, 37),
(382, 36),
(382, 37),
(383, 36),
(383, 37),
(384, 36),
(384, 37),
(385, 36),
(385, 37),
(386, 36),
(386, 37),
(387, 36),
(387, 37),
(388, 36),
(388, 37),
(389, 36),
(389, 37),
(390, 36),
(390, 37),
(391, 36),
(391, 37),
(392, 36),
(392, 37),
(393, 36),
(393, 37),
(394, 36),
(394, 37),
(395, 36),
(395, 37),
(396, 36),
(396, 37),
(397, 36),
(397, 37),
(398, 36),
(398, 37),
(399, 36),
(399, 37),
(400, 36),
(400, 37),
(401, 36),
(401, 37),
(359, 36),
(359, 37),
(353, 5),
(353, 6),
(353, 24),
(354, 5),
(354, 6),
(354, 24),
(403, 5),
(403, 6),
(403, 24),
(404, 5),
(404, 6),
(404, 24),
(405, 5),
(405, 6),
(405, 24),
(406, 5),
(406, 6),
(406, 24),
(407, 5),
(407, 6),
(407, 24),
(408, 5),
(408, 6),
(408, 24),
(409, 5),
(409, 6),
(409, 24);

-- --------------------------------------------------------

--
-- Table structure for table `productimage`
--

CREATE TABLE IF NOT EXISTS `productimage` (
  `id` int(11) NOT NULL AUTO_INCREMENT,
  `product` int(11) NOT NULL,
  `image` varchar(255) CHARACTER SET utf8 NOT NULL,
  `is_default` int(11) NOT NULL,
  `order` int(11) NOT NULL,
  `status` int(11) NOT NULL,
  PRIMARY KEY (`id`)
) ENGINE=InnoDB  DEFAULT CHARSET=latin1 AUTO_INCREMENT=1588 ;

--
-- Dumping data for table `productimage`
--

INSERT INTO `productimage` (`id`, `product`, `image`, `is_default`, `order`, `status`) VALUES
(1, 1, 'Switcheasy_0.35_Apple_iphone_6S_Pink_1.jpeg', 0, 0, 0),
(2, 1, 'Switcheasy_0.35_Apple_iphone_6S_Pink_2.jpeg', 0, 1, 0),
(3, 1, 'Switcheasy_0.35_Apple_iphone_6S_Pink_3.jpeg', 0, 2, 0),
(4, 1, 'Switcheasy_0.35_Apple_iphone_6S_Pink_4.jpeg', 0, 3, 0),
(5, 2, 'Switcheasy_0.35_Apple_iphone_6S_Frost_White_1.jpeg', 0, 0, 0),
(6, 2, 'Switcheasy_0.35_Apple_iphone_6S_Frost_White_2.jpeg', 0, 1, 0),
(7, 2, 'Switcheasy_0.35_Apple_iphone_6S_Frost_White_3.jpeg', 0, 0, 0),
(8, 2, 'Switcheasy_0.35_Apple_iphone_6S_Frost_White_4.jpeg', 0, 0, 0),
(9, 3, 'Switcheasy_0.35_Apple_iphone_6S_Blue_1.jpeg', 0, 0, 0),
(10, 3, 'Switcheasy_0.35_Apple_iphone_6S_Blue_2.jpeg', 0, 1, 0),
(11, 3, 'Switcheasy_0.35_Apple_iphone_6S_Blue_3.jpeg', 0, 0, 0),
(12, 3, 'Switcheasy_0.35_Apple_iphone_6S_Blue_4.jpeg', 0, 0, 0),
(13, 4, 'Switcheasy_0.35_Apple_iphone_6S_Yellow_1.jpeg', 0, 0, 0),
(14, 4, 'Switcheasy_0.35_Apple_iphone_6S_Yellow_2.jpeg', 0, 1, 0),
(15, 4, 'Switcheasy_0.35_Apple_iphone_6S_Yellow_3.jpeg', 0, 0, 0),
(16, 4, 'Switcheasy_0.35_Apple_iphone_6S_Yellow_4.jpeg', 0, 0, 0),
(17, 5, 'Switcheasy_0.35_Apple_iphone_6S_Stealth_Black_1.jpeg', 0, 0, 0),
(18, 5, 'Switcheasy_0.35_Apple_iphone_6S_Stealth_Black_2.jpeg', 0, 1, 0),
(19, 5, 'Switcheasy_0.35_Apple_iphone_6S_Stealth_Black_3.jpeg', 0, 0, 0),
(20, 5, 'Switcheasy_0.35_Apple_iphone_6S_Stealth_Black_4.jpeg', 0, 0, 0),
(21, 6, 'Switcheasy_0.35_Apple_iphone_6S_Pink_1.jpeg', 0, 0, 0),
(22, 6, 'Switcheasy_0.35_Apple_iphone_6S_Pink_2.jpeg', 0, 1, 0),
(23, 6, 'Switcheasy_0.35_Apple_iphone_6S_Pink_3.jpeg', 0, 0, 0),
(24, 6, 'Switcheasy_0.35_Apple_iphone_6S_Pink_4.jpeg', 0, 0, 0),
(25, 7, 'Switcheasy_0.35_Apple_iphone_6S_Frost_White_1.jpeg', 0, 0, 0),
(26, 7, 'Switcheasy_0.35_Apple_iphone_6S_Frost_White_2.jpeg', 0, 1, 0),
(27, 7, 'Switcheasy_0.35_Apple_iphone_6S_Frost_White_3.jpeg', 0, 0, 0),
(28, 7, 'Switcheasy_0.35_Apple_iphone_6S_Frost_White_4.jpeg', 0, 0, 0),
(29, 8, 'Switcheasy_0.35_Apple_iphone_6S_Blue_1.jpeg', 0, 0, 0),
(30, 8, 'Switcheasy_0.35_Apple_iphone_6S_Blue_2.jpeg', 0, 1, 0),
(31, 8, 'Switcheasy_0.35_Apple_iphone_6S_Blue_3.jpeg', 0, 0, 0),
(32, 8, 'Switcheasy_0.35_Apple_iphone_6S_Blue_4.jpeg', 0, 0, 0),
(33, 9, 'Switcheasy_0.35_Apple_iphone_6S_Yellow_1.jpeg', 0, 0, 0),
(34, 9, 'Switcheasy_0.35_Apple_iphone_6S_Yellow_2.jpeg', 0, 1, 0),
(35, 9, 'Switcheasy_0.35_Apple_iphone_6S_Yellow_3.jpeg', 0, 0, 0),
(36, 9, 'Switcheasy_0.35_Apple_iphone_6S_Yellow_4.jpeg', 0, 0, 0),
(37, 10, 'Switcheasy_0.35_Apple_iphone_6S_Stealth_Black_1.jpeg', 0, 0, 0),
(38, 10, 'Switcheasy_0.35_Apple_iphone_6S_Stealth_Black_2.jpeg', 0, 1, 0),
(39, 10, 'Switcheasy_0.35_Apple_iphone_6S_Stealth_Black_3.jpeg', 0, 0, 0),
(40, 10, 'Switcheasy_0.35_Apple_iphone_6S_Stealth_Black_4.jpeg', 0, 0, 0),
(41, 11, 'Switcheasy_Numbers_Apple_iphone_6S_Frost_White_1.jpeg', 0, 0, 0),
(42, 11, 'Switcheasy_Numbers_Apple_iphone_6S_Frost_White_2.jpeg', 0, 1, 0),
(43, 11, 'Switcheasy_Numbers_Apple_iphone_6S_Frost_White_3.jpeg', 0, 0, 0),
(44, 11, 'Switcheasy_Numbers_Apple_iphone_6S_Frost_White_4.jpeg', 0, 0, 0),
(45, 12, 'Switcheasy_Numbers_Apple_iphone_6S_Stealth_Black_1.jpeg', 0, 0, 0),
(46, 12, 'Switcheasy_Numbers_Apple_iphone_6S_Stealth_Black_2.jpeg', 0, 1, 0),
(47, 12, 'Switcheasy_Numbers_Apple_iphone_6S_Stealth_Black_3.jpeg', 0, 0, 0),
(48, 12, 'Switcheasy_Numbers_Apple_iphone_6S_Stealth_Black_4.jpeg', 0, 0, 0),
(49, 13, 'Switcheasy_Numbers_Apple_iphone_6S_Methyl_Blue_1.jpeg', 0, 0, 0),
(50, 13, 'Switcheasy_Numbers_Apple_iphone_6S_Methyl_Blue_2.jpeg', 0, 1, 0),
(51, 13, 'Switcheasy_Numbers_Apple_iphone_6S_Methyl_Blue_3.jpeg', 0, 0, 0),
(52, 13, 'Switcheasy_Numbers_Apple_iphone_6S_Methyl_Blue_4.jpeg', 0, 0, 0),
(53, 14, 'Switcheasy_Numbers_Apple_iphone_6S_Rose_Bouquet_1.jpeg', 0, 0, 0),
(54, 14, 'Switcheasy_Numbers_Apple_iphone_6S_Rose_Bouquet_2.jpeg', 0, 1, 0),
(55, 14, 'Switcheasy_Numbers_Apple_iphone_6S_Rose_Bouquet_3.jpeg', 0, 0, 0),
(56, 14, 'Switcheasy_Numbers_Apple_iphone_6S_Rose_Bouquet_4.jpeg', 0, 0, 0),
(57, 15, 'Switcheasy_Numbers_Apple_iphone_6S_Sunlit_Tangerine_1.jpeg', 0, 0, 0),
(58, 15, 'Switcheasy_Numbers_Apple_iphone_6S_Sunlit_Tangerine_2.jpeg', 0, 1, 0),
(59, 15, 'Switcheasy_Numbers_Apple_iphone_6S_Sunlit_Tangerine_3.jpeg', 0, 0, 0),
(60, 15, 'Switcheasy_Numbers_Apple_iphone_6S_Sunlit_Tangerine_4.jpeg', 0, 0, 0),
(61, 16, 'Switcheasy_Numbers_Apple_iphone_6S_Frost_White_1.jpeg', 0, 0, 0),
(62, 16, 'Switcheasy_Numbers_Apple_iphone_6S_Frost_White_2.jpeg', 0, 1, 0),
(63, 16, 'Switcheasy_Numbers_Apple_iphone_6S_Frost_White_3.jpeg', 0, 0, 0),
(64, 16, 'Switcheasy_Numbers_Apple_iphone_6S_Frost_White_4.jpeg', 0, 0, 0),
(65, 17, 'Switcheasy_Numbers_Apple_iphone_6S_Stealth_Black_1.jpeg', 0, 0, 0),
(66, 17, 'Switcheasy_Numbers_Apple_iphone_6S_Stealth_Black_2.jpeg', 0, 1, 0),
(67, 17, 'Switcheasy_Numbers_Apple_iphone_6S_Stealth_Black_3.jpeg', 0, 0, 0),
(68, 17, 'Switcheasy_Numbers_Apple_iphone_6S_Stealth_Black_4.jpeg', 0, 0, 0),
(69, 18, 'Switcheasy_Numbers_Apple_iphone_6S_Methyl_Blue_1.jpeg', 0, 0, 0),
(70, 18, 'Switcheasy_Numbers_Apple_iphone_6S_Methyl_Blue_2.jpeg', 0, 1, 0),
(71, 18, 'Switcheasy_Numbers_Apple_iphone_6S_Methyl_Blue_3.jpeg', 0, 0, 0),
(72, 18, 'Switcheasy_Numbers_Apple_iphone_6S_Methyl_Blue_4.jpeg', 0, 0, 0),
(73, 19, 'Switcheasy_Numbers_Apple_iphone_6S_Rose_Bouquet_1.jpeg', 0, 0, 0),
(74, 19, 'Switcheasy_Numbers_Apple_iphone_6S_Rose_Bouquet_2.jpeg', 0, 1, 0),
(75, 19, 'Switcheasy_Numbers_Apple_iphone_6S_Rose_Bouquet_3.jpeg', 0, 0, 0),
(76, 19, 'Switcheasy_Numbers_Apple_iphone_6S_Rose_Bouquet_4.jpeg', 0, 0, 0),
(77, 20, 'Switcheasy_Numbers_Apple_iphone_6S_Sunlit_Tangerine_1.jpeg', 0, 0, 0),
(78, 20, 'Switcheasy_Numbers_Apple_iphone_6S_Sunlit_Tangerine_2.jpeg', 0, 1, 0),
(79, 20, 'Switcheasy_Numbers_Apple_iphone_6S_Sunlit_Tangerine_3.jpeg', 0, 0, 0),
(80, 20, 'Switcheasy_Numbers_Apple_iphone_6S_Sunlit_Tangerine_4.jpeg', 0, 0, 0),
(81, 21, 'Switcheasy_Aero_Apple_iphone_6S_Ultra_Black_1.jpeg', 0, 0, 0),
(82, 21, 'Switcheasy_Aero_Apple_iphone_6S_Ultra_Black_2.jpeg', 0, 1, 0),
(83, 21, 'Switcheasy_Aero_Apple_iphone_6S_Ultra_Black_3.jpeg', 0, 0, 0),
(84, 21, 'Switcheasy_Aero_Apple_iphone_6S_Ultra_Black_4.jpeg', 0, 0, 0),
(85, 22, 'Switcheasy_Aero_Apple_iphone_6S_Methyl_Blue_1.jpeg', 0, 0, 0),
(86, 22, 'Switcheasy_Aero_Apple_iphone_6S_Methyl_Blue_2.jpeg', 0, 1, 0),
(87, 22, 'Switcheasy_Aero_Apple_iphone_6S_Methyl_Blue_3.jpeg', 0, 0, 0),
(88, 22, 'Switcheasy_Aero_Apple_iphone_6S_Methyl_Blue_4.jpeg', 0, 0, 0),
(89, 23, 'Switcheasy_Aero_Apple_iphone_6S_Baby_Pink_1.jpeg', 0, 0, 0),
(90, 23, 'Switcheasy_Aero_Apple_iphone_6S_Baby_Pink_2.jpeg', 0, 1, 0),
(91, 23, 'Switcheasy_Aero_Apple_iphone_6S_Baby_Pink_3.jpeg', 0, 0, 0),
(92, 23, 'Switcheasy_Aero_Apple_iphone_6S_Baby_Pink_4.jpeg', 0, 0, 0),
(93, 24, 'Switcheasy_Aero_Apple_iphone_6S_Ultra_Clear_1.jpeg', 0, 0, 0),
(94, 24, 'Switcheasy_Aero_Apple_iphone_6S_Ultra_Clear_2.jpeg', 0, 1, 0),
(95, 24, 'Switcheasy_Aero_Apple_iphone_6S_Ultra_Clear_3.jpeg', 0, 0, 0),
(96, 24, 'Switcheasy_Aero_Apple_iphone_6S_Ultra_Clear_4.jpeg', 0, 0, 0),
(97, 25, 'Switcheasy_Aero_Apple_iphone_6S_Sesame_1.jpeg', 0, 0, 0),
(98, 25, 'Switcheasy_Aero_Apple_iphone_6S_Sesame_2.jpeg', 0, 1, 0),
(99, 25, 'Switcheasy_Aero_Apple_iphone_6S_Sesame_3.jpeg', 0, 0, 0),
(100, 25, 'Switcheasy_Aero_Apple_iphone_6S_Sesame_4.jpeg', 0, 0, 0),
(101, 26, 'Switcheasy_Aero_Apple_iphone_6S_Ultra_Black_1.jpeg', 0, 0, 0),
(102, 26, 'Switcheasy_Aero_Apple_iphone_6S_Ultra_Black_2.jpeg', 0, 1, 0),
(103, 26, 'Switcheasy_Aero_Apple_iphone_6S_Ultra_Black_3.jpeg', 0, 0, 0),
(104, 26, 'Switcheasy_Aero_Apple_iphone_6S_Ultra_Black_4.jpeg', 0, 0, 0),
(105, 27, 'Switcheasy_Aero_Apple_iphone_6S_Methyl_Blue_1.jpeg', 0, 0, 0),
(106, 27, 'Switcheasy_Aero_Apple_iphone_6S_Methyl_Blue_2.jpeg', 0, 1, 0),
(107, 27, 'Switcheasy_Aero_Apple_iphone_6S_Methyl_Blue_3.jpeg', 0, 0, 0),
(108, 27, 'Switcheasy_Aero_Apple_iphone_6S_Methyl_Blue_4.jpeg', 0, 0, 0),
(109, 28, 'Switcheasy_Aero_Apple_iphone_6S_Baby_Pink_1.jpeg', 0, 0, 0),
(110, 28, 'Switcheasy_Aero_Apple_iphone_6S_Baby_Pink_2.jpeg', 0, 1, 0),
(111, 28, 'Switcheasy_Aero_Apple_iphone_6S_Baby_Pink_3.jpeg', 0, 0, 0),
(112, 28, 'Switcheasy_Aero_Apple_iphone_6S_Baby_Pink_4.jpeg', 0, 0, 0),
(113, 29, 'Switcheasy_Aero_Apple_iphone_6S_Ultra_Clear_1.jpeg', 0, 0, 0),
(114, 29, 'Switcheasy_Aero_Apple_iphone_6S_Ultra_Clear_2.jpeg', 0, 1, 0),
(115, 29, 'Switcheasy_Aero_Apple_iphone_6S_Ultra_Clear_3.jpeg', 0, 0, 0),
(116, 29, 'Switcheasy_Aero_Apple_iphone_6S_Ultra_Clear_4.jpeg', 0, 0, 0),
(117, 30, 'Switcheasy_Aero_Apple_iphone_6S_Sesame_1.jpeg', 0, 0, 0),
(118, 30, 'Switcheasy_Aero_Apple_iphone_6S_Sesame_2.jpeg', 0, 1, 0),
(119, 30, 'Switcheasy_Aero_Apple_iphone_6S_Sesame_3.jpeg', 0, 0, 0),
(120, 30, 'Switcheasy_Aero_Apple_iphone_6S_Sesame_4.jpeg', 0, 0, 0),
(121, 31, 'Switcheasy_Play_Apple_iphone_6S_Ultra_Black_1.jpeg', 0, 0, 0),
(122, 31, 'Switcheasy_Play_Apple_iphone_6S_Ultra_Black_2.jpeg', 0, 1, 0),
(123, 31, 'Switcheasy_Play_Apple_iphone_6S_Ultra_Black_3.jpeg', 0, 0, 0),
(124, 31, 'Switcheasy_Play_Apple_iphone_6S_Ultra_Black_4.jpeg', 0, 0, 0),
(125, 32, 'Switcheasy_Play_Apple_iphone_6S_Ultra_Clear_1.jpeg', 0, 0, 0),
(126, 32, 'Switcheasy_Play_Apple_iphone_6S_Ultra_Clear_2.jpeg', 0, 1, 0),
(127, 32, 'Switcheasy_Play_Apple_iphone_6S_Ultra_Clear_3.jpeg', 0, 0, 0),
(128, 32, 'Switcheasy_Play_Apple_iphone_6S_Ultra_Clear_4.jpeg', 0, 0, 0),
(129, 33, 'Switcheasy_Play_Apple_iphone_6S_Ultra_Black_1.jpeg', 0, 0, 0),
(130, 33, 'Switcheasy_Play_Apple_iphone_6S_Ultra_Black_2.jpeg', 0, 1, 0),
(131, 33, 'Switcheasy_Play_Apple_iphone_6S_Ultra_Black_3.jpeg', 0, 0, 0),
(132, 33, 'Switcheasy_Play_Apple_iphone_6S_Ultra_Black_4.jpeg', 0, 0, 0),
(133, 34, 'Switcheasy_Play_Apple_iphone_6S_Ultra_Clear_1.jpeg', 0, 0, 0),
(134, 34, 'Switcheasy_Play_Apple_iphone_6S_Ultra_Clear_2.jpeg', 0, 1, 0),
(135, 34, 'Switcheasy_Play_Apple_iphone_6S_Ultra_Clear_3.jpeg', 0, 0, 0),
(136, 34, 'Switcheasy_Play_Apple_iphone_6S_Ultra_Clear_4.jpeg', 0, 0, 0),
(137, 35, 'Switcheasy_Nude_Apple_iphone_6S_Ultra_Black_1.jpeg', 0, 0, 0),
(138, 35, 'Switcheasy_Nude_Apple_iphone_6S_Ultra_Black_2.jpeg', 0, 1, 0),
(139, 35, 'Switcheasy_Nude_Apple_iphone_6S_Ultra_Black_3.jpeg', 0, 0, 0),
(140, 35, 'Switcheasy_Nude_Apple_iphone_6S_Ultra_Black_4.jpeg', 0, 0, 0),
(141, 36, 'Switcheasy_Nude_Apple_iphone_6S_Transparent_1.jpeg', 0, 0, 0),
(142, 36, 'Switcheasy_Nude_Apple_iphone_6S_Transparent_2.jpeg', 0, 1, 0),
(143, 36, 'Switcheasy_Nude_Apple_iphone_6S_Transparent_3.jpeg', 0, 0, 0),
(144, 36, 'Switcheasy_Nude_Apple_iphone_6S_Transparent_4.jpeg', 0, 0, 0),
(145, 37, 'Switcheasy_Nude_Apple_iphone_6S_Mint_1.jpeg', 0, 0, 0),
(146, 37, 'Switcheasy_Nude_Apple_iphone_6S_Mint_2.jpeg', 0, 1, 0),
(147, 37, 'Switcheasy_Nude_Apple_iphone_6S_Mint_3.jpeg', 0, 0, 0),
(148, 37, 'Switcheasy_Nude_Apple_iphone_6S_Mint_4.jpeg', 0, 0, 0),
(149, 38, 'Switcheasy_Nude_Apple_iphone_6S_Red_1.jpeg', 0, 0, 0),
(150, 38, 'Switcheasy_Nude_Apple_iphone_6S_Red_2.jpeg', 0, 1, 0),
(151, 38, 'Switcheasy_Nude_Apple_iphone_6S_Red_3.jpeg', 0, 0, 0),
(152, 38, 'Switcheasy_Nude_Apple_iphone_6S_Red_4.jpeg', 0, 0, 0),
(153, 39, 'Switcheasy_Nude_Apple_iphone_6S_Baby_Pink_1.jpeg', 0, 0, 0),
(154, 39, 'Switcheasy_Nude_Apple_iphone_6S_Baby_Pink_2.jpeg', 0, 1, 0),
(155, 39, 'Switcheasy_Nude_Apple_iphone_6S_Baby_Pink_3.jpeg', 0, 0, 0),
(156, 39, 'Switcheasy_Nude_Apple_iphone_6S_Baby_Pink_4.jpeg', 0, 0, 0),
(157, 40, 'Switcheasy_Nude_Apple_iphone_6S_Ultra_Black_1.jpeg', 0, 0, 0),
(158, 40, 'Switcheasy_Nude_Apple_iphone_6S_Ultra_Black_2.jpeg', 0, 1, 0),
(159, 40, 'Switcheasy_Nude_Apple_iphone_6S_Ultra_Black_3.jpeg', 0, 0, 0),
(160, 40, 'Switcheasy_Nude_Apple_iphone_6S_Ultra_Black_4.jpeg', 0, 0, 0),
(161, 41, 'Switcheasy_Nude_Apple_iphone_6S_Transparent_1.jpeg', 0, 0, 0),
(162, 41, 'Switcheasy_Nude_Apple_iphone_6S_Transparent_2.jpeg', 0, 1, 0),
(163, 41, 'Switcheasy_Nude_Apple_iphone_6S_Transparent_3.jpeg', 0, 0, 0),
(164, 41, 'Switcheasy_Nude_Apple_iphone_6S_Transparent_4.jpeg', 0, 0, 0),
(165, 42, 'Switcheasy_Nude_Apple_iphone_6S_Mint_1.jpeg', 0, 0, 0),
(166, 42, 'Switcheasy_Nude_Apple_iphone_6S_Mint_2.jpeg', 0, 1, 0),
(167, 42, 'Switcheasy_Nude_Apple_iphone_6S_Mint_3.jpeg', 0, 0, 0),
(168, 42, 'Switcheasy_Nude_Apple_iphone_6S_Mint_4.jpeg', 0, 0, 0),
(169, 43, 'Switcheasy_Nude_Apple_iphone_6S_Red_1.jpeg', 0, 0, 0),
(170, 43, 'Switcheasy_Nude_Apple_iphone_6S_Red_2.jpeg', 0, 1, 0),
(171, 43, 'Switcheasy_Nude_Apple_iphone_6S_Red_3.jpeg', 0, 0, 0),
(172, 43, 'Switcheasy_Nude_Apple_iphone_6S_Red_4.jpeg', 0, 0, 0),
(173, 44, 'Switcheasy_Nude_Apple_iphone_6S_Baby_Pink_1.jpeg', 0, 0, 0),
(174, 44, 'Switcheasy_Nude_Apple_iphone_6S_Baby_Pink_2.jpeg', 0, 1, 0),
(175, 44, 'Switcheasy_Nude_Apple_iphone_6S_Baby_Pink_3.jpeg', 0, 0, 0),
(176, 44, 'Switcheasy_Nude_Apple_iphone_6S_Baby_Pink_4.jpeg', 0, 0, 0),
(177, 45, 'Switcheasy_N+_Apple_iphone_6S_Methyl_Blue_1.jpeg', 0, 0, 0),
(178, 45, 'Switcheasy_N+_Apple_iphone_6S_Methyl_Blue_2.jpeg', 0, 1, 0),
(179, 45, 'Switcheasy_N+_Apple_iphone_6S_Methyl_Blue_3.jpeg', 0, 0, 0),
(180, 45, 'Switcheasy_N+_Apple_iphone_6S_Methyl_Blue_4.jpeg', 0, 0, 0),
(181, 46, 'Switcheasy_N+_Apple_iphone_6S_Baby_Pink_1.jpeg', 0, 0, 0),
(182, 46, 'Switcheasy_N+_Apple_iphone_6S_Baby_Pink_2.jpeg', 0, 1, 0),
(183, 46, 'Switcheasy_N+_Apple_iphone_6S_Baby_Pink_3.jpeg', 0, 0, 0),
(184, 46, 'Switcheasy_N+_Apple_iphone_6S_Baby_Pink_4.jpeg', 0, 0, 0),
(185, 47, 'Switcheasy_N+_Apple_iphone_6S_Obsidian_1.jpeg', 0, 0, 0),
(186, 47, 'Switcheasy_N+_Apple_iphone_6S_Obsidian_2.jpeg', 0, 1, 0),
(187, 47, 'Switcheasy_N+_Apple_iphone_6S_Obsidian_3.jpeg', 0, 0, 0),
(188, 47, 'Switcheasy_N+_Apple_iphone_6S_Obsidian_4.jpeg', 0, 0, 0),
(189, 48, 'Switcheasy_N+_Apple_iphone_6S_Ceramic_White_1.jpeg', 0, 0, 0),
(190, 48, 'Switcheasy_N+_Apple_iphone_6S_Ceramic_White_2.jpeg', 0, 1, 0),
(191, 48, 'Switcheasy_N+_Apple_iphone_6S_Ceramic_White_3.jpeg', 0, 0, 0),
(192, 48, 'Switcheasy_N+_Apple_iphone_6S_Ceramic_White_4.jpeg', 0, 0, 0),
(193, 49, 'Switcheasy_N+_Apple_iphone_6S_Methyl_Blue_1.jpeg', 0, 0, 0),
(194, 49, 'Switcheasy_N+_Apple_iphone_6S_Methyl_Blue_2.jpeg', 0, 1, 0),
(195, 49, 'Switcheasy_N+_Apple_iphone_6S_Methyl_Blue_3.jpeg', 0, 0, 0),
(196, 49, 'Switcheasy_N+_Apple_iphone_6S_Methyl_Blue_4.jpeg', 0, 0, 0),
(197, 50, 'Switcheasy_N+_Apple_iphone_6S_Baby_Pink_1.jpeg', 0, 0, 0),
(198, 50, 'Switcheasy_N+_Apple_iphone_6S_Baby_Pink_2.jpeg', 0, 1, 0),
(199, 50, 'Switcheasy_N+_Apple_iphone_6S_Baby_Pink_3.jpeg', 0, 0, 0),
(200, 50, 'Switcheasy_N+_Apple_iphone_6S_Baby_Pink_4.jpeg', 0, 0, 0),
(201, 51, 'Switcheasy_N+_Apple_iphone_6S_Obsidian_1.jpeg', 0, 0, 0),
(202, 51, 'Switcheasy_N+_Apple_iphone_6S_Obsidian_2.jpeg', 0, 1, 0),
(203, 51, 'Switcheasy_N+_Apple_iphone_6S_Obsidian_3.jpeg', 0, 0, 0),
(204, 51, 'Switcheasy_N+_Apple_iphone_6S_Obsidian_4.jpeg', 0, 0, 0),
(205, 52, 'Switcheasy_N+_Apple_iphone_6S_Ceramic_White_1.jpeg', 0, 0, 0),
(206, 52, 'Switcheasy_N+_Apple_iphone_6S_Ceramic_White_2.jpeg', 0, 1, 0),
(207, 52, 'Switcheasy_N+_Apple_iphone_6S_Ceramic_White_3.jpeg', 0, 0, 0),
(208, 52, 'Switcheasy_N+_Apple_iphone_6S_Ceramic_White_4.jpeg', 0, 0, 0),
(209, 53, 'Otterbox_Defender_Apple_iPhone_6S_Black_1.jpeg', 0, 0, 0),
(210, 53, 'Otterbox_Defender_Apple_iPhone_6S_Black_2.jpeg', 0, 1, 0),
(211, 53, 'Otterbox_Defender_Apple_iPhone_6S_Black_3.jpeg', 0, 2, 0),
(212, 53, 'Otterbox_Defender_Apple_iPhone_6S_Black_4.jpeg', 0, 3, 0),
(213, 54, 'Otterbox_Defender_Apple_iPhone_6S_GLACIER_1.jpeg', 0, 0, 0),
(214, 54, 'Otterbox_Defender_Apple_iPhone_6S_GLACIER_2.jpeg', 0, 1, 0),
(215, 54, 'Otterbox_Defender_Apple_iPhone_6S_GLACIER_3.jpeg', 0, 0, 0),
(216, 54, 'Otterbox_Defender_Apple_iPhone_6S_GLACIER_4.jpeg', 0, 0, 0),
(217, 55, 'Otterbox_Commuter_Apple_iPhone_6S_Black_1.jpeg', 0, 0, 0),
(218, 55, 'Otterbox_Commuter_Apple_iPhone_6S_Black_2.jpeg', 0, 1, 0),
(219, 55, 'Otterbox_Commuter_Apple_iPhone_6S_Black_3.jpeg', 0, 2, 0),
(220, 56, 'Otterbox_Commuter_Apple_iPhone_6S_GLACIER_1.jpeg', 0, 0, 0),
(221, 56, 'Otterbox_Commuter_Apple_iPhone_6S_GLACIER_2.jpeg', 0, 1, 0),
(222, 56, 'Otterbox_Commuter_Apple_iPhone_6S_GLACIER_3.jpeg', 0, 0, 0),
(223, 57, 'Otterbox_Commuter_Apple_iPhone_6S_NEON_ROSE_1.jpeg', 0, 0, 0),
(224, 57, 'Otterbox_Commuter_Apple_iPhone_6S_NEON_ROSE_2.jpeg', 0, 1, 0),
(225, 57, 'Otterbox_Commuter_Apple_iPhone_6S_NEON_ROSE_3.jpeg', 0, 0, 0),
(226, 58, 'Otterbox_Commuter_Apple_iPhone_6S_INK_BLUE_1.jpeg', 0, 0, 0),
(227, 58, 'Otterbox_Commuter_Apple_iPhone_6S_INK_BLUE_2.jpeg', 0, 1, 0),
(228, 58, 'Otterbox_Commuter_Apple_iPhone_6S_INK_BLUE_3.jpeg', 0, 0, 0),
(229, 59, 'Otterbox_Commuter_Wallet_Apple_iPhone_6S_BLACK_1.jpeg', 0, 0, 0),
(230, 59, 'Otterbox_Commuter_Wallet_Apple_iPhone_6S_BLACK_2.jpeg', 0, 1, 0),
(231, 59, 'Otterbox_Commuter_Wallet_Apple_iPhone_6S_BLACK_3.jpeg', 0, 0, 0),
(232, 59, 'Otterbox_Commuter_Wallet_Apple_iPhone_6S_BLACK_4.jpeg', 0, 0, 0),
(233, 60, 'Otterbox_Commuter_Wallet_Apple_iPhone_6S_GLACIER_1.jpeg', 0, 0, 0),
(234, 60, 'Otterbox_Commuter_Wallet_Apple_iPhone_6S_GLACIER_2.jpeg', 0, 1, 0),
(235, 60, 'Otterbox_Commuter_Wallet_Apple_iPhone_6S_GLACIER_3.jpeg', 0, 0, 0),
(236, 60, 'Otterbox_Commuter_Wallet_Apple_iPhone_6S_GLACIER_4.jpeg', 0, 0, 0),
(237, 61, 'Otterbox_Symmetry_Apple_iPhone_6S_Black_1.jpeg', 0, 0, 0),
(238, 61, 'Otterbox_Symmetry_Apple_iPhone_6S_Black_2.jpeg', 0, 1, 0),
(239, 61, 'Otterbox_Symmetry_Apple_iPhone_6S_Black_3.jpeg', 0, 0, 0),
(240, 61, 'Otterbox_Symmetry_Apple_iPhone_6S_Black_4.jpeg', 0, 0, 0),
(241, 62, 'Otterbox_Symmetry_Apple_iPhone_6S_GLACIER_1.jpeg', 0, 0, 0),
(242, 62, 'Otterbox_Symmetry_Apple_iPhone_6S_GLACIER_2.jpeg', 0, 1, 0),
(243, 62, 'Otterbox_Symmetry_Apple_iPhone_6S_GLACIER_3.jpeg', 0, 0, 0),
(244, 62, 'Otterbox_Symmetry_Apple_iPhone_6S_GLACIER_4.jpeg', 0, 0, 0),
(245, 63, 'Otterbox_Symmetry_Apple_iPhone_6S_AQUA_DOT_1.jpeg', 0, 0, 0),
(246, 63, 'Otterbox_Symmetry_Apple_iPhone_6S_AQUA_DOT_2.jpeg', 0, 1, 0),
(247, 63, 'Otterbox_Symmetry_Apple_iPhone_6S_AQUA_DOT_3.jpeg', 0, 0, 0),
(248, 63, 'Otterbox_Symmetry_Apple_iPhone_6S_AQUA_DOT_4.jpeg', 0, 0, 0),
(249, 64, 'Otterbox_Symmetry_Apple_iPhone_6S_FLORAL_POND_1.jpeg', 0, 0, 0),
(250, 64, 'Otterbox_Symmetry_Apple_iPhone_6S_FLORAL_POND_2.jpeg', 0, 1, 0),
(251, 64, 'Otterbox_Symmetry_Apple_iPhone_6S_FLORAL_POND_3.jpeg', 0, 0, 0),
(252, 64, 'Otterbox_Symmetry_Apple_iPhone_6S_FLORAL_POND_4.jpeg', 0, 0, 0),
(253, 65, 'Otterbox_Symmetry_Apple_iPhone_6S_POPPY_PETAL_1.jpeg', 0, 0, 0),
(254, 65, 'Otterbox_Symmetry_Apple_iPhone_6S_POPPY_PETAL_2.jpeg', 0, 1, 0),
(255, 65, 'Otterbox_Symmetry_Apple_iPhone_6S_POPPY_PETAL_3.jpeg', 0, 0, 0),
(256, 65, 'Otterbox_Symmetry_Apple_iPhone_6S_POPPY_PETAL_4.jpeg', 0, 0, 0),
(257, 66, 'Otterbox_Symmetry_Apple_iPhone_6S_EDEN_TEAL_1.jpeg', 0, 0, 0),
(258, 66, 'Otterbox_Symmetry_Apple_iPhone_6S_EDEN_TEAL_2.jpeg', 0, 1, 0),
(259, 66, 'Otterbox_Symmetry_Apple_iPhone_6S_EDEN_TEAL_3.jpeg', 0, 0, 0),
(260, 66, 'Otterbox_Symmetry_Apple_iPhone_6S_EDEN_TEAL_4.jpeg', 0, 0, 0),
(261, 67, 'Otterbox_Defender_Apple_iPhone_6S_Black_1.jpeg', 0, 0, 0),
(262, 67, 'Otterbox_Defender_Apple_iPhone_6S_Black_2.jpeg', 0, 1, 0),
(263, 67, 'Otterbox_Defender_Apple_iPhone_6S_Black_3.jpeg', 0, 0, 0),
(264, 67, 'Otterbox_Defender_Apple_iPhone_6S_Black_4.jpeg', 0, 0, 0),
(265, 68, 'Otterbox_Defender_Apple_iPhone_6S_GLACIER_1.jpeg', 0, 0, 0),
(266, 68, 'Otterbox_Defender_Apple_iPhone_6S_GLACIER_2.jpeg', 0, 1, 0),
(267, 68, 'Otterbox_Defender_Apple_iPhone_6S_GLACIER_3.jpeg', 0, 0, 0),
(268, 68, 'Otterbox_Defender_Apple_iPhone_6S_GLACIER_4.jpeg', 0, 0, 0),
(269, 69, 'Otterbox_Defender_Apple_iphone_6S_Plus_INK_BLUE_1.jpeg', 0, 0, 0),
(270, 69, 'Otterbox_Defender_Apple_iphone_6S_Plus_INK_BLUE_2.jpeg', 0, 1, 0),
(271, 69, 'Otterbox_Defender_Apple_iphone_6S_Plus_INK_BLUE_3.jpeg', 0, 0, 0),
(272, 69, 'Otterbox_Defender_Apple_iphone_6S_Plus_INK_BLUE_4.jpeg', 0, 0, 0),
(273, 69, 'Otterbox_Defender_Apple_iphone_6S_Plus_INK_BLUE_5.jpeg', 0, 0, 0),
(274, 70, 'Otterbox_Commuter_Apple_iPhone_6S_Black_1.jpeg', 0, 0, 0),
(275, 70, 'Otterbox_Commuter_Apple_iPhone_6S_Black_2.jpeg', 0, 1, 0),
(276, 70, 'Otterbox_Commuter_Apple_iPhone_6S_Black_3.jpeg', 0, 0, 0),
(277, 71, 'Otterbox_Commuter_Apple_iPhone_6S_GLACIER_1.jpeg', 0, 0, 0),
(278, 71, 'Otterbox_Commuter_Apple_iPhone_6S_GLACIER_2.jpeg', 0, 1, 0),
(279, 71, 'Otterbox_Commuter_Apple_iPhone_6S_GLACIER_3.jpeg', 0, 0, 0),
(280, 72, 'Otterbox_Commuter_Apple_iPhone_6S_NEON_ROSE_1.jpeg', 0, 0, 0),
(281, 72, 'Otterbox_Commuter_Apple_iPhone_6S_NEON_ROSE_2.jpeg', 0, 1, 0),
(282, 72, 'Otterbox_Commuter_Apple_iPhone_6S_NEON_ROSE_3.jpeg', 0, 0, 0),
(283, 73, 'Otterbox_Commuter_Apple_iPhone_6S_INK_BLUE_1.jpeg', 0, 0, 0),
(284, 73, 'Otterbox_Commuter_Apple_iPhone_6S_INK_BLUE_2.jpeg', 0, 1, 0),
(285, 73, 'Otterbox_Commuter_Apple_iPhone_6S_INK_BLUE_3.jpeg', 0, 0, 0),
(286, 74, 'Otterbox_Commuter_Apple_iphone_6S_Plus_AQUA_SKY_1.jpeg', 0, 0, 0),
(287, 74, 'Otterbox_Commuter_Apple_iphone_6S_Plus_AQUA_SKY_2.jpeg', 0, 1, 0),
(288, 75, 'Otterbox_Symmetry_Apple_iPhone_6S_Black_1.jpeg', 0, 0, 0),
(289, 75, 'Otterbox_Symmetry_Apple_iPhone_6S_Black_2.jpeg', 0, 1, 0),
(290, 75, 'Otterbox_Symmetry_Apple_iPhone_6S_Black_3.jpeg', 0, 0, 0),
(291, 75, 'Otterbox_Symmetry_Apple_iPhone_6S_Black_4.jpeg', 0, 0, 0),
(292, 76, 'Otterbox_Symmetry_Apple_iPhone_6S_GLACIER_1.jpeg', 0, 0, 0),
(293, 76, 'Otterbox_Symmetry_Apple_iPhone_6S_GLACIER_2.jpeg', 0, 1, 0),
(294, 76, 'Otterbox_Symmetry_Apple_iPhone_6S_GLACIER_3.jpeg', 0, 0, 0),
(295, 76, 'Otterbox_Symmetry_Apple_iPhone_6S_GLACIER_4.jpeg', 0, 0, 0),
(296, 77, 'Otterbox_Symmetry_Apple_iphone_6S_Plus_BLUE_PRINT_1.jpeg', 0, 0, 0),
(297, 77, 'Otterbox_Symmetry_Apple_iphone_6S_Plus_BLUE_PRINT_2.jpeg', 0, 1, 0),
(298, 78, 'Otterbox_Symmetry_Apple_iPhone_6S_AQUA_DOT_1.jpeg', 0, 0, 0),
(299, 78, 'Otterbox_Symmetry_Apple_iPhone_6S_AQUA_DOT_2.jpeg', 0, 1, 0),
(300, 78, 'Otterbox_Symmetry_Apple_iPhone_6S_AQUA_DOT_3.jpeg', 0, 0, 0),
(301, 78, 'Otterbox_Symmetry_Apple_iPhone_6S_AQUA_DOT_4.jpeg', 0, 0, 0),
(302, 79, 'Otterbox_Symmetry_Apple_iPhone_6S_FLORAL_POND_1.jpeg', 0, 0, 0),
(303, 79, 'Otterbox_Symmetry_Apple_iPhone_6S_FLORAL_POND_2.jpeg', 0, 1, 0),
(304, 79, 'Otterbox_Symmetry_Apple_iPhone_6S_FLORAL_POND_3.jpeg', 0, 0, 0),
(305, 79, 'Otterbox_Symmetry_Apple_iPhone_6S_FLORAL_POND_4.jpeg', 0, 0, 0),
(306, 80, 'Guess_GUFLBKP6LSAB_Apple_iPhone_6_Plus_Black_1.jpeg', 0, 0, 0),
(307, 80, 'Guess_GUFLBKP6LSAB_Apple_iPhone_6_Plus_Black_2.jpeg', 0, 1, 0),
(308, 81, 'Guess_GUFLBKP6LSAC_Apple_iPhone_6_Plus_Beige_1.jpeg', 0, 0, 0),
(309, 81, 'Guess_GUFLBKP6LSAC_Apple_iPhone_6_Plus_Beige_2.jpeg', 0, 1, 0),
(310, 81, 'Guess_GUFLBKP6LSAC_Apple_iPhone_6_Plus_Beige_3.jpeg', 0, 0, 0),
(311, 81, 'Guess_GUFLBKP6LSAC_Apple_iPhone_6_Plus_Beige_4.jpeg', 0, 0, 0),
(312, 82, 'Guess_GUHCP6SAB_Apple_iPhone_6_Black_1.jpeg', 0, 0, 0),
(313, 83, 'Guess_GUHCP6SAC_Apple_iPhone_6_Beige_1.jpeg', 0, 0, 0),
(314, 83, 'Guess_GUHCP6SAC_Apple_iPhone_6_Beige_2.jpeg', 0, 1, 0),
(315, 83, 'Guess_GUHCP6SAC_Apple_iPhone_6_Beige_3.jpeg', 0, 0, 0),
(316, 84, 'Guess_GUHCP6SAS_Apple_iPhone_6_Grey_1.jpeg', 0, 0, 0),
(317, 84, 'Guess_GUHCP6SAS_Apple_iPhone_6_Grey_2.jpeg', 0, 1, 0),
(318, 84, 'Guess_GUHCP6SAS_Apple_iPhone_6_Grey_3.jpeg', 0, 0, 0),
(319, 85, 'Guess_GUHCP6LSAB_Apple_iPhone_6_Plus_Black_1.jpeg', 0, 0, 0),
(320, 86, 'Guess_GUHCP6LSAC_Apple_iPhone_6_Plus_Beige_1.jpeg', 0, 0, 0),
(321, 86, 'Guess_GUHCP6LSAC_Apple_iPhone_6_Plus_Beige_2.jpeg', 0, 1, 0),
(322, 86, 'Guess_GUHCP6LSAC_Apple_iPhone_6_Plus_Beige_3.jpeg', 0, 0, 0),
(323, 87, 'Guess_GUHCP6LSAS_Apple_iPhone_6_Plus_Grey_1.jpeg', 0, 0, 0),
(324, 87, 'Guess_GUHCP6LSAS_Apple_iPhone_6_Plus_Grey_2.jpeg', 0, 1, 0),
(325, 87, 'Guess_GUHCP6LSAS_Apple_iPhone_6_Plus_Grey_3.jpeg', 0, 0, 0),
(326, 88, 'Guess_GUFLBKP6SAB_Apple_iPhone_6_Black_1.jpeg', 0, 0, 0),
(327, 89, 'Guess_GUFLBKP6SAC_Apple_iPhone_6_Beige_1.jpeg', 0, 0, 0),
(328, 90, 'Guess_GUFLBKP6STW_Apple_iPhone_6_White_1.jpeg', 0, 0, 0),
(329, 91, 'Bling_My_Thing_IP6-I-VG-GIG-IGM_Apple_iPhone_6_Plus_Gold_1.jpeg', 0, 0, 0),
(330, 91, 'Bling_My_Thing_IP6-I-VG-GIG-IGM_Apple_iPhone_6_Plus_Gold_2.jpeg', 0, 1, 0),
(331, 91, 'Bling_My_Thing_IP6-I-VG-GIG-IGM_Apple_iPhone_6_Plus_Gold_3.jpeg', 0, 0, 0),
(332, 92, 'Bling_My_Thing_IP6-I-VG-BKG-JCC_Apple_iPhone_6_Plus_Black_1.jpeg', 0, 0, 0),
(333, 92, 'Bling_My_Thing_IP6-I-VG-BKG-JCC_Apple_iPhone_6_Plus_Black_2.jpeg', 0, 1, 0),
(334, 92, 'Bling_My_Thing_IP6-I-VG-BKG-JCC_Apple_iPhone_6_Plus_Black_3.jpeg', 0, 0, 0),
(335, 93, 'Bling_My_Thing_IP6-I-MW-CL-CCD_Apple_iPhone_6_Plus_Cotton_Candy_1.jpeg', 0, 0, 0),
(336, 93, 'Bling_My_Thing_IP6-I-MW-CL-CCD_Apple_iPhone_6_Plus_Cotton_Candy_2.jpeg', 0, 1, 0),
(337, 93, 'Bling_My_Thing_IP6-I-MW-CL-CCD_Apple_iPhone_6_Plus_Cotton_Candy_3.jpeg', 0, 0, 0),
(338, 94, 'Bling_My_Thing_ip6-mtk-cl-non_Apple_iPhone_6_Transparent_1.jpeg', 0, 0, 0),
(339, 94, 'Bling_My_Thing_ip6-mtk-cl-non_Apple_iPhone_6_Transparent_2.jpeg', 0, 1, 0),
(340, 94, 'Bling_My_Thing_ip6-mtk-cl-non_Apple_iPhone_6_Transparent_3.jpeg', 0, 0, 0),
(341, 95, 'Bling_My_Thing_ip6-mtk-gy-non_Apple_iPhone_6_Tinted_Grey_1.jpeg', 0, 0, 0),
(342, 95, 'Bling_My_Thing_ip6-mtk-gy-non_Apple_iPhone_6_Tinted_Grey_2.jpeg', 0, 1, 0),
(343, 95, 'Bling_My_Thing_ip6-mtk-gy-non_Apple_iPhone_6_Tinted_Grey_3.jpeg', 0, 0, 0),
(344, 96, 'Bling_My_Thing_ip6-mtk-pk-non_Apple_iPhone_6_Tinted_Pink_1.jpeg', 0, 0, 0),
(345, 96, 'Bling_My_Thing_ip6-mtk-pk-non_Apple_iPhone_6_Tinted_Pink_2.jpeg', 0, 1, 0),
(346, 96, 'Bling_My_Thing_ip6-mtk-pk-non_Apple_iPhone_6_Tinted_Pink_3.jpeg', 0, 0, 0),
(347, 97, 'Bling_My_Thing_ip6-ms-cl-non_Apple_iPhone_6_Transparent_1.jpeg', 0, 0, 0),
(348, 97, 'Bling_My_Thing_ip6-ms-cl-non_Apple_iPhone_6_Transparent_2.jpeg', 0, 1, 0),
(349, 97, 'Bling_My_Thing_ip6-ms-cl-non_Apple_iPhone_6_Transparent_3.jpeg', 0, 0, 0),
(350, 97, 'Bling_My_Thing_ip6-ms-cl-non_Apple_iPhone_6_Transparent_4.jpeg', 0, 0, 0),
(351, 98, 'Bling_My_Thing_ip6-ms-gy-non_Apple_iPhone_6_Cappuccino_1.jpeg', 0, 0, 0),
(352, 98, 'Bling_My_Thing_ip6-ms-gy-non_Apple_iPhone_6_Cappuccino_2.jpeg', 0, 1, 0),
(353, 98, 'Bling_My_Thing_ip6-ms-gy-non_Apple_iPhone_6_Cappuccino_3.jpeg', 0, 0, 0),
(354, 98, 'Bling_My_Thing_ip6-ms-gy-non_Apple_iPhone_6_Cappuccino_4.jpeg', 0, 0, 0),
(355, 99, 'Bling_My_Thing_ip6-ms-pk-non_Apple_iPhone_6_Pink_1.jpeg', 0, 0, 0),
(356, 99, 'Bling_My_Thing_ip6-ms-pk-non_Apple_iPhone_6_Pink_2.jpeg', 0, 1, 0),
(357, 99, 'Bling_My_Thing_ip6-ms-pk-non_Apple_iPhone_6_Pink_3.jpeg', 0, 0, 0),
(358, 99, 'Bling_My_Thing_ip6-ms-pk-non_Apple_iPhone_6_Pink_4.jpeg', 0, 0, 0),
(359, 100, 'Bling_My_Thing_ip6-ex-cl-ice_Apple_iPhone_6_Transparent_1.jpeg', 0, 0, 0),
(360, 100, 'Bling_My_Thing_ip6-ex-cl-ice_Apple_iPhone_6_Transparent_2.jpeg', 0, 1, 0),
(361, 100, 'Bling_My_Thing_ip6-ex-cl-ice_Apple_iPhone_6_Transparent_3.jpeg', 0, 0, 0),
(362, 100, 'Bling_My_Thing_ip6-ex-cl-ice_Apple_iPhone_6_Transparent_4.jpeg', 0, 0, 0),
(363, 100, 'Bling_My_Thing_ip6-ex-cl-ice_Apple_iPhone_6_Transparent_5.jpeg', 0, 0, 0),
(364, 101, 'Bling_My_Thing_ip6-gm-bk-gld_Apple_iPhone_6_Gold/Black_1.jpeg', 0, 0, 0),
(365, 101, 'Bling_My_Thing_ip6-gm-bk-gld_Apple_iPhone_6_Gold/Black_2.jpeg', 0, 1, 0),
(366, 101, 'Bling_My_Thing_ip6-gm-bk-gld_Apple_iPhone_6_Gold/Black_3.jpeg', 0, 0, 0),
(367, 101, 'Bling_My_Thing_ip6-gm-bk-gld_Apple_iPhone_6_Gold/Black_4.jpeg', 0, 0, 0),
(368, 102, 'Bling_My_Thing_ip6-gm-bk-cry_Apple_iPhone_6_Crystal/Black_1.jpeg', 0, 0, 0),
(369, 102, 'Bling_My_Thing_ip6-gm-bk-cry_Apple_iPhone_6_Crystal/Black_2.jpeg', 0, 1, 0),
(370, 102, 'Bling_My_Thing_ip6-gm-bk-cry_Apple_iPhone_6_Crystal/Black_3.jpeg', 0, 0, 0),
(371, 102, 'Bling_My_Thing_ip6-gm-bk-cry_Apple_iPhone_6_Crystal/Black_4.jpeg', 0, 0, 0),
(372, 103, 'Bling_My_Thing_ip6-ws-cl-cry_Apple_iPhone_6_Crystal_1.jpeg', 0, 0, 0),
(373, 103, 'Bling_My_Thing_ip6-ws-cl-cry_Apple_iPhone_6_Crystal_2.jpeg', 0, 1, 0),
(374, 103, 'Bling_My_Thing_ip6-ws-cl-cry_Apple_iPhone_6_Crystal_3.jpeg', 0, 0, 0),
(375, 103, 'Bling_My_Thing_ip6-ws-cl-cry_Apple_iPhone_6_Crystal_4.jpeg', 0, 0, 0),
(376, 104, 'Bling_My_Thing_ip6-ws-cl-ccd_Apple_iPhone_6_Cotton_Candy_1.jpeg', 0, 0, 0),
(377, 104, 'Bling_My_Thing_ip6-ws-cl-ccd_Apple_iPhone_6_Cotton_Candy_2.jpeg', 0, 1, 0),
(378, 104, 'Bling_My_Thing_ip6-ws-cl-ccd_Apple_iPhone_6_Cotton_Candy_3.jpeg', 0, 0, 0),
(379, 104, 'Bling_My_Thing_ip6-ws-cl-ccd_Apple_iPhone_6_Cotton_Candy_4.jpeg', 0, 0, 0),
(380, 105, 'Bling_My_Thing_ip6-pp-cl-cry_Apple_iPhone_6_Crystal_1.jpeg', 0, 0, 0),
(381, 105, 'Bling_My_Thing_ip6-pp-cl-cry_Apple_iPhone_6_Crystal_2.jpeg', 0, 1, 0),
(382, 105, 'Bling_My_Thing_ip6-pp-cl-cry_Apple_iPhone_6_Crystal_3.jpeg', 0, 0, 0),
(383, 105, 'Bling_My_Thing_ip6-pp-cl-cry_Apple_iPhone_6_Crystal_4.jpeg', 0, 0, 0),
(384, 106, 'Bling_My_Thing_ip6-pp-cl-ccd_Apple_iPhone_6_Cotton_Candy_1.jpeg', 0, 0, 0),
(385, 106, 'Bling_My_Thing_ip6-pp-cl-ccd_Apple_iPhone_6_Cotton_Candy_2.jpeg', 0, 1, 0),
(386, 106, 'Bling_My_Thing_ip6-pp-cl-ccd_Apple_iPhone_6_Cotton_Candy_3.jpeg', 0, 0, 0),
(387, 106, 'Bling_My_Thing_ip6-pp-cl-ccd_Apple_iPhone_6_Cotton_Candy_4.jpeg', 0, 0, 0),
(388, 107, 'Bling_My_Thing_ip6-pp-cl-pkm_Apple_iPhone_6_Pink_Mix_1.jpeg', 0, 0, 0),
(389, 107, 'Bling_My_Thing_ip6-pp-cl-pkm_Apple_iPhone_6_Pink_Mix_2.jpeg', 0, 1, 0),
(390, 107, 'Bling_My_Thing_ip6-pp-cl-pkm_Apple_iPhone_6_Pink_Mix_3.jpeg', 0, 0, 0),
(391, 107, 'Bling_My_Thing_ip6-pp-cl-pkm_Apple_iPhone_6_Pink_Mix_4.jpeg', 0, 0, 0),
(392, 108, 'Bling_My_Thing_ip6-mw-cl-cry_Apple_iPhone_6_Crystal_1.jpeg', 0, 0, 0),
(393, 108, 'Bling_My_Thing_ip6-mw-cl-cry_Apple_iPhone_6_Crystal_2.jpeg', 0, 1, 0),
(394, 108, 'Bling_My_Thing_ip6-mw-cl-cry_Apple_iPhone_6_Crystal_3.jpeg', 0, 0, 0),
(395, 108, 'Bling_My_Thing_ip6-mw-cl-cry_Apple_iPhone_6_Crystal_4.jpeg', 0, 0, 0),
(396, 109, 'Bling_My_Thing_ip6-mw-cl-ccd_Apple_iPhone_6_Cotton_Candy_1.jpeg', 0, 0, 0),
(397, 109, 'Bling_My_Thing_ip6-mw-cl-ccd_Apple_iPhone_6_Cotton_Candy_2.jpeg', 0, 1, 0),
(398, 109, 'Bling_My_Thing_ip6-mw-cl-ccd_Apple_iPhone_6_Cotton_Candy_3.jpeg', 0, 0, 0),
(399, 109, 'Bling_My_Thing_ip6-mw-cl-ccd_Apple_iPhone_6_Cotton_Candy_4.jpeg', 0, 0, 0),
(400, 110, 'Bling_My_Thing_ip6-mw-cl-pkm_Apple_iPhone_6_Pink_Mix_1.jpeg', 0, 0, 0),
(401, 110, 'Bling_My_Thing_ip6-mw-cl-pkm_Apple_iPhone_6_Pink_Mix_2.jpeg', 0, 1, 0),
(402, 110, 'Bling_My_Thing_ip6-mw-cl-pkm_Apple_iPhone_6_Pink_Mix_3.jpeg', 0, 0, 0),
(403, 110, 'Bling_My_Thing_ip6-mw-cl-pkm_Apple_iPhone_6_Pink_Mix_4.jpeg', 0, 0, 0),
(404, 111, 'Bling_My_Thing_ip6-mw-cl-agm_Apple_iPhone_6_Angel_Mix_1.jpeg', 0, 0, 0),
(405, 111, 'Bling_My_Thing_ip6-mw-cl-agm_Apple_iPhone_6_Angel_Mix_2.jpeg', 0, 1, 0),
(406, 111, 'Bling_My_Thing_ip6-mw-cl-agm_Apple_iPhone_6_Angel_Mix_3.jpeg', 0, 0, 0),
(407, 111, 'Bling_My_Thing_ip6-mw-cl-agm_Apple_iPhone_6_Angel_Mix_4.jpeg', 0, 0, 0),
(408, 112, 'Bling_My_Thing_ip6-pri-bk-non_Apple_iPhone_6_Black_1.jpeg', 0, 0, 0),
(409, 112, 'Bling_My_Thing_ip6-pri-bk-non_Apple_iPhone_6_Black_2.jpeg', 0, 1, 0),
(410, 112, 'Bling_My_Thing_ip6-pri-bk-non_Apple_iPhone_6_Black_3.jpeg', 0, 0, 0),
(411, 112, 'Bling_My_Thing_ip6-pri-bk-non_Apple_iPhone_6_Black_4.jpeg', 0, 0, 0),
(412, 112, 'Bling_My_Thing_Ayano_Primo_Apple_iPhone_6_Black_5.jpeg', 0, 0, 0),
(413, 113, 'Bling_My_Thing_ip6-pri-wt-non_Apple_iPhone_6_White_1.jpeg', 0, 0, 0),
(414, 113, 'Bling_My_Thing_ip6-pri-wt-non_Apple_iPhone_6_White_2.jpeg', 0, 1, 0),
(415, 113, 'Bling_My_Thing_ip6-pri-wt-non_Apple_iPhone_6_White_3.jpeg', 0, 0, 0),
(416, 113, 'Bling_My_Thing_ip6-pri-wt-non_Apple_iPhone_6_White_4.jpeg', 0, 0, 0),
(417, 113, 'Bling_My_Thing_Ayano_Primo_Apple_iPhone_6_White_5.jpeg', 0, 0, 0),
(418, 114, 'Bling_My_Thing_ip6-l-pri-bk-non_Apple_iPhone_6_Plus_Black_1.jpeg', 0, 0, 0),
(419, 114, 'Bling_My_Thing_ip6-l-pri-bk-non_Apple_iPhone_6_Plus_Black_2.jpeg', 0, 1, 0),
(420, 114, 'Bling_My_Thing_ip6-l-pri-bk-non_Apple_iPhone_6_Plus_Black_3.jpeg', 0, 0, 0),
(421, 114, 'Bling_My_Thing_ip6-l-pri-bk-non_Apple_iPhone_6_Plus_Black_4.jpeg', 0, 0, 0),
(422, 114, 'Bling_My_Thing_Ayano_Primo_Apple_iPhone_6_Plus_Black_5.jpeg', 0, 0, 0),
(423, 115, 'Bling_My_Thing_ip6-l-pri-wt-non_Apple_iPhone_6_Plus_White_1.jpeg', 0, 0, 0),
(424, 115, 'Bling_My_Thing_ip6-l-pri-wt-non_Apple_iPhone_6_Plus_White_2.jpeg', 0, 1, 0),
(425, 115, 'Bling_My_Thing_ip6-l-pri-wt-non_Apple_iPhone_6_Plus_White_3.jpeg', 0, 0, 0),
(426, 115, 'Bling_My_Thing_ip6-l-pri-wt-non_Apple_iPhone_6_Plus_White_4.jpeg', 0, 0, 0),
(427, 115, 'Bling_My_Thing_Ayano_Primo_Apple_iPhone_6_Plus_White_5.jpeg', 0, 0, 0),
(428, 116, 'Bling_My_Thing_ip6-l-ex-cl-ice_Apple_iPhone_6_Plus_Transparent_1.jpeg', 0, 0, 0),
(429, 116, 'Bling_My_Thing_ip6-l-ex-cl-ice_Apple_iPhone_6_Plus_Transparent_2.jpeg', 0, 1, 0),
(430, 116, 'Bling_My_Thing_ip6-l-ex-cl-ice_Apple_iPhone_6_Plus_Transparent_3.jpeg', 0, 0, 0),
(431, 116, 'Bling_My_Thing_ip6-l-ex-cl-ice_Apple_iPhone_6_Plus_Transparent_4.jpeg', 0, 0, 0),
(432, 116, 'Bling_My_Thing_Expression_Apple_iPhone_6_Plus_Transparent_5.jpeg', 0, 0, 0),
(433, 117, 'Bling_My_Thing_ip6-l-ms-cl-non_Apple_iPhone_6_Plus_Transparent_1.jpeg', 0, 0, 0),
(434, 117, 'Bling_My_Thing_ip6-l-ms-cl-non_Apple_iPhone_6_Plus_Transparent_2.jpeg', 0, 1, 0),
(435, 117, 'Bling_My_Thing_ip6-l-ms-cl-non_Apple_iPhone_6_Plus_Transparent_3.jpeg', 0, 0, 0),
(436, 117, 'Bling_My_Thing_ip6-l-ms-cl-non_Apple_iPhone_6_Plus_Transparent_4.jpeg', 0, 0, 0),
(437, 118, 'Bling_My_Thing_ip6-l-mtk-cl-non_Apple_iPhone_6_Plus_Transparent_1.jpeg', 0, 0, 0),
(438, 118, 'Bling_My_Thing_ip6-l-mtk-cl-non_Apple_iPhone_6_Plus_Transparent_2.jpeg', 0, 1, 0),
(439, 118, 'Bling_My_Thing_ip6-l-mtk-cl-non_Apple_iPhone_6_Plus_Transparent_3.jpeg', 0, 0, 0),
(440, 119, 'Bling_My_Thing_ip6-l-mtk-gy-non_Apple_iPhone_6_Plus_Tinted_Grey_1.jpeg', 0, 0, 0),
(441, 119, 'Bling_My_Thing_ip6-l-mtk-gy-non_Apple_iPhone_6_Plus_Tinted_Grey_2.jpeg', 0, 1, 0),
(442, 119, 'Bling_My_Thing_ip6-l-mtk-gy-non_Apple_iPhone_6_Plus_Tinted_Grey_3.jpeg', 0, 0, 0),
(443, 120, 'Bling_My_Thing_ip6-l-mtk-pk-non_Apple_iPhone_6_Plus_Tinted_Pink_1.jpeg', 0, 0, 0),
(444, 120, 'Bling_My_Thing_ip6-l-mtk-pk-non_Apple_iPhone_6_Plus_Tinted_Pink_2.jpeg', 0, 1, 0),
(445, 120, 'Bling_My_Thing_ip6-l-mtk-pk-non_Apple_iPhone_6_Plus_Tinted_Pink_3.jpeg', 0, 0, 0),
(466, 126, 'iLuv_Regatta_Apple_iPhone_6_Black_1.jpeg', 0, 0, 0),
(467, 126, 'iLuv_Regatta_Apple_iPhone_6_Black_2.jpeg', 0, 1, 0),
(468, 126, 'iLuv_Regatta_Apple_iPhone_6_Black_3.jpeg', 0, 0, 0),
(469, 127, 'iLuv_Regatta_Apple_iPhone_6_Blue_1.jpeg', 0, 0, 0),
(470, 127, 'iLuv_Regatta_Apple_iPhone_6_Blue_2.jpeg', 0, 1, 0),
(471, 127, 'iLuv_Regatta_Apple_iPhone_6_Blue_3.jpeg', 0, 0, 0),
(472, 128, 'iLuv_Regatta_Apple_iPhone_6_Pink_1.jpeg', 0, 0, 0),
(473, 128, 'iLuv_Regatta_Apple_iPhone_6_Pink_2.jpeg', 0, 1, 0),
(474, 128, 'iLuv_Regatta_Apple_iPhone_6_Pink_3.jpeg', 0, 0, 0),
(475, 129, 'iLuv_Regatta_Apple_iPhone_6_Teal_1.jpeg', 0, 0, 0),
(476, 129, 'iLuv_Regatta_Apple_iPhone_6_Teal_2.jpeg', 0, 1, 0),
(477, 129, 'iLuv_Regatta_Apple_iPhone_6_Teal_3.jpeg', 0, 0, 0),
(478, 130, 'iLuv_Regatta_Apple_iPhone_6_White_1.jpeg', 0, 0, 0),
(479, 130, 'iLuv_Regatta_Apple_iPhone_6_White_2.jpeg', 0, 1, 0),
(480, 130, 'iLuv_Regatta_Apple_iPhone_6_White_3.jpeg', 0, 0, 0),
(481, 131, 'iLuv_Regatta_Apple_iPhone_6_Yellow_1.jpeg', 0, 0, 0),
(482, 131, 'iLuv_Regatta_Apple_iPhone_6_Yellow_2.jpeg', 0, 1, 0),
(483, 131, 'iLuv_Regatta_Apple_iPhone_6_Yellow_3.jpeg', 0, 0, 0),
(484, 132, 'iLuv_Vyneer_Apple_iPhone_6_Black_1.jpeg', 0, 0, 0),
(485, 132, 'iLuv_Vyneer_Apple_iPhone_6_Black_2.jpeg', 0, 1, 0),
(486, 132, 'iLuv_Vyneer_Apple_iPhone_6_Black_3.jpeg', 0, 0, 0),
(487, 133, 'iLuv_Vyneer_Apple_iPhone_6_Blue_1.jpeg', 0, 0, 0),
(488, 133, 'iLuv_Vyneer_Apple_iPhone_6_Blue_2.jpeg', 0, 1, 0),
(489, 133, 'iLuv_Vyneer_Apple_iPhone_6_Blue_3.jpeg', 0, 0, 0),
(490, 134, 'iLuv_Vyneer_Apple_iPhone_6_Pink_1.jpeg', 0, 0, 0),
(491, 134, 'iLuv_Vyneer_Apple_iPhone_6_Pink_2.jpeg', 0, 1, 0),
(492, 134, 'iLuv_Vyneer_Apple_iPhone_6_Pink_3.jpeg', 0, 0, 0),
(493, 135, 'iLuv_Vyneer_Apple_iPhone_6_White_1.jpeg', 0, 0, 0),
(494, 135, 'iLuv_Vyneer_Apple_iPhone_6_White_2.jpeg', 0, 1, 0),
(495, 135, 'iLuv_Vyneer_Apple_iPhone_6_White_3.jpeg', 0, 0, 0),
(496, 136, 'iLuv_Gossamer_Apple_iPhone_6_Transparent_1.jpeg', 0, 0, 0),
(497, 136, 'iLuv_Gossamer_Apple_iPhone_6_Transparent_2.jpeg', 0, 1, 0),
(498, 136, 'iLuv_Gossamer_Apple_iPhone_6_Transparent_3.jpeg', 0, 0, 0),
(499, 137, 'iLuv_Regatta_Apple_iPhone_6_Plus_Black_1.jpeg', 0, 0, 0),
(500, 137, 'iLuv_Regatta_Apple_iPhone_6_Plus_Black_2.jpeg', 0, 1, 0),
(501, 137, 'iLuv_Regatta_Apple_iPhone_6_Plus_Black_3.jpeg', 0, 0, 0),
(502, 138, 'iLuv_Lay_Up_Apple_iPhone_6_Plus_Black_1.jpeg', 0, 0, 0),
(503, 138, 'iLuv_Lay_Up_Apple_iPhone_6_Plus_Black_2.jpeg', 0, 1, 0),
(504, 138, 'iLuv_Lay_Up_Apple_iPhone_6_Plus_Black_3.jpeg', 0, 0, 0),
(505, 138, 'iLuv_Lay_Up_Apple_iPhone_6_Plus_Black_4.jpeg', 0, 0, 0),
(506, 139, 'iLuv_Vyneer_Apple_iPhone_6_Plus_Black_1.jpeg', 0, 0, 0),
(507, 139, 'iLuv_Vyneer_Apple_iPhone_6_Plus_Black_2.jpeg', 0, 1, 0),
(508, 139, 'iLuv_Vyneer_Apple_iPhone_6_Plus_Black_3.jpeg', 0, 0, 0),
(509, 139, 'iLuv_Vyneer_Apple_iPhone_6_Plus_Black_4.jpeg', 0, 0, 0),
(510, 140, 'iLuv_Vyneer_Apple_iPhone_6_Plus_White_1.jpeg', 0, 0, 0),
(511, 140, 'iLuv_Vyneer_Apple_iPhone_6_Plus_White_2.jpeg', 0, 1, 0),
(512, 140, 'iLuv_Vyneer_Apple_iPhone_6_Plus_White_3.jpeg', 0, 0, 0),
(513, 140, 'iLuv_Vyneer_Apple_iPhone_6_Plus_White_4.jpeg', 0, 0, 0),
(514, 141, 'iLuv_Gelato_Apple_iPhone_6_Plus_Black_1.jpeg', 0, 0, 0),
(515, 141, 'iLuv_Gelato_Apple_iPhone_6_Plus_Black_2.jpeg', 0, 1, 0),
(516, 141, 'iLuv_Gelato_Apple_iPhone_6_Plus_Black_3.jpeg', 0, 0, 0),
(517, 142, 'iLuv_Gelato_Apple_iPhone_6_Plus_White_1.jpeg', 0, 0, 0),
(518, 142, 'iLuv_Gelato_Apple_iPhone_6_Plus_White_2.jpeg', 0, 1, 0),
(519, 142, 'iLuv_Gelato_Apple_iPhone_6_Plus_White_3.jpeg', 0, 0, 0),
(520, 143, 'iLuv_Gossamer_Apple_iPhone_6_Plus_Transparent_1.jpeg', 0, 0, 0),
(521, 143, 'iLuv_Gossamer_Apple_iPhone_6_Plus_Transparent_2.jpeg', 0, 1, 0),
(522, 143, 'iLuv_Gossamer_Apple_iPhone_6_Plus_Transparent_3.jpeg', 0, 0, 0),
(523, 144, 'Incipio_Feather_Apple_iPhone_6_Light_Blue_1.jpeg', 0, 0, 0),
(524, 145, 'Incipio_Feather_Shine_Apple_iPhone_6_Black_1.jpeg', 0, 0, 0),
(525, 145, 'Incipio_Feather_Shine_Apple_iPhone_6_Black_2.jpeg', 0, 1, 0),
(526, 145, 'Incipio_Feather_Shine_Apple_iPhone_6_Black_3.jpeg', 0, 0, 0),
(527, 145, 'Incipio_Feather_Shine_Apple_iPhone_6_Black_4.jpeg', 0, 0, 0),
(528, 146, 'Incipio_Feather_Shine_Apple_iPhone_6_Gold_1.jpeg', 0, 0, 0),
(529, 146, 'Incipio_Feather_Shine_Apple_iPhone_6_Gold_2.jpeg', 0, 1, 0),
(530, 146, 'Incipio_Feather_Shine_Apple_iPhone_6_Gold_3.jpeg', 0, 0, 0),
(531, 146, 'Incipio_Feather_Shine_Apple_iPhone_6_Gold_4.jpeg', 0, 0, 0),
(532, 147, 'Incipio_Feather_Shine_Apple_iPhone_6_Silver_1.jpeg', 0, 0, 0),
(533, 147, 'Incipio_Feather_Shine_Apple_iPhone_6_Silver_2.jpeg', 0, 1, 0),
(534, 147, 'Incipio_Feather_Shine_Apple_iPhone_6_Silver_3.jpeg', 0, 0, 0),
(535, 147, 'Incipio_Feather_Shine_Apple_iPhone_6_Silver_4.jpeg', 0, 0, 0),
(536, 148, 'Incipio_Highland_Apple_iPhone_6_White/Grey_1.jpeg', 0, 0, 0),
(537, 148, 'Incipio_Highland_Apple_iPhone_6_White/Grey_2.jpeg', 0, 1, 0),
(538, 148, 'Incipio_Highland_Apple_iPhone_6_White/Grey_3.jpeg', 0, 0, 0),
(539, 148, 'Incipio_Highland_Apple_iPhone_6_White/Grey_4.jpeg', 0, 0, 0),
(540, 149, 'Incipio_Octane_Apple_iPhone_6_Neon_Green_1.jpeg', 0, 0, 0),
(541, 150, 'Incipio_Octane_Apple_iPhone_6_Neon_Orange_1.jpeg', 0, 0, 0),
(542, 151, 'Incipio_Feather_Apple_iPhone_6_Plus_Black_1.jpeg', 0, 0, 0),
(543, 151, 'Incipio_Feather_Apple_iPhone_6_Plus_Black_2.jpeg', 0, 1, 0),
(544, 151, 'Incipio_Feather_Apple_iPhone_6_Plus_Black_3.jpeg', 0, 0, 0),
(545, 151, 'Incipio_Feather_Apple_iPhone_6_Plus_Black_4.jpeg', 0, 0, 0),
(546, 152, 'Incipio_Feather_Apple_iPhone_6_Plus_Light_Blue_1.jpeg', 0, 0, 0),
(547, 153, 'Incipio_Feather_Apple_iPhone_6_Plus_Transparent_1.jpeg', 0, 0, 0),
(548, 154, 'Incipio_Feather_Apple_iPhone_6_Plus_Pink_1.jpeg', 0, 0, 0),
(549, 154, 'Incipio_Feather_Apple_iPhone_6_Plus_Pink_2.jpeg', 0, 1, 0),
(550, 154, 'Incipio_Feather_Apple_iPhone_6_Plus_Pink_3.jpeg', 0, 0, 0),
(551, 154, 'Incipio_Feather_Apple_iPhone_6_Plus_Pink_4.jpeg', 0, 0, 0),
(552, 155, 'Incipio_Feather_Shine_Apple_iPhone_6_Plus_Black_1.jpeg', 0, 0, 0),
(553, 156, 'Incipio_Feather_Shine_Apple_iPhone_6_Plus_Silver_1.jpeg', 0, 0, 0),
(554, 157, 'Incipio_Feather_Shine_Apple_iPhone_6_Plus_Gold_1.jpeg', 0, 0, 0),
(555, 158, 'IO_Walk_Smart_Board_Black_1.jpeg', 0, 0, 0),
(556, 158, 'IO_Walk_Smart_Board_Black_2.jpeg', 0, 1, 0),
(557, 158, 'IO_Walk_Smart_Board_Black_3.jpeg', 0, 0, 0),
(558, 158, 'IO_Walk_Smart_Board_Black_4.jpeg', 0, 0, 0),
(559, 158, 'IO_Walk_Smart_Board_Black_5.jpeg', 0, 0, 0),
(560, 159, 'IO_Walk_Smart_Board_Blue_1.jpeg', 0, 0, 0),
(561, 159, 'IO_Walk_Smart_Board_Blue_2.jpeg', 0, 1, 0),
(562, 159, 'IO_Walk_Smart_Board_Blue_3.jpeg', 0, 0, 0),
(563, 159, 'IO_Walk_Smart_Board_Blue_4.jpeg', 0, 0, 0),
(564, 160, 'IO_Walk_Smart_Board_Red_1.jpeg', 0, 0, 0),
(565, 160, 'IO_Walk_Smart_Board_Red_2.jpeg', 0, 1, 0),
(566, 160, 'IO_Walk_Smart_Board_Red_3.jpeg', 0, 0, 0),
(567, 160, 'IO_Walk_Smart_Board_Red_4.jpeg', 0, 0, 0),
(568, 160, 'IO_Walk_Smart_Board_Red_5.jpeg', 0, 0, 0),
(569, 161, 'IO_Walk_Smart_Board_White_1.jpeg', 0, 0, 0),
(570, 161, 'IO_Walk_Smart_Board_White_2.jpeg', 0, 1, 0),
(571, 161, 'IO_Walk_Smart_Board_White_3.jpeg', 0, 0, 0),
(572, 161, 'IO_Walk_Smart_Board_White_4.jpeg', 0, 0, 0),
(573, 161, 'IO_Walk_Smart_Board_White_5.jpeg', 0, 0, 0),
(574, 162, 'IO_Walk_Smart_Board_Yellow_1.jpeg', 0, 0, 0),
(575, 162, 'IO_Walk_Smart_Board_Yellow_2.jpeg', 0, 1, 0),
(576, 162, 'IO_Walk_Smart_Board_Yellow_3.jpeg', 0, 0, 0),
(577, 162, 'IO_Walk_Smart_Board_Yellow_4.jpeg', 0, 0, 0),
(578, 162, 'IO_Walk_Smart_Board_Yellow_5.jpeg', 0, 0, 0),
(579, 163, 'Fitbit_Surge_Black_Large_1.jpeg', 0, 0, 0),
(580, 163, 'Fitbit_Surge_Black_Large_2.jpeg', 0, 1, 0),
(581, 163, 'Fitbit_Surge_Black_Large_3.jpeg', 0, 0, 0),
(582, 163, 'Fitbit_Surge_Black_Large_4.jpeg', 0, 0, 0),
(583, 163, 'Fitbit_Surge_Black_Large_5.jpeg', 0, 0, 0),
(584, 163, 'Fitbit_Surge_Black_Large_6.jpeg', 0, 0, 0),
(585, 164, 'Fitbit_Surge_Tangerine_Large_1.jpeg', 0, 0, 0),
(586, 164, 'Fitbit_Surge_Tangerine_Large_2.jpeg', 0, 1, 0),
(587, 164, 'Fitbit_Surge_Tangerine_Large_3.jpeg', 0, 0, 0),
(588, 164, 'Fitbit_Surge_Tangerine_Large_4.jpeg', 0, 0, 0),
(589, 164, 'Fitbit_Surge_Tangerine_Large_5.jpeg', 0, 0, 0),
(590, 164, 'Fitbit_Surge_Tangerine_Large_6.jpeg', 0, 0, 0),
(591, 165, 'Fitbit_Surge_Black_Small_1.jpeg', 0, 0, 0),
(592, 165, 'Fitbit_Surge_Black_Small_2.jpeg', 0, 1, 0),
(593, 165, 'Fitbit_Surge_Black_Small_3.jpeg', 0, 0, 0),
(594, 165, 'Fitbit_Surge_Black_Small_4.jpeg', 0, 0, 0),
(595, 165, 'Fitbit_Surge_Black_Small_5.jpeg', 0, 0, 0),
(596, 165, 'Fitbit_Surge_Black_Small_6.jpeg', 0, 0, 0),
(597, 166, 'Fitbit_Surge_Tangerine_Small_1.jpeg', 0, 0, 0),
(598, 166, 'Fitbit_Surge_Tangerine_Small_2.jpeg', 0, 1, 0),
(599, 166, 'Fitbit_Surge_Tangerine_Small_3.jpeg', 0, 0, 0),
(600, 166, 'Fitbit_Surge_Tangerine_Small_4.jpeg', 0, 0, 0),
(601, 166, 'Fitbit_Surge_Tangerine_Small_5.jpeg', 0, 0, 0),
(602, 166, 'Fitbit_Surge_Tangerine_Small_6.jpeg', 0, 0, 0),
(603, 167, 'Fitbit_Charge_HR_Black_Large_1.jpeg', 0, 0, 0),
(604, 167, 'Fitbit_Charge_HR_Black_Large_2.jpeg', 0, 1, 0),
(605, 167, 'Fitbit_Charge_HR_Black_Large_3.jpeg', 0, 0, 0),
(606, 167, 'Fitbit_Charge_HR_Black_Large_4.jpeg', 0, 0, 0),
(607, 167, 'Fitbit_Charge_HR_Black_Large_5.jpeg', 0, 0, 0),
(608, 168, 'Fitbit_Charge_HR_Plum_Large_1.jpeg', 0, 0, 0),
(609, 168, 'Fitbit_Charge_HR_Plum_Large_2.jpeg', 0, 1, 0),
(610, 168, 'Fitbit_Charge_HR_Plum_Large_3.jpeg', 0, 0, 0),
(611, 168, 'Fitbit_Charge_HR_Plum_Large_4.jpeg', 0, 0, 0),
(612, 168, 'Fitbit_Charge_HR_Plum_Large_5.jpeg', 0, 0, 0),
(613, 169, 'Fitbit_Charge_HR_Teal_Large_1.jpeg', 0, 0, 0),
(614, 169, 'Fitbit_Charge_HR_Teal_Large_2.jpeg', 0, 1, 0),
(615, 169, 'Fitbit_Charge_HR_Teal_Large_3.jpeg', 0, 0, 0),
(616, 170, 'Fitbit_Charge_HR_Black_Small_1.jpeg', 0, 0, 0),
(617, 170, 'Fitbit_Charge_HR_Black_Small_2.jpeg', 0, 1, 0),
(618, 170, 'Fitbit_Charge_HR_Black_Small_3.jpeg', 0, 0, 0),
(619, 170, 'Fitbit_Charge_HR_Black_Small_4.jpeg', 0, 0, 0),
(620, 170, 'Fitbit_Charge_HR_Black_Small_5.jpeg', 0, 0, 0),
(621, 171, 'Fitbit_Charge_HR_Blue_Small_1.jpeg', 0, 0, 0),
(622, 171, 'Fitbit_Charge_HR_Blue_Small_2.jpeg', 0, 1, 0),
(623, 171, 'Fitbit_Charge_HR_Blue_Small_3.jpeg', 0, 0, 0),
(624, 171, 'Fitbit_Charge_HR_Blue_Small_4.jpeg', 0, 0, 0),
(625, 171, 'Fitbit_Charge_HR_Blue_Small_5.jpeg', 0, 0, 0),
(626, 171, 'Fitbit_Charge_HR_Blue_Small_6.jpeg', 0, 0, 0),
(627, 172, 'Fitbit_Charge_Black_Large_1.jpeg', 0, 0, 0),
(628, 172, 'Fitbit_Charge_Black_Large_2.jpeg', 0, 1, 0),
(629, 172, 'Fitbit_Charge_Black_Large_3.jpeg', 0, 0, 0),
(630, 172, 'Fitbit_Charge_Black_Large_4.jpeg', 0, 0, 0),
(631, 172, 'Fitbit_Charge_Black_Large_5.jpeg', 0, 0, 0),
(632, 172, 'Fitbit_Charge_Black_Large_6.jpeg', 0, 0, 0),
(633, 173, 'Fitbit_Aria_Black_1.jpeg', 0, 0, 0),
(634, 173, 'Fitbit_Aria_Black_2.jpeg', 0, 1, 0),
(635, 173, 'Fitbit_Aria_Black_3.jpeg', 0, 0, 0),
(636, 173, 'Fitbit_Aria_Black_4.jpeg', 0, 0, 0),
(637, 174, 'DJI_Osmo_X3_Black_1.jpeg', 0, 0, 0),
(638, 174, 'DJI_Osmo_X3_Black_2.jpeg', 0, 1, 0),
(639, 174, 'DJI_Osmo_X3_Black_3.jpeg', 0, 0, 0),
(640, 174, 'DJI_Osmo_X3_Black_4.jpeg', 0, 0, 0),
(641, 174, 'DJI_Osmo_X3_Black_5.jpeg', 0, 0, 0),
(642, 174, 'DJI_Osmo_X3_Black_6.jpeg', 0, 0, 0),
(643, 174, 'DJI_Osmo_X3_Black_7.jpeg', 0, 0, 0),
(644, 175, 'Parrot_Bebop_Drone_Red_12.jpeg', 0, 0, 0),
(645, 175, 'Parrot_Bebop_Drone_Red_2.jpeg', 0, 1, 0),
(646, 175, 'Parrot_Bebop_Drone_Red_3.jpeg', 0, 0, 0),
(647, 175, 'Parrot_Bebop_Drone_Red_4.jpeg', 0, 0, 0),
(648, 175, 'Parrot_Bebop_Drone_Red_5.jpeg', 0, 0, 0),
(649, 175, 'Parrot_Bebop_Drone_Red_6.jpeg', 0, 0, 0),
(650, 175, 'Parrot_Bebop_Drone_Red_73.jpeg', 0, 0, 0),
(651, 176, 'Parrot_Bebop_Drone_Blue_12.jpeg', 0, 0, 0),
(652, 176, 'Parrot_Bebop_Drone_Blue_2.jpeg', 0, 1, 0),
(653, 176, 'Parrot_Bebop_Drone_Blue_3.jpeg', 0, 0, 0),
(654, 176, 'Parrot_Bebop_Drone_Blue_4.jpeg', 0, 0, 0),
(655, 176, 'Parrot_Bebop_Drone_Blue_5.jpeg', 0, 0, 0),
(656, 176, 'Parrot_Bebop_Drone_Blue_6.jpeg', 0, 0, 0),
(657, 176, 'Parrot_Bebop_Drone_Blue_72.jpeg', 0, 0, 0),
(658, 177, 'Nespresso_Inissia_Krups_White_1.jpeg', 0, 0, 0),
(659, 177, 'Nespresso_Inissia_Krups_White_2.jpeg', 0, 1, 0),
(660, 177, 'Nespresso_Inissia_Krups_White_3.jpeg', 0, 0, 0),
(661, 177, 'Nespresso_Inissia_Krups_White_4.jpeg', 0, 0, 0),
(662, 177, 'Nespresso_Inissia_Krups_White_5.jpeg', 0, 0, 0),
(663, 178, 'Nespresso_Citiz_&_Milk_Krups_Red_1.jpeg', 0, 0, 0),
(664, 178, 'Nespresso_Citiz_&_Milk_Krups_Red_2.jpeg', 0, 1, 0),
(665, 178, 'Nespresso_Citiz_&_Milk_Krups_Red_3.jpeg', 0, 0, 0),
(666, 178, 'Nespresso_Citiz_&_Milk_Krups_Red_4.jpeg', 0, 0, 0),
(667, 178, 'Nespresso_Citiz_&_Milk_Krups_Red_5.jpeg', 0, 0, 0),
(668, 179, 'Nespresso_Citiz_&_Milk_Krups_Titanium_1.jpeg', 0, 0, 0),
(669, 179, 'Nespresso_Citiz_&_Milk_Krups_Titanium_2.jpeg', 0, 1, 0),
(670, 179, 'Nespresso_Citiz_&_Milk_Krups_Titanium_3.jpeg', 0, 0, 0),
(671, 179, 'Nespresso_Citiz_&_Milk_Krups_Titanium_4.jpeg', 0, 0, 0),
(672, 179, 'Nespresso_Citiz_&_Milk_Krups_Titanium_5.jpeg', 0, 0, 0),
(673, 180, 'Nespresso_Lattisima_Plus_Delonghi_Red_1.jpeg', 0, 0, 0),
(674, 180, 'Nespresso_Lattisima_Plus_Delonghi_Red_2.jpeg', 0, 1, 0),
(675, 180, 'Nespresso_Lattisima_Plus_Delonghi_Red_3.jpeg', 0, 0, 0),
(676, 181, 'B&O_Beoplay_H8_Wireless_Headphone_Gray_Hazel_1.jpeg', 0, 0, 0),
(677, 181, 'B&O_Beoplay_H8_Wireless_Headphone_Gray_Hazel_2.jpeg', 0, 1, 0),
(678, 181, 'B&O_Beoplay_H8_Wireless_Headphone_Gray_Hazel_3.jpeg', 0, 0, 0),
(679, 182, 'B&O_Beoplay_H8_Wireless_Headphone_Argilla_Bright_1.jpeg', 0, 0, 0),
(680, 182, 'B&O_Beoplay_H8_Wireless_Headphone_Argilla_Bright_2.jpeg', 0, 1, 0),
(681, 182, 'B&O_Beoplay_H8_Wireless_Headphone_Argilla_Bright_3.jpeg', 0, 0, 0),
(682, 183, 'B&O_Beoplay_H6_Headphone_Black_1.jpeg', 0, 0, 0),
(683, 183, 'B&O_Beoplay_H6_Headphone_Black_2.jpeg', 0, 1, 0),
(684, 183, 'B&O_Beoplay_H6_Headphone_Black_3.jpeg', 0, 0, 0),
(685, 183, 'B&O_Beoplay_H6_Headphone_Black_4.jpeg', 0, 0, 0),
(686, 184, 'B&O_Beoplay_H6_Headphone_Natural_1.jpeg', 0, 0, 0),
(687, 184, 'B&O_Beoplay_H6_Headphone_Natural_2.jpeg', 0, 1, 0),
(688, 184, 'B&O_Beoplay_H6_Headphone_Natural_3.jpeg', 0, 0, 0),
(689, 184, 'B&O_Beoplay_H6_Headphone_Natural_4.jpeg', 0, 0, 0),
(690, 185, 'B&O_Beoplay_H6_Headphone_Black_Golden_1.jpeg', 0, 0, 0),
(691, 185, 'B&O_Beoplay_H6_Headphone_Black_Golden_2.jpeg', 0, 1, 0),
(692, 185, 'B&O_Beoplay_H6_Headphone_Black_Golden_3.jpeg', 0, 0, 0),
(693, 185, 'B&O_Beoplay_H6_Headphone_Black_Golden_4.jpeg', 0, 0, 0),
(694, 185, 'B&O_Beoplay_H6_Headphone_Black_Golden_5.jpeg', 0, 0, 0),
(695, 186, 'B&O_Beoplay_H2_Headphone_Carbon_Blue_1.jpeg', 0, 0, 0),
(696, 186, 'B&O_Beoplay_H2_Headphone_Carbon_Blue_2.jpeg', 0, 1, 0),
(697, 186, 'B&O_Beoplay_H2_Headphone_Carbon_Blue_3.jpeg', 0, 0, 0),
(698, 186, 'B&O_Beoplay_H2_Headphone_Carbon_Blue_4.jpeg', 0, 0, 0),
(699, 186, 'B&O_Beoplay_H2_Headphone_Carbon_Blue_5.jpeg', 0, 0, 0),
(700, 187, 'B&O_Beoplay_H2_Headphone_Feldspar_Green_1.jpeg', 0, 0, 0),
(701, 187, 'B&O_Beoplay_H2_Headphone_Feldspar_Green_2.jpeg', 0, 1, 0),
(702, 187, 'B&O_Beoplay_H2_Headphone_Feldspar_Green_3.jpeg', 0, 0, 0),
(703, 187, 'B&O_Beoplay_H2_Headphone_Feldspar_Green_4.jpeg', 0, 0, 0),
(704, 187, 'B&O_Beoplay_H2_Headphone_Feldspar_Green_5.jpeg', 0, 0, 0),
(705, 188, 'B&O_Beoplay_H2_Headphone_Silver_Cloud', 0, 0, 0),
(706, 188, 'B&O_Beoplay_H2_Headphone_Silver_Cloud', 0, 1, 0),
(707, 188, 'B&O_Beoplay_H2_Headphone_Silver_Cloud', 0, 0, 0),
(708, 188, 'B&O_Beoplay_H2_Headphone_Silver_Cloud', 0, 0, 0),
(709, 188, 'B&O_Beoplay_H2_Headphone_Silver_Cloud', 0, 0, 0),
(710, 189, 'B&O_Form_2_Headphone_Orange_1.jpeg', 0, 0, 0),
(711, 189, 'B&O_Form_2_Headphone_Orange_2.jpeg', 0, 1, 0),
(712, 189, 'B&O_Form_2_Headphone_Orange_3.jpeg', 0, 0, 0),
(713, 190, 'B&O_Form_2_Headphone_Yellow_1.jpeg', 0, 0, 0),
(714, 190, 'B&O_Form_2_Headphone_Yellow_2.jpeg', 0, 1, 0),
(715, 190, 'B&O_Form_2_Headphone_Yellow_3.jpeg', 0, 0, 0),
(716, 191, 'B&O_Beoplay_H3_Earphone_Golden_1.jpeg', 0, 0, 0),
(717, 191, 'B&O_Beoplay_H3_Earphone_Golden_2.jpeg', 0, 1, 0),
(718, 191, 'B&O_Beoplay_H3_Earphone_Golden_3.jpeg', 0, 0, 0),
(719, 192, 'B&O_Beoplay_H3_Earphone_Red_1.jpeg', 0, 0, 0),
(720, 192, 'B&O_Beoplay_H3_Earphone_Red_2.jpeg', 0, 1, 0),
(721, 192, 'B&O_Beoplay_H3_Earphone_Red_3.jpeg', 0, 0, 0),
(722, 193, 'B&O_Beoplay_H3_Earphone_Black_1.jpeg', 0, 0, 0),
(723, 193, 'B&O_Beoplay_H3_Earphone_Black_2.jpeg', 0, 1, 0),
(724, 193, 'B&O_Beoplay_H3_Earphone_Black_3.jpeg', 0, 0, 0),
(725, 194, 'B&O_Earset_3i_Earphone_Black_1.jpeg', 0, 0, 0),
(726, 194, 'B&O_Earset_3i_Earphone_Black_2.jpeg', 0, 1, 0),
(727, 194, 'B&O_Earset_3i_Earphone_Black_3.jpeg', 0, 0, 0),
(728, 194, 'B&O_Earset_3i_Earphone_Black_4.jpeg', 0, 0, 0),
(729, 195, 'B&O_Earset_3i_Earphone_White_1.jpeg', 0, 0, 0),
(730, 195, 'B&O_Earset_3i_Earphone_White_2.jpeg', 0, 1, 0),
(731, 195, 'B&O_Earset_3i_Earphone_White_3.jpeg', 0, 0, 0),
(732, 195, 'B&O_Earset_3i_Earphone_White_4.jpeg', 0, 0, 0),
(733, 196, 'Bowers&Wilkins_P5_Headphone_Black_1.jpeg', 0, 0, 0),
(734, 196, 'Bowers&Wilkins_P5_Headphone_Black_2.jpeg', 0, 1, 0),
(735, 196, 'Bowers&Wilkins_P5_Headphone_Black_3.jpeg', 0, 0, 0),
(736, 197, 'Bowers&Wilkins_P7_Headphone_Black_1.jpeg', 0, 0, 0),
(737, 197, 'Bowers&Wilkins_P7_Headphone_Black_2.jpeg', 0, 1, 0),
(738, 197, 'Bowers&Wilkins_P7_Headphone_Black_3.jpeg', 0, 0, 0),
(739, 198, 'Bowers&Wilkins_P3_Headphone_Red_1.jpeg', 0, 0, 0);
INSERT INTO `productimage` (`id`, `product`, `image`, `is_default`, `order`, `status`) VALUES
(740, 198, 'Bowers&Wilkins_P3_Headphone_Red_2.jpeg', 0, 1, 0),
(741, 198, 'Bowers&Wilkins_P3_Headphone_Red_3.jpeg', 0, 0, 0),
(742, 199, 'Bowers&Wilkins_P3_Headphone_White_1.jpeg', 0, 0, 0),
(743, 199, 'Bowers&Wilkins_P3_Headphone_White_2.jpeg', 0, 1, 0),
(744, 199, 'Bowers&Wilkins_P3_Headphone_White_3.jpeg', 0, 0, 0),
(745, 200, 'Bowers&Wilkins_P3_Headphone_Blue_1.jpeg', 0, 0, 0),
(746, 200, 'Bowers&Wilkins_P3_Headphone_Blue_2.jpeg', 0, 1, 0),
(747, 200, 'Bowers&Wilkins_P3_Headphone_Blue_3.jpeg', 0, 0, 0),
(748, 200, 'Bowers&Wilkins_P3_Headphone_Blue_4.jpeg', 0, 0, 0),
(749, 201, 'Bowers&Wilkins_P3_Headphone_Black_1.jpeg', 0, 0, 0),
(750, 201, 'Bowers&Wilkins_P3_Headphone_Black_2.jpeg', 0, 1, 0),
(751, 201, 'Bowers&Wilkins_P3_Headphone_Black_3.jpeg', 0, 0, 0),
(752, 201, 'Bowers&Wilkins_P3_Headphone_Black_4.jpeg', 0, 0, 0),
(753, 202, 'Bowers&Wilkins_P5_Wireless_Headphone_Black_1.jpeg', 0, 0, 0),
(754, 202, 'Bowers&Wilkins_P5_Wireless_Headphone_Black_2.jpeg', 0, 1, 0),
(755, 202, 'Bowers&Wilkins_P5_Wireless_Headphone_Black_3.jpeg', 0, 0, 0),
(756, 202, 'Bowers&Wilkins_P5_Wireless_Headphone_Black_4.jpeg', 0, 0, 0),
(757, 203, 'Bowers&Wilkins_C5_Series_2_Earphone_Black_1.jpeg', 0, 0, 0),
(758, 203, 'Bowers&Wilkins_C5_Series_2_Earphone_Black_2.jpeg', 0, 1, 0),
(759, 203, 'Bowers&Wilkins_C5_Series_2_Earphone_Black_3.jpeg', 0, 0, 0),
(760, 203, 'Bowers&Wilkins_C5_Series_2_Earphone_Black_4.jpeg', 0, 0, 0),
(761, 204, 'Urbanears_Plattan_Headphone_White_1.jpeg', 0, 0, 0),
(762, 204, 'Urbanears_Plattan_Headphone_White_2.jpeg', 0, 1, 0),
(763, 204, 'Urbanears_Plattan_Headphone_White_3.jpeg', 0, 0, 0),
(764, 204, 'Urbanears_Plattan_Headphone_White_4.jpeg', 0, 0, 0),
(765, 205, 'Urbanears_Plattan_Headphone_Coral_1.jpeg', 0, 0, 0),
(766, 205, 'Urbanears_Plattan_Headphone_Coral_2.jpeg', 0, 1, 0),
(767, 205, 'Urbanears_Plattan_Headphone_Coral_3.jpeg', 0, 0, 0),
(768, 205, 'Urbanears_Plattan_Headphone_Coral_4.jpeg', 0, 0, 0),
(769, 206, 'Urbanears_Zinken_Headphone_Tomato_1.jpeg', 0, 0, 0),
(770, 206, 'Urbanears_Zinken_Headphone_Tomato_2.jpeg', 0, 1, 0),
(771, 206, 'Urbanears_Zinken_Headphone_Tomato_3.jpeg', 0, 0, 0),
(772, 206, 'Urbanears_Zinken_Headphone_Tomato_4.jpeg', 0, 0, 0),
(773, 206, 'Urbanears_Zinken_Headphone_Tomato_5.jpeg', 0, 0, 0),
(774, 207, 'Urbanears_Zinken_Headphone_White_1.jpeg', 0, 0, 0),
(775, 207, 'Urbanears_Zinken_Headphone_White_2.jpeg', 0, 1, 0),
(776, 207, 'Urbanears_Zinken_Headphone_White_3.jpeg', 0, 0, 0),
(777, 207, 'Urbanears_Zinken_Headphone_White_4.jpeg', 0, 0, 0),
(778, 207, 'Urbanears_Zinken_Headphone_White_5.jpeg', 0, 0, 0),
(779, 208, 'Urbanears_Zinken_Headphone_Black_1.jpeg', 0, 0, 0),
(780, 208, 'Urbanears_Zinken_Headphone_Black_2.jpeg', 0, 1, 0),
(781, 208, 'Urbanears_Zinken_Headphone_Black_3.jpeg', 0, 0, 0),
(782, 208, 'Urbanears_Zinken_Headphone_Black_4.jpeg', 0, 0, 0),
(783, 208, 'Urbanears_Zinken_Headphone_Black_5.jpeg', 0, 0, 0),
(784, 209, 'Urbanears_Zinken_Headphone_Grape_1.jpeg', 0, 0, 0),
(785, 209, 'Urbanears_Zinken_Headphone_Grape_2.jpeg', 0, 1, 0),
(786, 209, 'Urbanears_Zinken_Headphone_Grape_3.jpeg', 0, 0, 0),
(787, 209, 'Urbanears_Zinken_Headphone_Grape_4.jpeg', 0, 0, 0),
(788, 209, 'Urbanears_Zinken_Headphone_Grape_5.jpeg', 0, 0, 0),
(789, 210, 'Urbanears_Medis_Earphone_White_1.jpeg', 0, 0, 0),
(790, 210, 'Urbanears_Medis_Earphone_White_2.jpeg', 0, 1, 0),
(791, 210, 'Urbanears_Medis_Earphone_White_3.jpeg', 0, 0, 0),
(792, 210, 'Urbanears_Medis_Earphone_White_4.jpeg', 0, 0, 0),
(793, 211, 'Urbanears_Medis_Earphone_Mocca_1.jpeg', 0, 0, 0),
(794, 211, 'Urbanears_Medis_Earphone_Mocca_2.jpeg', 0, 1, 0),
(795, 211, 'Urbanears_Medis_Earphone_Mocca_3.jpeg', 0, 0, 0),
(796, 211, 'Urbanears_Medis_Earphone_Mocca_4.jpeg', 0, 0, 0),
(797, 212, 'Urbanears_Medis_Earphone_Mustard_1.jpeg', 0, 0, 0),
(798, 212, 'Urbanears_Medis_Earphone_Mustard_2.jpeg', 0, 1, 0),
(799, 212, 'Urbanears_Medis_Earphone_Mustard_3.jpeg', 0, 0, 0),
(800, 212, 'Urbanears_Medis_Earphone_Mustard_4.jpeg', 0, 0, 0),
(801, 213, 'Urbanears_Medis_Earphone_Pumpkin_1.jpeg', 0, 0, 0),
(802, 213, 'Urbanears_Medis_Earphone_Pumpkin_2.jpeg', 0, 1, 0),
(803, 213, 'Urbanears_Medis_Earphone_Pumpkin_3.jpeg', 0, 0, 0),
(804, 214, 'Beats_By_Dre_Power_Beats_Earphone_White_1.jpeg', 0, 0, 0),
(805, 214, 'Beats_By_Dre_Power_Beats_Earphone_White_2.jpeg', 0, 1, 0),
(806, 214, 'Beats_By_Dre_Power_Beats_Earphone_White_3.jpeg', 0, 0, 0),
(807, 214, 'Beats_By_Dre_Power_Beats_Earphone_White_4.jpeg', 0, 0, 0),
(808, 215, 'Beats_By_Dre_Power_Beats_Earphone_Red_1.jpeg', 0, 0, 0),
(809, 215, 'Beats_By_Dre_Power_Beats_Earphone_Red_2.jpeg', 0, 1, 0),
(810, 215, 'Beats_By_Dre_Power_Beats_Earphone_Red_3.jpeg', 0, 0, 0),
(811, 215, 'Beats_By_Dre_Power_Beats_Earphone_Red_4.jpeg', 0, 0, 0),
(812, 216, 'Beats_By_Dre_Power_Beats_Earphone_Black_1.jpeg', 0, 0, 0),
(813, 216, 'Beats_By_Dre_Power_Beats_Earphone_Black_2.jpeg', 0, 1, 0),
(814, 216, 'Beats_By_Dre_Power_Beats_Earphone_Black_3.jpeg', 0, 0, 0),
(815, 216, 'Beats_By_Dre_Power_Beats_Earphone_Black_4.jpeg', 0, 0, 0),
(816, 217, 'Beats_By_Dre_Urbeats_Earphone_Black_1.jpeg', 0, 0, 0),
(817, 217, 'Beats_By_Dre_Urbeats_Earphone_Black_2.jpeg', 0, 1, 0),
(818, 217, 'Beats_By_Dre_Urbeats_Earphone_Black_3.jpeg', 0, 0, 0),
(819, 217, 'Beats_By_Dre_Urbeats_Earphone_Black_4.jpeg', 0, 0, 0),
(820, 217, 'Beats_By_Dre_Urbeats_Earphone_Black_5.jpeg', 0, 0, 0),
(821, 218, 'Beats_By_Dre_Urbeats_Earphone_Red_1.jpeg', 0, 0, 0),
(822, 218, 'Beats_By_Dre_Urbeats_Earphone_Red_2.jpeg', 0, 1, 0),
(823, 218, 'Beats_By_Dre_Urbeats_Earphone_Red_3.jpeg', 0, 0, 0),
(824, 218, 'Beats_By_Dre_Urbeats_Earphone_Red_4.jpeg', 0, 0, 0),
(825, 219, 'Beats_By_Dre_Urbeats_Earphone_Gold_1.jpeg', 0, 0, 0),
(826, 219, 'Beats_By_Dre_Urbeats_Earphone_Gold_2.jpeg', 0, 1, 0),
(827, 219, 'Beats_By_Dre_Urbeats_Earphone_Gold_3.jpeg', 0, 0, 0),
(828, 219, 'Beats_By_Dre_Urbeats_Earphone_Gold_4.jpeg', 0, 0, 0),
(829, 220, 'Beats_By_Dre_Urbeats_Earphone_White_1.jpeg', 0, 0, 0),
(830, 220, 'Beats_By_Dre_Urbeats_Earphone_White_2.jpeg', 0, 1, 0),
(831, 220, 'Beats_By_Dre_Urbeats_Earphone_White_3.jpeg', 0, 0, 0),
(832, 220, 'Beats_By_Dre_Urbeats_Earphone_White_4.jpeg', 0, 0, 0),
(833, 221, 'Beats_By_Dre_Tour2_Earphone_Black_1.jpeg', 0, 0, 0),
(834, 221, 'Beats_By_Dre_Tour2_Earphone_Black_2.jpeg', 0, 1, 0),
(835, 221, 'Beats_By_Dre_Tour2_Earphone_Black_3.jpeg', 0, 0, 0),
(836, 221, 'Beats_By_Dre_Tour2_Earphone_Black_4.jpeg', 0, 0, 0),
(837, 221, 'Beats_By_Dre_Tour2_Earphone_Black_5.jpeg', 0, 0, 0),
(838, 222, 'Beats_By_Dre_Tour2_Earphone_White_1.jpeg', 0, 0, 0),
(839, 222, 'Beats_By_Dre_Tour2_Earphone_White_2.jpeg', 0, 1, 0),
(840, 222, 'Beats_By_Dre_Tour2_Earphone_White_3.jpeg', 0, 0, 0),
(841, 222, 'Beats_By_Dre_Tour2_Earphone_White_4.jpeg', 0, 0, 0),
(842, 223, 'Beats_By_Dre_Tour2_Earphone_Red_1.jpeg', 0, 0, 0),
(843, 223, 'Beats_By_Dre_Tour2_Earphone_Red_2.jpeg', 0, 1, 0),
(844, 223, 'Beats_By_Dre_Tour2_Earphone_Red_3.jpeg', 0, 0, 0),
(845, 223, 'Beats_By_Dre_Tour2_Earphone_Red_4.jpeg', 0, 0, 0),
(846, 224, 'Beats_By_Dre_Power_Beats2_Wireless_Earphone_White_1.jpeg', 0, 0, 0),
(847, 224, 'Beats_By_Dre_Power_Beats2_Wireless_Earphone_White_2.jpeg', 0, 1, 0),
(848, 224, 'Beats_By_Dre_Power_Beats2_Wireless_Earphone_White_3.jpeg', 0, 0, 0),
(849, 224, 'Beats_By_Dre_Power_Beats2_Wireless_Earphone_White_4.jpeg', 0, 0, 0),
(850, 224, 'Beats_By_Dre_Power_Beats2_Wireless_Earphone_White_5.jpeg', 0, 0, 0),
(851, 225, 'Beats_By_Dre_Power_Beats2_Wireless_Earphone_Red_1.jpeg', 0, 0, 0),
(852, 225, 'Beats_By_Dre_Power_Beats2_Wireless_Earphone_Red_2.jpeg', 0, 1, 0),
(853, 225, 'Beats_By_Dre_Power_Beats2_Wireless_Earphone_Red_3.jpeg', 0, 0, 0),
(854, 225, 'Beats_By_Dre_Power_Beats2_Wireless_Earphone_Red_4.jpeg', 0, 0, 0),
(855, 226, 'Beats_By_Dre_Power_Beats2_Wireless_Earphone_Black_1.jpeg', 0, 0, 0),
(856, 226, 'Beats_By_Dre_Power_Beats2_Wireless_Earphone_Black_2.jpeg', 0, 1, 0),
(857, 226, 'Beats_By_Dre_Power_Beats2_Wireless_Earphone_Black_3.jpeg', 0, 0, 0),
(858, 226, 'Beats_By_Dre_Power_Beats2_Wireless_Earphone_Black_4.jpeg', 0, 0, 0),
(859, 226, 'Beats_By_Dre_Power_Beats2_Wireless_Earphone_Black_5.jpeg', 0, 0, 0),
(860, 227, 'Beats_By_Dre_Power_Beats2_Wireless_Earphone_Blue_1.jpeg', 0, 0, 0),
(861, 227, 'Beats_By_Dre_Power_Beats2_Wireless_Earphone_Blue_2.jpeg', 0, 1, 0),
(862, 227, 'Beats_By_Dre_Power_Beats2_Wireless_Earphone_Blue_3.jpeg', 0, 0, 0),
(863, 227, 'Beats_By_Dre_Power_Beats2_Wireless_Earphone_Blue_4.jpeg', 0, 0, 0),
(864, 227, 'Beats_By_Dre_Power_Beats2_Wireless_Earphone_Blue_5.jpeg', 0, 0, 0),
(865, 228, 'Beats_By_Dre_Studio_Headphone_Orange_1.jpeg', 0, 0, 0),
(866, 228, 'Beats_By_Dre_Studio_Headphone_Orange_2.jpeg', 0, 1, 0),
(867, 228, 'Beats_By_Dre_Studio_Headphone_Orange_3.jpeg', 0, 0, 0),
(868, 228, 'Beats_By_Dre_Studio_Headphone_Orange_4.jpeg', 0, 0, 0),
(869, 229, 'Beats_By_Dre_Studio_Headphone_Pink_1.jpeg', 0, 0, 0),
(870, 229, 'Beats_By_Dre_Studio_Headphone_Pink_2.jpeg', 0, 1, 0),
(871, 229, 'Beats_By_Dre_Studio_Headphone_Pink_3.jpeg', 0, 0, 0),
(872, 229, 'Beats_By_Dre_Studio_Headphone_Pink_4.jpeg', 0, 0, 0),
(873, 230, 'Beats_By_Dre_Studio_Headphone_Red_1.jpeg', 0, 0, 0),
(874, 230, 'Beats_By_Dre_Studio_Headphone_Red_2.jpeg', 0, 1, 0),
(875, 230, 'Beats_By_Dre_Studio_Headphone_Red_3.jpeg', 0, 0, 0),
(876, 230, 'Beats_By_Dre_Studio_Headphone_Red_4.jpeg', 0, 0, 0),
(877, 231, 'Beats_By_Dre_Studio_2_Headphone_Red_1.jpeg', 0, 0, 0),
(878, 231, 'Beats_By_Dre_Studio_2_Headphone_Red_2.jpeg', 0, 1, 0),
(879, 231, 'Beats_By_Dre_Studio_2_Headphone_Red_3.jpeg', 0, 0, 0),
(880, 231, 'Beats_By_Dre_Studio_2_Headphone_Red_4.jpeg', 0, 0, 0),
(881, 231, 'Beats_By_Dre_Studio_2_Headphone_Red_5.jpeg', 0, 0, 0),
(882, 232, 'Beats_By_Dre_Studio_2_Headphone_White_1.jpeg', 0, 0, 0),
(883, 232, 'Beats_By_Dre_Studio_2_Headphone_White_2.jpeg', 0, 1, 0),
(884, 232, 'Beats_By_Dre_Studio_2_Headphone_White_3.jpeg', 0, 0, 0),
(885, 232, 'Beats_By_Dre_Studio_2_Headphone_White_4.jpeg', 0, 0, 0),
(886, 232, 'Beats_By_Dre_Studio_2_Headphone_White_5.jpeg', 0, 0, 0),
(887, 233, 'Beats_By_Dre_Studio_2_Headphone_Black_1.jpeg', 0, 0, 0),
(888, 233, 'Beats_By_Dre_Studio_2_Headphone_Black_2.jpeg', 0, 1, 0),
(889, 233, 'Beats_By_Dre_Studio_2_Headphone_Black_3.jpeg', 0, 0, 0),
(890, 233, 'Beats_By_Dre_Studio_2_Headphone_Black_4.jpeg', 0, 0, 0),
(891, 233, 'Beats_By_Dre_Studio_2_Headphone_Black_5.jpeg', 0, 0, 0),
(892, 234, 'Beats_By_Dre_Studio_2_Headphone_Blue_1.jpeg', 0, 0, 0),
(893, 234, 'Beats_By_Dre_Studio_2_Headphone_Blue_2.jpeg', 0, 1, 0),
(894, 234, 'Beats_By_Dre_Studio_2_Headphone_Blue_3.jpeg', 0, 0, 0),
(895, 234, 'Beats_By_Dre_Studio_2_Headphone_Blue_4.jpeg', 0, 0, 0),
(896, 234, 'Beats_By_Dre_Studio_2_Headphone_Blue_5.jpeg', 0, 0, 0),
(897, 235, 'Beats_By_Dre_Studio_Wireless_Headphone_Black_1.jpeg', 0, 0, 0),
(898, 235, 'Beats_By_Dre_Studio_Wireless_Headphone_Black_2.jpeg', 0, 1, 0),
(899, 235, 'Beats_By_Dre_Studio_Wireless_Headphone_Black_3.jpeg', 0, 0, 0),
(900, 235, 'Beats_By_Dre_Studio_Wireless_Headphone_Black_4.jpeg', 0, 0, 0),
(901, 235, 'Beats_By_Dre_Studio_Wireless_Headphone_Black_5.jpeg', 0, 0, 0),
(902, 236, 'Beats_By_Dre_Studio_Wireless_Headphone_White_1.jpeg', 0, 0, 0),
(903, 236, 'Beats_By_Dre_Studio_Wireless_Headphone_White_2.jpeg', 0, 1, 0),
(904, 236, 'Beats_By_Dre_Studio_Wireless_Headphone_White_3.jpeg', 0, 0, 0),
(905, 236, 'Beats_By_Dre_Studio_Wireless_Headphone_White_4.jpeg', 0, 0, 0),
(906, 236, 'Beats_By_Dre_Studio_Wireless_Headphone_White_5.jpeg', 0, 0, 0),
(907, 237, 'Beats_By_Dre_Studio_Wireless_Headphone_Red_1.jpeg', 0, 0, 0),
(908, 237, 'Beats_By_Dre_Studio_Wireless_Headphone_Red_2.jpeg', 0, 1, 0),
(909, 237, 'Beats_By_Dre_Studio_Wireless_Headphone_Red_3.jpeg', 0, 0, 0),
(910, 237, 'Beats_By_Dre_Studio_Wireless_Headphone_Red_4.jpeg', 0, 0, 0),
(911, 237, 'Beats_By_Dre_Studio_Wireless_Headphone_Red_5.jpeg', 0, 0, 0),
(912, 238, 'Beats_By_Dre_Studio_Wireless_Headphone_Blue_1.jpeg', 0, 0, 0),
(913, 238, 'Beats_By_Dre_Studio_Wireless_Headphone_Blue_2.jpeg', 0, 1, 0),
(914, 238, 'Beats_By_Dre_Studio_Wireless_Headphone_Blue_3.jpeg', 0, 0, 0),
(915, 238, 'Beats_By_Dre_Studio_Wireless_Headphone_Blue_4.jpeg', 0, 0, 0),
(916, 238, 'Beats_By_Dre_Studio_Wireless_Headphone_Blue_5.jpeg', 0, 0, 0),
(917, 239, 'Beats_By_Dre_Studio_Wireless_Headphone_Titanium_1.jpeg', 0, 0, 0),
(918, 239, 'Beats_By_Dre_Studio_Wireless_Headphone_Titanium_2.jpeg', 0, 1, 0),
(919, 239, 'Beats_By_Dre_Studio_Wireless_Headphone_Titanium_3.jpeg', 0, 0, 0),
(920, 239, 'Beats_By_Dre_Studio_Wireless_Headphone_Titanium_4.jpeg', 0, 0, 0),
(921, 239, 'Beats_By_Dre_Studio_Wireless_Headphone_Titanium_5.jpeg', 0, 0, 0),
(922, 240, 'Beats_By_Dre_Executive_Headphone_Silver_1.jpeg', 0, 0, 0),
(923, 240, 'Beats_By_Dre_Executive_Headphone_Silver_2.jpeg', 0, 1, 0),
(924, 240, 'Beats_By_Dre_Executive_Headphone_Silver_3.jpeg', 0, 0, 0),
(925, 240, 'Beats_By_Dre_Executive_Headphone_Silver_4.jpeg', 0, 0, 0),
(926, 240, 'Beats_By_Dre_Executive_Headphone_Silver_5.jpeg', 0, 0, 0),
(927, 240, 'Beats_By_Dre_Executive_Headphone_Silver_6.jpeg', 0, 0, 0),
(928, 241, 'Beats_By_Dre_Mixr_Headphone_Red_1.jpeg', 0, 0, 0),
(929, 241, 'Beats_By_Dre_Mixr_Headphone_Red_2.jpeg', 0, 1, 0),
(930, 241, 'Beats_By_Dre_Mixr_Headphone_Red_3.jpeg', 0, 0, 0),
(931, 241, 'Beats_By_Dre_Mixr_Headphone_Red_4.jpeg', 0, 0, 0),
(932, 241, 'Beats_By_Dre_Mixr_Headphone_Red_5.jpeg', 0, 0, 0),
(933, 242, 'Beats_By_Dre_Mixr_Headphone_Black_1.jpeg', 0, 0, 0),
(934, 242, 'Beats_By_Dre_Mixr_Headphone_Black_2.jpeg', 0, 1, 0),
(935, 242, 'Beats_By_Dre_Mixr_Headphone_Black_3.jpeg', 0, 0, 0),
(936, 242, 'Beats_By_Dre_Mixr_Headphone_Black_4.jpeg', 0, 0, 0),
(937, 242, 'Beats_By_Dre_Mixr_Headphone_Black_5.jpeg', 0, 0, 0),
(938, 243, 'Beats_By_Dre_Solo_HD_Headphone_Matte_Black_1.jpeg', 0, 0, 0),
(939, 243, 'Beats_By_Dre_Solo_HD_Headphone_Matte_Black_2.jpeg', 0, 1, 0),
(940, 243, 'Beats_By_Dre_Solo_HD_Headphone_Matte_Black_3.jpeg', 0, 0, 0),
(941, 243, 'Beats_By_Dre_Solo_HD_Headphone_Matte_Black_4.jpeg', 0, 0, 0),
(942, 244, 'Beats_By_Dre_Solo_HD_Headphone_White_1.jpeg', 0, 0, 0),
(943, 244, 'Beats_By_Dre_Solo_HD_Headphone_White_2.jpeg', 0, 1, 0),
(944, 244, 'Beats_By_Dre_Solo_HD_Headphone_White_3.jpeg', 0, 0, 0),
(945, 244, 'Beats_By_Dre_Solo_HD_Headphone_White_4.jpeg', 0, 0, 0),
(946, 245, 'Beats_By_Dre_Solo_HD_Headphone_Matte_Red_1.jpeg', 0, 0, 0),
(947, 245, 'Beats_By_Dre_Solo_HD_Headphone_Matte_Red_2.jpeg', 0, 1, 0),
(948, 245, 'Beats_By_Dre_Solo_HD_Headphone_Matte_Red_3.jpeg', 0, 0, 0),
(949, 245, 'Beats_By_Dre_Solo_HD_Headphone_Matte_Red_4.jpeg', 0, 0, 0),
(950, 246, 'Beats_By_Dre_Solo_2_Headphone_Blue_1.jpeg', 0, 0, 0),
(951, 246, 'Beats_By_Dre_Solo_2_Headphone_Blue_2.jpeg', 0, 1, 0),
(952, 246, 'Beats_By_Dre_Solo_2_Headphone_Blue_3.jpeg', 0, 0, 0),
(953, 246, 'Beats_By_Dre_Solo_2_Headphone_Blue_4.jpeg', 0, 0, 0),
(954, 247, 'Beats_By_Dre_Solo_2_Headphone_White_1.jpeg', 0, 0, 0),
(955, 247, 'Beats_By_Dre_Solo_2_Headphone_White_2.jpeg', 0, 1, 0),
(956, 247, 'Beats_By_Dre_Solo_2_Headphone_White_3.jpeg', 0, 0, 0),
(957, 247, 'Beats_By_Dre_Solo_2_Headphone_White_4.jpeg', 0, 0, 0),
(958, 248, 'Beats_By_Dre_Solo_2_Headphone_Red_1.jpeg', 0, 0, 0),
(959, 248, 'Beats_By_Dre_Solo_2_Headphone_Red_2.jpeg', 0, 1, 0),
(960, 248, 'Beats_By_Dre_Solo_2_Headphone_Red_3.jpeg', 0, 0, 0),
(961, 248, 'Beats_By_Dre_Solo_2_Headphone_Red_4.jpeg', 0, 0, 0),
(962, 249, 'Beats_By_Dre_Solo_2_Headphone_Black_1.jpeg', 0, 0, 0),
(963, 249, 'Beats_By_Dre_Solo_2_Headphone_Black_2.jpeg', 0, 1, 0),
(964, 249, 'Beats_By_Dre_Solo_2_Headphone_Black_3.jpeg', 0, 0, 0),
(965, 249, 'Beats_By_Dre_Solo_2_Headphone_Black_4.jpeg', 0, 0, 0),
(966, 250, 'Beats_By_Dre_Solo_2_Wireless_Headphone_Red_1.jpeg', 0, 0, 0),
(967, 250, 'Beats_By_Dre_Solo_2_Wireless_Headphone_Red_2.jpeg', 0, 1, 0),
(968, 250, 'Beats_By_Dre_Solo_2_Wireless_Headphone_Red_3.jpeg', 0, 0, 0),
(969, 250, 'Beats_By_Dre_Solo_2_Wireless_Headphone_Red_4.jpeg', 0, 0, 0),
(970, 250, 'Beats_By_Dre_Solo_2_Wireless_Headphone_Red_5.jpeg', 0, 0, 0),
(971, 251, 'Beats_By_Dre_Solo_2_Wireless_Headphone_White_1.jpeg', 0, 0, 0),
(972, 251, 'Beats_By_Dre_Solo_2_Wireless_Headphone_White_2.jpeg', 0, 1, 0),
(973, 251, 'Beats_By_Dre_Solo_2_Wireless_Headphone_White_3.jpeg', 0, 0, 0),
(974, 251, 'Beats_By_Dre_Solo_2_Wireless_Headphone_White_4.jpeg', 0, 0, 0),
(975, 251, 'Beats_By_Dre_Solo_2_Wireless_Headphone_White_5.jpeg', 0, 0, 0),
(976, 252, 'Beats_By_Dre_Solo_2_Wireless_Headphone_Blue_1.jpeg', 0, 0, 0),
(977, 252, 'Beats_By_Dre_Solo_2_Wireless_Headphone_Blue_2.jpeg', 0, 1, 0),
(978, 252, 'Beats_By_Dre_Solo_2_Wireless_Headphone_Blue_3.jpeg', 0, 0, 0),
(979, 252, 'Beats_By_Dre_Solo_2_Wireless_Headphone_Blue_4.jpeg', 0, 0, 0),
(980, 252, 'Beats_By_Dre_Solo_2_Wireless_Headphone_Blue_5.jpeg', 0, 0, 0),
(981, 253, 'Beats_By_Dre_Solo_2_Wireless_Headphone_Black_1.jpeg', 0, 0, 0),
(982, 253, 'Beats_By_Dre_Solo_2_Wireless_Headphone_Black_2.jpeg', 0, 1, 0),
(983, 253, 'Beats_By_Dre_Solo_2_Wireless_Headphone_Black_3.jpeg', 0, 0, 0),
(984, 253, 'Beats_By_Dre_Solo_2_Wireless_Headphone_Black_4.jpeg', 0, 0, 0),
(985, 253, 'Beats_By_Dre_Solo_2_Wireless_Headphone_Black_5.jpeg', 0, 0, 0),
(986, 254, 'Beats_By_Dre_Solo_2_Wireless_Headphone_Gold_1.jpeg', 0, 0, 0),
(987, 254, 'Beats_By_Dre_Solo_2_Wireless_Headphone_Gold_2.jpeg', 0, 1, 0),
(988, 254, 'Beats_By_Dre_Solo_2_Wireless_Headphone_Gold_3.jpeg', 0, 0, 0),
(989, 254, 'Beats_By_Dre_Solo_2_Wireless_Headphone_Gold_4.jpeg', 0, 0, 0),
(990, 254, 'Beats_By_Dre_Solo_2_Wireless_Headphone_Gold_5.jpeg', 0, 0, 0),
(991, 255, 'Beats_By_Dre_Solo_2_Wireless_Headphone_Silver_1.jpeg', 0, 0, 0),
(992, 255, 'Beats_By_Dre_Solo_2_Wireless_Headphone_Silver_2.jpeg', 0, 1, 0),
(993, 255, 'Beats_By_Dre_Solo_2_Wireless_Headphone_Silver_3.jpeg', 0, 0, 0),
(994, 255, 'Beats_By_Dre_Solo_2_Wireless_Headphone_Silver_4.jpeg', 0, 0, 0),
(995, 255, 'Beats_By_Dre_Solo_2_Wireless_Headphone_Silver_5.jpeg', 0, 0, 0),
(996, 256, 'Beats_By_Dre_Solo_2_Wireless_Headphone_Space_Gray_1.jpeg', 0, 0, 0),
(997, 256, 'Beats_By_Dre_Solo_2_Wireless_Headphone_Space_Gray_2.jpeg', 0, 1, 0),
(998, 256, 'Beats_By_Dre_Solo_2_Wireless_Headphone_Space_Gray_3.jpeg', 0, 0, 0),
(999, 256, 'Beats_By_Dre_Solo_2_Wireless_Headphone_Space_Gray_4.jpeg', 0, 0, 0),
(1000, 256, 'Beats_By_Dre_Solo_2_Wireless_Headphone_Space_Gray_5.jpeg', 0, 0, 0),
(1001, 257, 'Beats_By_Dre_Urbeats_Earphone_Pink_1.jpeg', 0, 0, 0),
(1002, 257, 'Beats_By_Dre_Urbeats_Earphone_Pink_2.jpeg', 0, 1, 0),
(1003, 257, 'Beats_By_Dre_Urbeats_Earphone_Pink_3.jpeg', 0, 0, 0),
(1004, 257, 'Beats_By_Dre_Urbeats_Earphone_Pink_4.jpeg', 0, 0, 0),
(1005, 258, 'Beats_By_Dre_Power_Beats2_Earphone_Red_1.jpeg', 0, 0, 0),
(1006, 258, 'Beats_By_Dre_Power_Beats2_Earphone_Red_2.jpeg', 0, 1, 0),
(1007, 258, 'Beats_By_Dre_Power_Beats2_Earphone_Red_3.jpeg', 0, 0, 0),
(1008, 258, 'Beats_By_Dre_Power_Beats2_Earphone_Red_4.jpeg', 0, 0, 0),
(1009, 259, 'Beats_By_Dre_Power_Beats2_Earphone_Black_1.jpeg', 0, 0, 0),
(1010, 259, 'Beats_By_Dre_Power_Beats2_Earphone_Black_2.jpeg', 0, 1, 0),
(1011, 259, 'Beats_By_Dre_Power_Beats2_Earphone_Black_3.jpeg', 0, 0, 0),
(1012, 259, 'Beats_By_Dre_Power_Beats2_Earphone_Black_4.jpeg', 0, 0, 0),
(1013, 260, 'Beats_By_Dre_Power_Beats2_Earphone_Blue_1.jpeg', 0, 0, 0),
(1014, 260, 'Beats_By_Dre_Power_Beats2_Earphone_Blue_2.jpeg', 0, 1, 0),
(1015, 260, 'Beats_By_Dre_Power_Beats2_Earphone_Blue_3.jpeg', 0, 0, 0),
(1016, 260, 'Beats_By_Dre_Power_Beats2_Earphone_Blue_4.jpeg', 0, 0, 0),
(1017, 261, 'Ferrari_P200_Headphone_Black_1.jpeg', 0, 0, 0),
(1018, 261, 'Ferrari_P200_Headphone_Black_2.jpeg', 0, 1, 0),
(1019, 261, 'Ferrari_P200_Headphone_Black_3.jpeg', 0, 0, 0),
(1020, 262, 'Ferrari_R100_Earphone_White_1.jpeg', 0, 0, 0),
(1021, 262, 'Ferrari_R100_Earphone_White_2.jpeg', 0, 1, 0),
(1022, 262, 'Ferrari_R100_Earphone_White_3.jpeg', 0, 0, 0),
(1023, 263, 'Ferrari_R100_Earphone_Black_1.jpeg', 0, 0, 0),
(1024, 263, 'Ferrari_R100_Earphone_Black_2.jpeg', 0, 1, 0),
(1025, 263, 'Ferrari_R100_Earphone_Black_3.jpeg', 0, 0, 0),
(1026, 264, 'Ferrari_R200_Headphone_White_1.jpeg', 0, 0, 0),
(1027, 264, 'Ferrari_R200_Headphone_White_2.jpeg', 0, 1, 0),
(1028, 264, 'Ferrari_R200_Headphone_White_3.jpeg', 0, 0, 0),
(1029, 265, 'Ferrari_R200_Headphone_Silver_1.jpeg', 0, 0, 0),
(1030, 265, 'Ferrari_R200_Headphone_Silver_2.jpeg', 0, 1, 0),
(1031, 265, 'Ferrari_R200_Headphone_Silver_3.jpeg', 0, 0, 0),
(1032, 265, 'Ferrari_R200_Headphone_Silver_4.jpeg', 0, 0, 0),
(1033, 266, 'Ferrari_R300_Headphone_White_1.jpeg', 0, 0, 0),
(1034, 266, 'Ferrari_R300_Headphone_White_2.jpeg', 0, 1, 0),
(1035, 266, 'Ferrari_R300_Headphone_White_3.jpeg', 0, 0, 0),
(1036, 267, 'Ferrari_R300_Headphone_Silver_1.jpeg', 0, 0, 0),
(1037, 267, 'Ferrari_R300_Headphone_Silver_2.jpeg', 0, 1, 0),
(1038, 267, 'Ferrari_R300_Headphone_Silver_3.jpeg', 0, 0, 0),
(1039, 268, 'Ferrari_S100_Earphone_Red_1.jpeg', 0, 0, 0),
(1040, 268, 'Ferrari_S100_Earphone_Red_2.jpeg', 0, 1, 0),
(1041, 268, 'Ferrari_S100_Earphone_Red_3.jpeg', 0, 0, 0),
(1042, 269, 'Ferrari_S100_Earphone_White_1.jpeg', 0, 0, 0),
(1043, 269, 'Ferrari_S100_Earphone_White_2.jpeg', 0, 1, 0),
(1044, 269, 'Ferrari_S100_Earphone_White_3.jpeg', 0, 0, 0),
(1045, 270, 'Ferrari_T250_Headphone_Tan_1.jpeg', 0, 0, 0),
(1046, 270, 'Ferrari_T250_Headphone_Tan_2.jpeg', 0, 1, 0),
(1047, 270, 'Ferrari_T250_Headphone_Tan_3.jpeg', 0, 0, 0),
(1048, 270, 'Ferrari_T250_Headphone_Tan_4.jpeg', 0, 0, 0),
(1049, 271, 'Ferrari_T350_Headphone_Black_1.jpeg', 0, 0, 0),
(1050, 271, 'Ferrari_T350_Headphone_Black_2.jpeg', 0, 1, 0),
(1051, 271, 'Ferrari_T350_Headphone_Black_3.jpeg', 0, 0, 0),
(1052, 272, 'Logitech_MetroFi_200_Earphone_Black_1.jpeg', 0, 0, 0),
(1053, 272, 'Logitech_MetroFi_200_Earphone_Black_2.jpeg', 0, 1, 0),
(1054, 273, 'Logitech_MetroFi_220_Earphone_Black_1.jpeg', 0, 0, 0),
(1055, 273, 'Logitech_MetroFi_220_Earphone_Black_2.jpeg', 0, 1, 0),
(1056, 273, 'Logitech_MetroFi_220_Earphone_Black_3.jpeg', 0, 0, 0),
(1057, 273, 'Logitech_MetroFi_220_Earphone_Black_4.jpeg', 0, 0, 0),
(1058, 273, 'Logitech_MetroFi_220_Earphone_Black_5.jpeg', 0, 0, 0),
(1059, 274, 'Marshall_Major_FX_Headphone_Black_1.jpeg', 0, 0, 0),
(1060, 274, 'Marshall_Major_FX_Headphone_Black_2.jpeg', 0, 1, 0),
(1061, 274, 'Marshall_Major_FX_Headphone_Black_3.jpeg', 0, 0, 0),
(1062, 274, 'Marshall_Major_FX_Headphone_Black_4.jpeg', 0, 0, 0),
(1063, 274, 'Marshall_Major_FX_Headphone_Black_5.jpeg', 0, 0, 0),
(1064, 275, 'Marshall_Major_FX_Headphone_White_1.jpeg', 0, 0, 0),
(1065, 275, 'Marshall_Major_FX_Headphone_White_2.jpeg', 0, 1, 0),
(1066, 275, 'Marshall_Major_FX_Headphone_White_3.jpeg', 0, 0, 0),
(1067, 275, 'Marshall_Major_FX_Headphone_White_4.jpeg', 0, 0, 0),
(1068, 276, 'Marshall_Major_Headphone_Black_1.jpeg', 0, 0, 0),
(1069, 276, 'Marshall_Major_Headphone_Black_2.jpeg', 0, 1, 0),
(1070, 276, 'Marshall_Major_Headphone_Black_3.jpeg', 0, 0, 0),
(1071, 276, 'Marshall_Major_Headphone_Black_4.jpeg', 0, 0, 0),
(1072, 277, 'Marshall_Monitor_Headphone_Black_1.jpeg', 0, 0, 0),
(1073, 277, 'Marshall_Monitor_Headphone_Black_2.jpeg', 0, 1, 0),
(1074, 277, 'Marshall_Monitor_Headphone_Black_3.jpeg', 0, 0, 0),
(1075, 277, 'Marshall_Monitor_Headphone_Black_4.jpeg', 0, 0, 0),
(1076, 277, 'Marshall_Monitor_Headphone_Black_5.jpeg', 0, 0, 0),
(1077, 277, 'Marshall_Monitor_Headphone_Black_6.jpeg', 0, 0, 0),
(1078, 278, 'MiniCooper_813_Headphone_Black_1.jpeg', 0, 0, 0),
(1079, 278, 'MiniCooper_813_Headphone_Black_2.jpeg', 0, 1, 0),
(1080, 279, 'MiniCooper_104_Headphone_Black_1.jpeg', 0, 0, 0),
(1081, 279, 'MiniCooper_104_Headphone_Black_2.jpeg', 0, 1, 0),
(1082, 279, 'MiniCooper_104_Headphone_Black_3.jpeg', 0, 0, 0),
(1083, 280, 'Monster_Diamond_Tears_Headphone_White_1.jpeg', 0, 0, 0),
(1084, 280, 'Monster_Diamond_Tears_Headphone_White_2.jpeg', 0, 1, 0),
(1085, 280, 'Monster_Diamond_Tears_Headphone_White_3.jpeg', 0, 0, 0),
(1086, 280, 'Monster_Diamond_Tears_Headphone_White_4.jpeg', 0, 0, 0),
(1087, 280, 'Monster_Diamond_Tears_Headphone_White_5.jpeg', 0, 0, 0),
(1088, 280, 'Monster_Diamond_Tears_Headphone_White_6.jpeg', 0, 0, 0),
(1089, 280, 'Monster_Diamond_Tears_Headphone_White_7.jpeg', 0, 0, 0),
(1090, 281, 'Monster_Diamond_Tears_Headphone_Black_1.jpeg', 0, 0, 0),
(1091, 281, 'Monster_Diamond_Tears_Headphone_Black_2.jpeg', 0, 1, 0),
(1092, 281, 'Monster_Diamond_Tears_Headphone_Black_3.jpeg', 0, 0, 0),
(1093, 281, 'Monster_Diamond_Tears_Headphone_Black_4.jpeg', 0, 0, 0),
(1094, 281, 'Monster_Diamond_Tears_Headphone_Black_5.jpeg', 0, 0, 0),
(1095, 281, 'Monster_Diamond_Tears_Headphone_Black_6.jpeg', 0, 0, 0),
(1096, 282, 'Monster_Diesel_Vektr_Headphone_Black_1.jpeg', 0, 0, 0),
(1097, 282, 'Monster_Diesel_Vektr_Headphone_Black_2.jpeg', 0, 1, 0),
(1098, 282, 'Monster_Diesel_Vektr_Headphone_Black_3.jpeg', 0, 0, 0),
(1099, 282, 'Monster_Diesel_Vektr_Headphone_Black_4.jpeg', 0, 0, 0),
(1100, 282, 'Monster_Diesel_Vektr_Headphone_Black_5.jpeg', 0, 0, 0),
(1101, 282, 'Monster_Diesel_Vektr_Headphone_Black_6.jpeg', 0, 0, 0),
(1102, 283, 'Monster_Diesel_Vektr_Headphone_White_1.jpeg', 0, 0, 0),
(1103, 283, 'Monster_Diesel_Vektr_Headphone_White_2.jpeg', 0, 1, 0),
(1104, 283, 'Monster_Diesel_Vektr_Headphone_White_3.jpeg', 0, 0, 0),
(1105, 283, 'Monster_Diesel_Vektr_Headphone_White_4.jpeg', 0, 0, 0),
(1106, 284, 'Monster_DNA_Headphone_White_Teal_1.jpeg', 0, 0, 0),
(1107, 284, 'Monster_DNA_Headphone_White_Teal_2.jpeg', 0, 1, 0),
(1108, 284, 'Monster_DNA_Headphone_White_Teal_3.jpeg', 0, 0, 0),
(1109, 284, 'Monster_DNA_Headphone_White_Teal_4.jpeg', 0, 0, 0),
(1110, 284, 'Monster_DNA_Headphone_White_Teal_5.jpeg', 0, 0, 0),
(1111, 285, 'Monster_DNA_Headphone_White_Grey_1.jpeg', 0, 0, 0),
(1112, 285, 'Monster_DNA_Headphone_White_Grey_2.jpeg', 0, 1, 0),
(1113, 285, 'Monster_DNA_Headphone_White_Grey_3.jpeg', 0, 0, 0),
(1114, 285, 'Monster_DNA_Headphone_White_Grey_4.jpeg', 0, 0, 0),
(1115, 285, 'Monster_DNA_Headphone_White_Grey_5.jpeg', 0, 0, 0),
(1116, 286, 'Monster_DNA_Headphone_Black_1.jpeg', 0, 0, 0),
(1117, 286, 'Monster_DNA_Headphone_Black_2.jpeg', 0, 1, 0),
(1118, 286, 'Monster_DNA_Headphone_Black_3.jpeg', 0, 0, 0),
(1119, 286, 'Monster_DNA_Headphone_Black_4.jpeg', 0, 0, 0),
(1120, 286, 'Monster_DNA_Headphone_Black_5.jpeg', 0, 0, 0),
(1121, 287, 'Monster_DNA_Headphone_Blue_Grey_1.jpeg', 0, 0, 0),
(1122, 287, 'Monster_DNA_Headphone_Blue_Grey_2.jpeg', 0, 1, 0),
(1123, 287, 'Monster_DNA_Headphone_Blue_Grey_3.jpeg', 0, 0, 0),
(1124, 287, 'Monster_DNA_Headphone_Blue_Grey_4.jpeg', 0, 0, 0),
(1125, 287, 'Monster_DNA_Headphone_Blue_Grey_5.jpeg', 0, 0, 0),
(1126, 288, 'Monster_Inspiration_Headphone_White_1.jpeg', 0, 0, 0),
(1127, 288, 'Monster_Inspiration_Headphone_White_2.jpeg', 0, 1, 0),
(1128, 288, 'Monster_Inspiration_Headphone_White_3.jpeg', 0, 0, 0),
(1129, 288, 'Monster_Inspiration_Headphone_White_4.jpeg', 0, 0, 0),
(1130, 288, 'Monster_Inspiration_Headphone_White_5.jpeg', 0, 0, 0),
(1131, 288, 'Monster_Inspiration_Headphone_White_6.jpeg', 0, 0, 0),
(1132, 289, 'Monster_Inspiration_Headphone_Black_1.jpeg', 0, 0, 0),
(1133, 289, 'Monster_Inspiration_Headphone_Black_2.jpeg', 0, 1, 0),
(1134, 289, 'Monster_Inspiration_Headphone_Black_3.jpeg', 0, 0, 0),
(1135, 289, 'Monster_Inspiration_Headphone_Black_4.jpeg', 0, 0, 0),
(1136, 289, 'Monster_Inspiration_Headphone_Black_5.jpeg', 0, 0, 0),
(1137, 289, 'Monster_Inspiration_Headphone_Black_6.jpeg', 0, 0, 0),
(1138, 289, 'Monster_Inspiration_Headphone_Black_7.jpeg', 0, 0, 0),
(1139, 290, 'Monster_iSport_Freedom_Wireless_Headphone_Black_1.jpeg', 0, 0, 0),
(1140, 290, 'Monster_iSport_Freedom_Wireless_Headphone_Black_2.jpeg', 0, 1, 0),
(1141, 290, 'Monster_iSport_Freedom_Wireless_Headphone_Black_3.jpeg', 0, 0, 0),
(1142, 290, 'Monster_iSport_Freedom_Wireless_Headphone_Black_4.jpeg', 0, 0, 0),
(1143, 290, 'Monster_iSport_Freedom_Wireless_Headphone_Black_5.jpeg', 0, 0, 0),
(1144, 291, 'Monster_iSport_Freedom_Wireless_Headphone_Green_1.jpeg', 0, 0, 0),
(1145, 291, 'Monster_iSport_Freedom_Wireless_Headphone_Green_2.jpeg', 0, 1, 0),
(1146, 291, 'Monster_iSport_Freedom_Wireless_Headphone_Green_3.jpeg', 0, 0, 0),
(1147, 291, 'Monster_iSport_Freedom_Wireless_Headphone_Green_4.jpeg', 0, 0, 0),
(1148, 291, 'Monster_iSport_Freedom_Wireless_Headphone_Green_5.jpeg', 0, 0, 0),
(1149, 291, 'Monster_iSport_Freedom_Wireless_Headphone_Green_6.jpeg', 0, 0, 0),
(1150, 291, 'Monster_iSport_Freedom_Wireless_Headphone_Green_7.jpeg', 0, 0, 0),
(1151, 292, 'Monster_N-Tune_Headphone_Blue_1.jpeg', 0, 0, 0),
(1152, 293, 'Monster_N-Tune_Headphone_Orange_1.jpeg', 0, 0, 0),
(1153, 294, 'Monster_N-Tune_Headphone_Red_1.jpeg', 0, 0, 0),
(1154, 295, 'Monster_N-Tune_Headphone_Black_1.jpeg', 0, 0, 0),
(1155, 296, 'Monster_N-Tune_Headphone_White_1.jpeg', 0, 0, 0),
(1156, 297, 'Ricoh_Theta_M15_White_1.jpeg', 0, 0, 0),
(1157, 297, 'Ricoh_Theta_M15_White_2.jpeg', 0, 1, 0),
(1158, 297, 'Ricoh_Theta_M15_White_3.jpeg', 0, 0, 0),
(1159, 297, 'Ricoh_Theta_M15_White_4.jpeg', 0, 0, 0),
(1160, 297, 'Ricoh_Theta_M15_White_5.jpeg', 0, 0, 0),
(1161, 297, 'Ricoh_Theta_M15_White_6.jpeg', 0, 0, 0),
(1162, 297, 'Ricoh_Theta_M15_White_7.jpeg', 0, 0, 0),
(1163, 298, 'Ricoh_Theta_M15_Blue_1.jpeg', 0, 0, 0),
(1164, 298, 'Ricoh_Theta_M15_Blue_2.jpeg', 0, 1, 0),
(1165, 299, 'Ricoh_Theta_M15_Yellow_1.jpeg', 0, 0, 0),
(1166, 299, 'Ricoh_Theta_M15_Yellow_2.jpeg', 0, 1, 0),
(1167, 300, 'Ricoh_Theta_S_Black_1.jpeg', 0, 0, 0),
(1168, 300, 'Ricoh_Theta_S_Black_2.jpeg', 0, 1, 0),
(1169, 300, 'Ricoh_Theta_S_Black_3.jpeg', 0, 0, 0),
(1170, 300, 'Ricoh_Theta_S_Black_4.jpeg', 0, 0, 0),
(1171, 300, 'Ricoh_Theta_S_Black_5.jpeg', 0, 0, 0),
(1172, 300, 'Ricoh_Theta_S_Black_6.jpeg', 0, 0, 0),
(1173, 301, 'B&O_Beoplay_H2_Headphone_Silver_Cloud', 0, 0, 0),
(1174, 301, 'B&O_Beoplay_H2_Headphone_Silver_Cloud', 0, 1, 0),
(1175, 301, 'B&O_Beoplay_H2_Headphone_Silver_Cloud', 0, 0, 0),
(1176, 301, 'B&O_Beoplay_H2_Headphone_Silver_Cloud', 0, 0, 0),
(1177, 301, 'B&O_Beoplay_H2_Headphone_Silver_Cloud', 0, 0, 0),
(1178, 302, 'Plantronics_Voyager_Edge_Mono_Earphone_With_Case_Black_1.jpeg', 0, 0, 0),
(1179, 302, 'Plantronics_Voyager_Edge_Mono_Earphone_With_Case_Black_2.jpeg', 0, 1, 0),
(1180, 302, 'Plantronics_Voyager_Edge_Mono_Earphone_With_Case_Black_3.jpeg', 0, 0, 0),
(1181, 302, 'Plantronics_Voyager_Edge_Mono_Earphone_With_Case_Black_4.jpeg', 0, 0, 0),
(1182, 302, 'Plantronics_Voyager_Edge_Mono_Earphone_With_Case_Black_5.jpeg', 0, 0, 0),
(1183, 302, 'Plantronics_Voyager_Edge_Mono_Earphone_With_Case_Black_6.jpeg', 0, 0, 0),
(1184, 302, 'Plantronics_Voyager_Edge_Mono_Earphone_With_Case_Black_7.jpeg', 0, 0, 0),
(1185, 303, 'Plantronics_Voyager_Edge_Mono_Earphone_With_Case_White_1.jpeg', 0, 0, 0),
(1186, 303, 'Plantronics_Voyager_Edge_Mono_Earphone_With_Case_White_2.jpeg', 0, 1, 0),
(1187, 303, 'Plantronics_Voyager_Edge_Mono_Earphone_With_Case_White_3.jpeg', 0, 0, 0),
(1188, 303, 'Plantronics_Voyager_Edge_Mono_Earphone_With_Case_White_4.jpeg', 0, 0, 0),
(1189, 303, 'Plantronics_Voyager_Edge_Mono_Earphone_With_Case_White_5.jpeg', 0, 0, 0),
(1190, 304, 'Plantronics_Voyager_Edge_SE_Mono_Earphone_Black_1.jpeg', 0, 0, 0),
(1191, 305, 'Plantronics_Voyager_Legend_Mono_Earphone_Black_1.jpeg', 0, 0, 0),
(1192, 305, 'Plantronics_Voyager_Legend_Mono_Earphone_Black_2.jpeg', 0, 1, 0),
(1193, 305, 'Plantronics_Voyager_Legend_Mono_Earphone_Black_3.jpeg', 0, 0, 0),
(1194, 305, 'Plantronics_Voyager_Legend_Mono_Earphone_Black_4.jpeg', 0, 0, 0),
(1195, 305, 'Plantronics_Voyager_Legend_Mono_Earphone_Black_5.jpeg', 0, 0, 0),
(1196, 305, 'Plantronics_Voyager_Legend_Mono_Earphone_Black_6.jpeg', 0, 0, 0),
(1197, 306, 'Plantronics_Explorer_500_Mono_Earphone_Black_1.jpeg', 0, 0, 0),
(1198, 306, 'Plantronics_Explorer_500_Mono_Earphone_Black_2.jpeg', 0, 1, 0),
(1199, 306, 'Plantronics_Explorer_500_Mono_Earphone_Black_3.jpeg', 0, 0, 0),
(1200, 306, 'Plantronics_Explorer_500_Mono_Earphone_Black_4.jpeg', 0, 0, 0),
(1201, 307, 'Plantronics_Explorer_500_Mono_Earphone_White_1.jpeg', 0, 0, 0),
(1202, 307, 'Plantronics_Explorer_500_Mono_Earphone_White_2.jpeg', 0, 1, 0),
(1203, 307, 'Plantronics_Explorer_500_Mono_Earphone_White_3.jpeg', 0, 0, 0),
(1204, 307, 'Plantronics_Explorer_500_Mono_Earphone_White_4.jpeg', 0, 0, 0),
(1205, 308, 'Plantronics_Marque_2_Mono_Earphone_White_1.jpeg', 0, 0, 0),
(1206, 308, 'Plantronics_Marque_2_Mono_Earphone_White_2.jpeg', 0, 1, 0),
(1207, 308, 'Plantronics_Marque_2_Mono_Earphone_White_3.jpeg', 0, 0, 0),
(1208, 308, 'Plantronics_Marque_2_Mono_Earphone_White_4.jpeg', 0, 0, 0),
(1231, 313, 'B&O_Beoplay_H2_Headphone_Silver_Cloud', 0, 0, 0),
(1232, 313, 'B&O_Beoplay_H2_Headphone_Silver_Cloud', 0, 1, 0),
(1233, 313, 'B&O_Beoplay_H2_Headphone_Silver_Cloud', 0, 0, 0),
(1234, 313, 'B&O_Beoplay_H2_Headphone_Silver_Cloud', 0, 0, 0),
(1235, 313, 'B&O_Beoplay_H2_Headphone_Silver_Cloud', 0, 0, 0),
(1236, 314, 'Plantronics_Backbeat_Fit_Wireless_Earphone_With_Armband_Green_1.jpeg', 0, 0, 0),
(1237, 314, 'Plantronics_Backbeat_Fit_Wireless_Earphone_With_Armband_Green_2.jpeg', 0, 1, 0),
(1238, 314, 'Plantronics_Backbeat_Fit_Wireless_Earphone_With_Armband_Green_3.jpeg', 0, 0, 0),
(1239, 314, 'Plantronics_Backbeat_Fit_Wireless_Earphone_With_Armband_Green_4.jpeg', 0, 0, 0),
(1240, 314, 'Plantronics_Backbeat_Fit_Wireless_Earphone_With_Armband_Green_5.jpeg', 0, 0, 0),
(1241, 315, 'Plantronics_Backbeat_Fit_Wireless_Earphone_With_Armband_Blue_1.jpeg', 0, 0, 0),
(1242, 315, 'Plantronics_Backbeat_Fit_Wireless_Earphone_With_Armband_Blue_2.jpeg', 0, 1, 0),
(1243, 315, 'Plantronics_Backbeat_Fit_Wireless_Earphone_With_Armband_Blue_3.jpeg', 0, 0, 0),
(1244, 315, 'Plantronics_Backbeat_Fit_Wireless_Earphone_With_Armband_Blue_4.jpeg', 0, 0, 0),
(1245, 315, 'Plantronics_Backbeat_Fit_Wireless_Earphone_With_Armband_Blue_5.jpeg', 0, 0, 0),
(1246, 316, 'Plantronics_Backbeat_Fit_Wireless_Earphone_With_Armband_Red_1.jpeg', 0, 0, 0),
(1247, 316, 'Plantronics_Backbeat_Fit_Wireless_Earphone_With_Armband_Red_2.jpeg', 0, 1, 0),
(1248, 316, 'Plantronics_Backbeat_Fit_Wireless_Earphone_With_Armband_Red_3.jpeg', 0, 0, 0),
(1249, 316, 'Plantronics_Backbeat_Fit_Wireless_Earphone_With_Armband_Red_4.jpeg', 0, 0, 0),
(1250, 317, 'Traxxas_Telluride_4WD_Monster_Truck_Green_1.jpeg', 0, 0, 0),
(1251, 317, 'Traxxas_Telluride_4WD_Monster_Truck_Green_2.jpeg', 0, 1, 0),
(1252, 317, 'Traxxas_Telluride_4WD_Monster_Truck_Green_3.jpeg', 0, 0, 0),
(1253, 317, 'Traxxas_Telluride_4WD_Monster_Truck_Green_4.jpeg', 0, 0, 0),
(1254, 317, 'Traxxas_Telluride_4WD_Monster_Truck_Green_5.jpeg', 0, 0, 0),
(1255, 317, 'Traxxas_Telluride_4WD_Monster_Truck_Green_6.jpeg', 0, 0, 0),
(1298, 341, 'Ferrari_FE3DHCP6LBL_Apple_iphone_6S_Plus_Black_1.jpeg', 0, 0, 0),
(1299, 342, 'Ferrari_FE3DHCP6LDG_Apple_iphone_6S_Plus_Grey_1.jpeg', 0, 0, 0),
(1300, 343, 'Ferrari_FE3DHCP6LRE_Apple_iphone_6S_Plus_Red_1.jpeg', 0, 0, 0),
(1301, 343, 'Ferrari_FE3DHCP6LRE_Apple_iphone_6S_Plus_Red_2.jpeg', 0, 1, 0),
(1302, 343, 'Ferrari_FE3DHCP6LRE_Apple_iphone_6S_Plus_Red_3.jpeg', 0, 0, 0),
(1370, 318, 'Ferrari_Fefocflbkp6lbl_Apple_iPhone_6_Plus_Black_1.jpeg', 0, 0, 0),
(1371, 319, 'Ferrari_Fefocflbkp6lre_Apple_iPhone_6_Plus_Red_1.jpeg', 0, 0, 0),
(1372, 319, 'Ferrari_Fefocflbkp6lre_Apple_iPhone_6_Plus_Red_2.jpeg', 0, 1, 0),
(1373, 319, 'Ferrari_Fefocflbkp6lre_Apple_iPhone_6_Plus_Red_3.jpeg', 0, 2, 0),
(1374, 320, 'Ferrari_Fefochcp6lbl_Apple_iPhone_6_Plus_Black_1.jpeg', 0, 0, 0),
(1375, 321, 'Ferrari_Fefochcp6lre_Apple_iPhone_6_Plus_Red_1.jpeg', 0, 0, 0),
(1376, 322, 'Ferrari_Femehcp6lre_Apple_iPhone_6_Plus_Red_1.jpeg', 0, 0, 0),
(1377, 323, 'Ferrari_Fesccbhcp6lbl_Apple_iPhone_6_Plus_Black_1.jpeg', 0, 0, 0),
(1378, 323, 'Ferrari_Fesccbhcp6lbl_Apple_iPhone_6_Plus_Black_2.jpeg', 0, 1, 0),
(1379, 323, 'Ferrari_Fesccbhcp6lbl_Apple_iPhone_6_Plus_Black_3.jpeg', 0, 2, 0),
(1380, 323, 'Ferrari_Fesccbhcp6lbl_Apple_iPhone_6_Plus_Black_4.jpeg', 0, 3, 0),
(1381, 324, 'Ferrari_Fefocflbkp6bl_Apple_iPhone_6S_Black_1.jpeg', 0, 0, 0),
(1382, 325, 'Ferrari_Fefocflbkp6re_Apple_iPhone_6S_Red_1.jpeg', 0, 0, 0),
(1383, 325, 'Ferrari_Fefocflbkp6re_Apple_iPhone_6S_Red_2.jpeg', 0, 1, 0),
(1384, 325, 'Ferrari_Fefocflbkp6re_Apple_iPhone_6S_Red_3.jpeg', 0, 2, 0),
(1385, 326, 'Ferrari_Fefocflp6bl_Apple_iPhone_6S_Black_1.jpeg', 0, 0, 0),
(1386, 326, 'Ferrari_Fefocflp6bl_Apple_iPhone_6S_Black_2.jpeg', 0, 1, 0),
(1387, 327, 'Ferrari_Fefocflp6re_Apple_iPhone_6S_Red_1.jpeg', 0, 0, 0),
(1388, 327, 'Ferrari_Fefocflp6re_Apple_iPhone_6S_Red_2.jpeg', 0, 1, 0),
(1389, 327, 'Ferrari_Fefocflp6re_Apple_iPhone_6S_Red_3.jpeg', 0, 2, 0),
(1390, 328, 'Ferrari_Fefochcp6bl_Apple_iPhone_6S_Black_1.jpeg', 0, 0, 0),
(1391, 328, 'Ferrari_Fefochcp6bl_Apple_iPhone_6S_Black_2.jpeg', 0, 1, 0),
(1392, 329, 'Ferrari_Fefochcp6re_Apple_iPhone_6S_Red_1.jpeg', 0, 0, 0),
(1393, 329, 'Ferrari_Fefochcp6re_Apple_iPhone_6S_Red_2.jpeg', 0, 1, 0),
(1394, 330, 'Ferrari_Femehcp6re_Apple_iPhone_6S_Red_1.jpeg', 0, 0, 0),
(1395, 331, 'Ferrari_Fesccbhcp6bl_Apple_iPhone_6S_Black_1.jpeg', 0, 0, 0),
(1396, 357, 'Mini_MNFLBKP6YMMBK_Apple_iPhone_6S_Black_1.jpeg', 0, 0, 0),
(1397, 357, 'Mini_MNFLBKP6YMMBK_Apple_iPhone_6S_Black_2.jpeg', 0, 1, 0),
(1398, 358, 'Mini_MNFLBKP6YMMEB_Apple_iPhone_6S_Blue_1.jpeg', 0, 0, 0),
(1399, 358, 'Mini_MNFLBKP6YMMEB_Apple_iPhone_6S_Blue_2.jpeg', 0, 1, 0),
(1400, 332, 'Ferrari_FE3DHCP6BL_Apple_iPhone_6_Black_1.jpeg', 0, 0, 0),
(1401, 332, 'Ferrari_FE3DHCP6BL_Apple_iPhone_6_Black_2.jpeg', 0, 1, 0),
(1402, 333, 'Ferrari_FE3DHCP6DG_Apple_iPhone_6_Grey_1.jpeg', 0, 0, 0),
(1403, 333, 'Ferrari_FE3DHCP6DG_Apple_iPhone_6_Grey_2.jpeg', 0, 1, 0),
(1404, 334, 'Ferrari_Fe3dhcp6re_Apple_iPhone_6_Red_1.jpeg', 0, 0, 0),
(1405, 334, 'Ferrari_Fe3dhcp6re_Apple_iPhone_6_Red_2.jpeg', 0, 1, 0),
(1406, 334, 'Ferrari_Fe3dhcp6re_Apple_iPhone_6_Red_3.jpeg', 0, 2, 0),
(1407, 334, 'Ferrari_Fe3dhcp6re_Apple_iPhone_6_Red_4.jpeg', 0, 3, 0),
(1408, 359, 'Ferrari_FEBKSHCP6BK_Apple_iPhone_6S_Black/Red_1.jpeg', 0, 0, 0),
(1409, 360, 'Ferrari_FEBKSHCP6BKY_Apple_iPhone_6S_Black/Yellow_1.jpeg', 0, 0, 0),
(1410, 361, 'Ferrari_FEBKSHCP6YE_Apple_iPhone_6S_Yellow_1.jpeg', 0, 0, 0),
(1411, 362, 'Ferrari_FECBBHCP6BK_Apple_iPhone_6S_Black_1.jpeg', 0, 0, 0),
(1412, 363, 'Ferrari_FECBBHCP6RE_Apple_iPhone_6S_Red_1.jpeg', 0, 0, 0),
(1413, 364, 'Ferrari_FECBSHCP6BK_Apple_iPhone_6S_Black_1.jpeg', 0, 0, 0),
(1414, 365, 'Ferrari_FECBSHCP6RE_Apple_iPhone_6S_Red_1.jpeg', 0, 0, 0),
(1415, 366, 'Ferrari_FECBSIHCP6WH_Apple_iPhone_6S_Silver_1.jpeg', 0, 0, 0),
(1416, 366, 'Ferrari_FECBSIHCP6WH_Apple_iPhone_6S_Silver_2.jpeg', 0, 1, 0),
(1417, 367, 'Ferrari_FECBGUHCP6BL_Apple_iPhone_6S_Black_1.jpeg', 0, 0, 0),
(1418, 367, 'Ferrari_FECBGUHCP6BL_Apple_iPhone_6S_Black_2.jpeg', 0, 1, 0),
(1419, 368, 'Ferrari_FEDA2IHCP6BL_Apple_iPhone_6S_Black_1.jpeg', 0, 0, 0),
(1420, 369, 'Ferrari_FEDA2IHCP6RE_Apple_iPhone_6S_Red_1.jpeg', 0, 0, 0),
(1421, 370, 'Ferrari_FELIHCP6RE_Apple_iPhone_6S_Red_1.jpeg', 0, 0, 0),
(1422, 371, 'Ferrari_FEST2HCP6BK_Apple_iPhone_6S_Black_1.jpeg', 0, 0, 0),
(1423, 372, 'Ferrari_FEST2HCP6RE_Apple_iPhone_6S_Red_1.jpeg', 0, 0, 0),
(1424, 373, 'Ferrari_FESTUHCP6BK_Apple_iPhone_6S_Black_1.jpeg', 0, 0, 0),
(1425, 374, 'Ferrari_FESTUHCP6RE_Apple_iPhone_6S_Red_1.jpeg', 0, 0, 0),
(1426, 375, 'Ferrari_FESTBPTGP6BK_Apple_iPhone_6S_Black_1.jpeg', 0, 0, 0),
(1427, 375, 'Ferrari_FESTBPTGP6BK_Apple_iPhone_6S_Black_2.jpeg', 0, 1, 0),
(1428, 376, 'Ferrari_FESTBPTGP6RE_Apple_iPhone_6S_Red_1.jpeg', 0, 0, 0),
(1429, 376, 'Ferrari_FESTBPTGP6RE_Apple_iPhone_6S_Red_2.jpeg', 0, 1, 0),
(1430, 377, 'Ferrari_FE3DHCP6LBL_Apple_iphone_6S_Plus_Black_1.jpeg', 0, 0, 0),
(1431, 378, 'Ferrari_FE3DHCP6LDG_Apple_iphone_6S_Plus_Grey_1.jpeg', 0, 0, 0),
(1432, 379, 'Ferrari_FE3DHCP6LRE_Apple_iphone_6S_Plus_Red_1.jpeg', 0, 0, 0),
(1433, 380, 'BMW_BMFLBKP6LMCC_Apple_iPhone_6S_Black_1.jpeg', 0, 0, 0),
(1434, 380, 'BMW_BMFLBKP6LMCC_Apple_iPhone_6S_Black_2.jpeg', 0, 1, 0),
(1435, 380, 'BMW_BMFLBKP6LMCC_Apple_iPhone_6S_Black_3.jpeg', 0, 2, 0),
(1436, 381, 'BMW_BMHCP6MBC_Apple_iPhone_6S_Black_1.jpeg', 0, 0, 0),
(1437, 382, 'BMW_BMHCP6MBS_Apple_iPhone_6S_Silver_1.jpeg', 0, 0, 0),
(1438, 383, 'BMW_BMHCP6MCA_Apple_iPhone_6S_Black_1.jpeg', 0, 0, 0),
(1439, 384, 'BMW_BMHCP6MCC_Apple_iPhone_6S_Black_1.jpeg', 0, 0, 0),
(1440, 384, 'BMW_BMHCP6MCC_Apple_iPhone_6S_Black_2.jpeg', 0, 1, 0),
(1441, 385, 'BMW_BMHCP6MDCB_Apple_iPhone_6S_Black_1.jpeg', 0, 0, 0),
(1442, 386, 'BMW_BMHCP6MDCS_Apple_iPhone_6S_Silver_1.jpeg', 0, 0, 0),
(1443, 387, 'BMW_BMHCP6WGPB_Apple_iPhone_6S_White_1.jpeg', 0, 0, 0),
(1444, 388, 'BMW_BMHCP6TSWH_Apple_iPhone_6S_White_1.jpeg', 0, 0, 0),
(1445, 389, 'BMW_BMHCP6TSDG_Apple_iPhone_6S_Grey_1.jpeg', 0, 0, 0),
(1446, 390, 'BMW_BMHCP6SVSW_Apple_iPhone_6S_White_1.jpeg', 0, 0, 0),
(1447, 391, 'BMW_BMHCP6SVSB_Apple_iPhone_6S_Black_1.jpeg', 0, 0, 0),
(1448, 392, 'BMW_BMHCP6SRN_Apple_iPhone_6S_Black_1.jpeg', 0, 0, 0),
(1449, 393, 'BMW_BMHCP6PEB_Apple_iPhone_6S_Black_1.jpeg', 0, 0, 0),
(1450, 394, 'BMW_BMHCP6MSSCA_Apple_iPhone_6S_Black_1.jpeg', 0, 0, 0),
(1451, 395, 'BMW_BMHCP6MPERE_Apple_iPhone_6S_Red_1.jpeg', 0, 0, 0),
(1452, 396, 'BMW_BMHCP6MPEBIC_Apple_iPhone_6S_Black_1.jpeg', 0, 0, 0),
(1453, 397, 'Mercedes_MEHCP6BRUAL_Apple_iPhone_6S_Silver_1.jpeg', 0, 0, 0),
(1454, 398, 'Mercedes_MEHCP6BRUALBK_Apple_iPhone_6S_Black_1.jpeg', 0, 0, 0),
(1455, 399, 'Mercedes_MEHCP6MYBR_Apple_iPhone_6S_Brown_1.jpeg', 0, 0, 0),
(1456, 400, 'Mercedes_MEHCP6RCABK_Apple_iPhone_6S_Black_1.jpeg', 0, 0, 0),
(1457, 401, 'Mercedes_MEHCP6RE_Apple_iPhone_6S_Red_1.jpeg', 0, 0, 0),
(1458, 309, 'Logitech_UE_Boom_Wireless_Midnight_Black_1.jpeg', 0, 0, 0),
(1459, 309, 'Logitech_UE_Boom_Wireless_Midnight_Black_2.jpeg', 0, 1, 0),
(1460, 309, 'Logitech_UE_Boom_Wireless_Midnight_Black_3.jpeg', 0, 2, 0),
(1461, 309, 'Logitech_UE_Boom_Wireless_Midnight_Black_4.jpeg', 0, 3, 0),
(1462, 309, 'Logitech_UE_Boom_Wireless_Midnight_Black_5.jpeg', 0, 4, 0),
(1463, 309, 'Logitech_UE_Boom_Wireless_Midnight_Black_6.jpeg', 0, 5, 0),
(1464, 310, 'Logitech_UE_Boom_Wireless_Orchid_Purple_1.jpeg', 0, 0, 0),
(1465, 310, 'Logitech_UE_Boom_Wireless_Orchid_Purple_2.jpeg', 0, 1, 0),
(1466, 310, 'Logitech_UE_Boom_Wireless_Orchid_Purple_3.jpeg', 0, 2, 0),
(1467, 310, 'Logitech_UE_Boom_Wireless_Orchid_Purple_4.jpeg', 0, 3, 0),
(1468, 310, 'Logitech_UE_Boom_Wireless_Orchid_Purple_5.jpeg', 0, 4, 0),
(1469, 311, 'Logitech_UE_Boom_Wireless_Superhero_1.jpeg', 0, 0, 0),
(1470, 311, 'Logitech_UE_Boom_Wireless_Superhero_2.jpeg', 0, 1, 0),
(1471, 311, 'Logitech_UE_Boom_Wireless_Superhero_3.jpeg', 0, 2, 0),
(1472, 311, 'Logitech_UE_Boom_Wireless_Superhero_4.jpeg', 0, 3, 0),
(1473, 311, 'Logitech_UE_Boom_Wireless_Superhero_5.jpeg', 0, 4, 0),
(1474, 311, 'Logitech_UE_Boom_Wireless_Superhero_6.jpeg', 0, 5, 0),
(1475, 312, 'Logitech_UE_Boom_Wireless_Aqua_Blue_1.jpeg', 0, 0, 0),
(1476, 312, 'Logitech_UE_Boom_Wireless_Aqua_Blue_2.jpeg', 0, 1, 0),
(1477, 312, 'Logitech_UE_Boom_Wireless_Aqua_Blue_3.jpeg', 0, 2, 0),
(1478, 312, 'Logitech_UE_Boom_Wireless_Aqua_Blue_4.jpeg', 0, 3, 0),
(1479, 312, 'Logitech_UE_Boom_Wireless_Aqua_Blue_5.jpeg', 0, 4, 0),
(1480, 344, 'Bowers&Wilkins_Zeppelin_Mini_Black_1.jpeg', 0, 0, 0),
(1481, 344, 'Bowers&Wilkins_Zeppelin_Mini_Black_2.jpeg', 0, 1, 0),
(1482, 344, 'Bowers&Wilkins_Zeppelin_Mini_Black_3.jpeg', 0, 2, 0),
(1483, 344, 'Bowers&Wilkins_Zeppelin_Mini_Black_4.jpeg', 0, 3, 0),
(1484, 345, 'Sol_Republic_Punk_Wireless_Blue_1.jpeg', 0, 0, 0),
(1485, 345, 'Sol_Republic_Punk_Wireless_Blue_2.jpeg', 0, 1, 0),
(1486, 345, 'Sol_Republic_Punk_Wireless_Blue_3.jpeg', 0, 2, 0),
(1487, 345, 'Sol_Republic_Punk_Wireless_Blue_4.jpeg', 0, 3, 0),
(1488, 345, 'Sol_Republic_Punk_Wireless_Blue_5.jpeg', 0, 4, 0),
(1489, 345, 'Sol_Republic_Punk_Wireless_Blue_6.jpeg', 0, 5, 0),
(1490, 346, 'Sol_Republic_Punk_Wireless_Black_1.jpeg', 0, 0, 0),
(1491, 346, 'Sol_Republic_Punk_Wireless_Black_2.jpeg', 0, 1, 0),
(1492, 346, 'Sol_Republic_Punk_Wireless_Black_3.jpeg', 0, 2, 0),
(1493, 346, 'Sol_Republic_Punk_Wireless_Black_4.jpeg', 0, 3, 0),
(1494, 346, 'Sol_Republic_Punk_Wireless_Black_5.jpeg', 0, 4, 0),
(1495, 347, 'Sol_Republic_Punk_Wireless_Red_1.jpeg', 0, 0, 0),
(1496, 347, 'Sol_Republic_Punk_Wireless_Red_2.jpeg', 0, 1, 0),
(1497, 347, 'Sol_Republic_Punk_Wireless_Red_3.jpeg', 0, 2, 0),
(1498, 347, 'Sol_Republic_Punk_Wireless_Red_4.jpeg', 0, 3, 0),
(1499, 347, 'Sol_Republic_Punk_Wireless_Red_5.jpeg', 0, 4, 0),
(1500, 347, 'Sol_Republic_Punk_Wireless_Red_6.jpeg', 0, 5, 0),
(1501, 348, 'Monster_iClarity_HD_Wireless_Silver_1.jpeg', 0, 0, 0),
(1502, 348, 'Monster_iClarity_HD_Wireless_Silver_2.jpeg', 0, 1, 0),
(1503, 348, 'Monster_iClarity_HD_Wireless_Silver_3.jpeg', 0, 2, 0),
(1504, 349, 'Marshall_Stanmore_Wireless_Speaker_Black_1.jpeg', 0, 0, 0),
(1505, 349, 'Marshall_Stanmore_Wireless_Speaker_Black_2.jpeg', 0, 1, 0),
(1506, 349, 'Marshall_Stanmore_Wireless_Speaker_Black_3.jpeg', 0, 2, 0),
(1507, 349, 'Marshall_Stanmore_Wireless_Speaker_Black_4.jpeg', 0, 3, 0),
(1508, 349, 'Marshall_Stanmore_Wireless_Speaker_Black_5.jpeg', 0, 4, 0),
(1509, 349, 'Marshall_Stanmore_Wireless_Speaker_Black_6.jpeg', 0, 5, 0),
(1510, 349, 'Marshall_Stanmore_Wireless_Speaker_Black_7.jpeg', 0, 6, 0),
(1511, 350, 'Marshall_Stanmore_Wireless_Speaker_Brown_1.jpeg', 0, 0, 0),
(1512, 350, 'Marshall_Stanmore_Wireless_Speaker_Brown_2.jpeg', 0, 1, 0),
(1513, 350, 'Marshall_Stanmore_Wireless_Speaker_Brown_3.jpeg', 0, 2, 0),
(1514, 350, 'Marshall_Stanmore_Wireless_Speaker_Brown_4.jpeg', 0, 3, 0),
(1515, 350, 'Marshall_Stanmore_Wireless_Speaker_Brown_5.jpeg', 0, 4, 0),
(1516, 351, 'Marshall_Acton_Wireless_Speaker_Black_1.jpeg', 0, 0, 0),
(1517, 351, 'Marshall_Acton_Wireless_Speaker_Black_2.jpeg', 0, 1, 0),
(1518, 351, 'Marshall_Acton_Wireless_Speaker_Black_3.jpeg', 0, 2, 0),
(1519, 351, 'Marshall_Acton_Wireless_Speaker_Black_4.jpeg', 0, 3, 0),
(1520, 351, 'Marshall_Acton_Wireless_Speaker_Black_5.jpeg', 0, 4, 0),
(1521, 351, 'Marshall_Acton_Wireless_Speaker_Black_6.jpeg', 0, 5, 0),
(1522, 352, 'Marshall_Acton_Wireless_Speaker_Cream_1.jpeg', 0, 0, 0),
(1523, 352, 'Marshall_Acton_Wireless_Speaker_Cream_2.jpeg', 0, 1, 0),
(1524, 352, 'Marshall_Acton_Wireless_Speaker_Cream_3.jpeg', 0, 2, 0),
(1525, 352, 'Marshall_Acton_Wireless_Speaker_Cream_4.jpeg', 0, 3, 0),
(1526, 352, 'Marshall_Acton_Wireless_Speaker_Cream_5.jpeg', 0, 4, 0),
(1527, 352, 'Marshall_Acton_Wireless_Speaker_Cream_6.jpeg', 0, 5, 0),
(1528, 353, 'Marshall_Kilburn_Wireless_Portable_Speaker_Black_1.jpeg', 0, 0, 0),
(1529, 353, 'Marshall_Kilburn_Wireless_Portable_Speaker_Black_2.jpeg', 0, 1, 0),
(1530, 353, 'Marshall_Kilburn_Wireless_Portable_Speaker_Black_3.jpeg', 0, 2, 0),
(1531, 353, 'Marshall_Kilburn_Wireless_Portable_Speaker_Black_4.jpeg', 0, 3, 0),
(1532, 353, 'Marshall_Kilburn_Wireless_Portable_Speaker_Black_5.jpeg', 0, 4, 0),
(1533, 353, 'Marshall_Kilburn_Wireless_Portable_Speaker_Black_6.jpeg', 0, 5, 0),
(1534, 353, 'Marshall_Kilburn_Wireless_Portable_Speaker_Black_7.jpeg', 0, 6, 0),
(1535, 354, 'Marshall_Kilburn_Wireless_Portable_Speaker_Cream_1.jpeg', 0, 0, 0),
(1536, 354, 'Marshall_Kilburn_Wireless_Portable_Speaker_Cream_2.jpeg', 0, 1, 0),
(1537, 354, 'Marshall_Kilburn_Wireless_Portable_Speaker_Cream_3.jpeg', 0, 2, 0),
(1538, 354, 'Marshall_Kilburn_Wireless_Portable_Speaker_Cream_4.jpeg', 0, 3, 0),
(1539, 354, 'Marshall_Kilburn_Wireless_Portable_Speaker_Cream_5.jpeg', 0, 4, 0),
(1540, 354, 'Marshall_Kilburn_Wireless_Portable_Speaker_Cream_6.jpeg', 0, 5, 0),
(1541, 354, 'Marshall_Kilburn_Wireless_Portable_Speaker_Cream_7.jpeg', 0, 6, 0),
(1542, 355, 'Marshall_Woburn_Wireless_Speaker_Black_1.jpeg', 0, 0, 0),
(1543, 355, 'Marshall_Woburn_Wireless_Speaker_Black_2.jpeg', 0, 1, 0),
(1544, 355, 'Marshall_Woburn_Wireless_Speaker_Black_3.jpeg', 0, 2, 0),
(1545, 355, 'Marshall_Woburn_Wireless_Speaker_Black_4.jpeg', 0, 3, 0),
(1546, 355, 'Marshall_Woburn_Wireless_Speaker_Black_5.jpeg', 0, 4, 0),
(1547, 403, 'B&O_Beoplay_A2_Wireless_Portable_Speaker_Green_1.jpeg', 0, 0, 0),
(1548, 403, 'B&O_Beoplay_A2_Wireless_Portable_Speaker_Green_2.jpeg', 0, 1, 0),
(1549, 403, 'B&O_Beoplay_A2_Wireless_Portable_Speaker_Green_3.jpeg', 0, 2, 0),
(1550, 403, 'B&O_Beoplay_A2_Wireless_Portable_Speaker_Green_4.jpeg', 0, 3, 0),
(1551, 403, 'B&O_Beoplay_A2_Wireless_Portable_Speaker_Green_5.jpeg', 0, 4, 0),
(1552, 403, 'B&O_Beoplay_A2_Wireless_Portable_Speaker_Green_6.jpeg', 0, 5, 0),
(1553, 404, 'B&O_Beoplay_A2_Wireless_Portable_Speaker_Black_1.jpeg', 0, 0, 0),
(1554, 404, 'B&O_Beoplay_A2_Wireless_Portable_Speaker_Black_2.jpeg', 0, 1, 0),
(1555, 404, 'B&O_Beoplay_A2_Wireless_Portable_Speaker_Black_3.jpeg', 0, 2, 0),
(1556, 404, 'B&O_Beoplay_A2_Wireless_Portable_Speaker_Black_4.jpeg', 0, 3, 0),
(1557, 404, 'B&O_Beoplay_A2_Wireless_Portable_Speaker_Black_5.jpeg', 0, 4, 0),
(1558, 404, 'B&O_Beoplay_A2_Wireless_Portable_Speaker_Black_6.jpeg', 0, 5, 0),
(1559, 405, 'B&O_Beoplay_A2_Wireless_Portable_Speaker_Grey_1.jpeg', 0, 0, 0),
(1560, 405, 'B&O_Beoplay_A2_Wireless_Portable_Speaker_Grey_2.jpeg', 0, 1, 0),
(1561, 405, 'B&O_Beoplay_A2_Wireless_Portable_Speaker_Grey_3.jpeg', 0, 2, 0),
(1562, 405, 'B&O_Beoplay_A2_Wireless_Portable_Speaker_Grey_4.jpeg', 0, 3, 0),
(1563, 405, 'B&O_Beoplay_A2_Wireless_Portable_Speaker_Grey_5.jpeg', 0, 4, 0),
(1564, 405, 'B&O_Beoplay_A2_Wireless_Portable_Speaker_Grey_6.jpeg', 0, 5, 0),
(1565, 406, 'B&O_Beoplay_A2_Wireless_Portable_Speaker_Black_Cooper_1.jpeg', 0, 0, 0),
(1566, 406, 'B&O_Beoplay_A2_Wireless_Portable_Speaker_Black_Cooper_2.jpeg', 0, 1, 0),
(1567, 406, 'B&O_Beoplay_A2_Wireless_Portable_Speaker_Black_Cooper_3.jpeg', 0, 2, 0),
(1568, 407, 'B&O_Beolit_15_Wireless_Portable_Speaker_Natural_Champange_1.jpeg', 0, 0, 0),
(1569, 407, 'B&O_Beolit_15_Wireless_Portable_Speaker_Natural_Champange_2.jpeg', 0, 1, 0),
(1570, 407, 'B&O_Beolit_15_Wireless_Portable_Speaker_Natural_Champange_3.jpeg', 0, 2, 0),
(1571, 407, 'B&O_Beolit_15_Wireless_Portable_Speaker_Natural_Champange_4.jpeg', 0, 3, 0),
(1572, 407, 'B&O_Beolit_15_Wireless_Portable_Speaker_Natural_Champange_5.jpeg', 0, 4, 0),
(1573, 407, 'B&O_Beolit_15_Wireless_Portable_Speaker_Natural_Champange_6.jpeg', 0, 5, 0),
(1574, 407, 'B&O_Beolit_15_Wireless_Portable_Speaker_Natural_Champange_7.jpeg', 0, 6, 0),
(1575, 408, 'B&O_Beolit_15_Wireless_Portable_Speaker_Polar_Blue_1.jpeg', 0, 0, 0),
(1576, 408, 'B&O_Beolit_15_Wireless_Portable_Speaker_Polar_Blue_2.jpeg', 0, 1, 0),
(1577, 408, 'B&O_Beolit_15_Wireless_Portable_Speaker_Polar_Blue_3.jpeg', 0, 2, 0),
(1578, 408, 'B&O_Beolit_15_Wireless_Portable_Speaker_Polar_Blue_4.jpeg', 0, 3, 0),
(1579, 408, 'B&O_Beolit_15_Wireless_Portable_Speaker_Polar_Blue_5.jpeg', 0, 4, 0),
(1580, 408, 'B&O_Beolit_15_Wireless_Portable_Speaker_Polar_Blue_6.jpeg', 0, 5, 0),
(1581, 409, 'B&O_Beolit_15_Wireless_Portable_Speaker_Shadded_Rosa_1.jpeg', 0, 0, 0),
(1582, 409, 'B&O_Beolit_15_Wireless_Portable_Speaker_Shadded_Rosa_2.jpeg', 0, 1, 0),
(1583, 409, 'B&O_Beolit_15_Wireless_Portable_Speaker_Shadded_Rosa_3.jpeg', 0, 2, 0),
(1584, 409, 'B&O_Beolit_15_Wireless_Portable_Speaker_Shadded_Rosa_4.jpeg', 0, 3, 0),
(1585, 409, 'B&O_Beolit_15_Wireless_Portable_Speaker_Shadded_Rosa_5.jpeg', 0, 4, 0),
(1586, 409, 'B&O_Beolit_15_Wireless_Portable_Speaker_Shadded_Rosa_6.jpeg', 0, 5, 0),
(1587, 409, 'B&O_Beolit_15_Wireless_Portable_Speaker_Shadded_Rosa_7.jpeg', 0, 6, 0);

-- --------------------------------------------------------

--
-- Table structure for table `productimagecroncheck`
--

CREATE TABLE IF NOT EXISTS `productimagecroncheck` (
  `id` int(11) NOT NULL,
  `product` int(11) NOT NULL,
  `message` text NOT NULL,
  `timestamp` timestamp NOT NULL DEFAULT CURRENT_TIMESTAMP ON UPDATE CURRENT_TIMESTAMP,
  PRIMARY KEY (`id`)
) ENGINE=InnoDB DEFAULT CHARSET=latin1;

-- --------------------------------------------------------

--
-- Table structure for table `productlog`
--

CREATE TABLE IF NOT EXISTS `productlog` (
  `id` int(11) NOT NULL,
  `user` int(11) NOT NULL,
  `product` int(11) NOT NULL,
  `action` varchar(255) NOT NULL,
  `timestamp` timestamp NOT NULL DEFAULT CURRENT_TIMESTAMP
) ENGINE=InnoDB DEFAULT CHARSET=latin1;

--
-- Dumping data for table `productlog`
--

INSERT INTO `productlog` (`id`, `user`, `product`, `action`, `timestamp`) VALUES
(0, 1, 128, 'Product Details Edited', '2015-11-27 14:32:32'),
(0, 1, 128, 'Product Details Edited', '2015-11-27 14:36:54'),
(0, 1, 53, 'Product Details Edited', '2015-12-01 10:30:08'),
(0, 1, 53, 'Product Details Edited', '2015-12-01 10:30:56'),
(0, 1, 53, 'Product Details Edited', '2015-12-01 10:34:25'),
(0, 1, 158, 'Product Details Edited', '2015-12-01 11:17:02'),
(0, 1, 158, 'Product Details Edited', '2015-12-01 11:18:20'),
(0, 1, 159, 'Product Details Edited', '2015-12-01 11:48:01'),
(0, 1, 160, 'Product Details Edited', '2015-12-01 11:48:17'),
(0, 1, 160, 'Product Details Edited', '2015-12-01 11:48:34'),
(0, 1, 161, 'Product Details Edited', '2015-12-01 11:48:48'),
(0, 1, 162, 'Product Details Edited', '2015-12-01 11:49:03'),
(0, 1, 296, 'Product Price Edited', '2015-12-02 11:20:59'),
(0, 1, 278, 'Product Details Edited', '2015-12-03 11:32:50'),
(0, 1, 279, 'Product Details Edited', '2015-12-03 11:33:00'),
(0, 1, 278, 'Product Details Edited', '2015-12-03 11:33:26'),
(0, 1, 279, 'Product Details Edited', '2015-12-03 11:33:45'),
(0, 1, 297, 'Product Details Edited', '2015-12-03 11:41:45'),
(0, 1, 298, 'Product Details Edited', '2015-12-03 11:41:54'),
(0, 1, 299, 'Product Details Edited', '2015-12-03 11:42:03'),
(0, 1, 300, 'Product Details Edited', '2015-12-03 11:42:16'),
(0, 1, 309, 'Product Details Edited', '2015-12-04 15:29:56'),
(0, 1, 309, 'Product Details Edited', '2015-12-04 15:30:15'),
(0, 1, 310, 'Product Details Edited', '2015-12-04 15:30:36'),
(0, 1, 311, 'Product Details Edited', '2015-12-04 15:30:55'),
(0, 1, 312, 'Product Details Edited', '2015-12-04 15:31:18'),
(0, 1, 162, 'Product Details Edited', '2015-12-05 08:11:54'),
(0, 1, 161, 'Product Details Edited', '2015-12-05 08:12:23'),
(0, 1, 160, 'Product Details Edited', '2015-12-05 08:12:37'),
(0, 1, 159, 'Product Details Edited', '2015-12-05 08:12:49'),
(0, 1, 158, 'Product Details Edited', '2015-12-05 08:13:10'),
(0, 1, 345, 'Product Details Edited', '2015-12-07 11:10:32'),
(0, 1, 346, 'Product Details Edited', '2015-12-07 11:10:49'),
(0, 1, 347, 'Product Details Edited', '2015-12-07 11:11:06'),
(0, 1, 348, 'Product Details Edited', '2015-12-07 11:11:19'),
(0, 1, 32, 'Product Price Edited', '2015-12-09 08:26:12'),
(0, 1, 32, 'Product Price Edited', '2015-12-09 09:21:39'),
(0, 1, 32, 'Product Price Edited', '2015-12-09 09:26:20'),
(0, 1, 32, 'Product Price Edited', '2015-12-09 09:27:32'),
(0, 1, 32, 'Product Price Edited', '2015-12-09 09:28:06'),
(0, 1, 32, 'Product Price Edited', '2015-12-09 09:28:33'),
(0, 1, 32, 'Product Price Edited', '2015-12-09 09:28:57'),
(0, 1, 32, 'Product Price Edited', '2015-12-09 09:29:39'),
(0, 1, 32, 'Product Price Edited', '2015-12-09 09:32:10'),
(0, 1, 32, 'Product Price Edited', '2015-12-09 09:32:48'),
(0, 1, 338, 'Product Price Edited', '2015-12-10 08:31:40'),
(0, 1, 297, 'Product Details Edited', '2015-12-10 09:31:37'),
(0, 1, 298, 'Product Details Edited', '2015-12-10 09:31:48'),
(0, 1, 299, 'Product Details Edited', '2015-12-10 09:31:59'),
(0, 1, 300, 'Product Details Edited', '2015-12-10 09:32:08'),
(0, 1, 317, 'Product Price Edited', '2015-12-10 09:51:47'),
(0, 1, 356, 'Product Created', '2015-12-11 13:34:19'),
(0, 1, 359, 'Product Details Edited', '2015-12-14 14:47:56'),
(0, 1, 353, 'Product Details Edited', '2015-12-16 09:08:25'),
(0, 1, 354, 'Product Details Edited', '2015-12-16 09:09:11'),
(0, 1, 403, 'Product Details Edited', '2015-12-16 09:12:49'),
(0, 1, 404, 'Product Details Edited', '2015-12-16 09:12:55'),
(0, 1, 405, 'Product Details Edited', '2015-12-16 09:13:04'),
(0, 1, 406, 'Product Details Edited', '2015-12-16 09:13:09'),
(0, 1, 403, 'Product Details Edited', '2015-12-16 09:15:45'),
(0, 1, 404, 'Product Details Edited', '2015-12-16 09:16:19'),
(0, 1, 405, 'Product Details Edited', '2015-12-16 09:16:42'),
(0, 1, 406, 'Product Details Edited', '2015-12-16 09:16:52'),
(0, 1, 407, 'Product Details Edited', '2015-12-16 09:20:05'),
(0, 1, 408, 'Product Details Edited', '2015-12-16 09:20:18'),
(0, 1, 409, 'Product Details Edited', '2015-12-16 09:20:29');

-- --------------------------------------------------------

--
-- Table structure for table `productrating`
--

CREATE TABLE IF NOT EXISTS `productrating` (
  `id` int(11) NOT NULL AUTO_INCREMENT,
  `product` int(11) NOT NULL,
  `user` int(11) NOT NULL,
  `rating` int(11) NOT NULL,
  `timestamp` timestamp NOT NULL DEFAULT CURRENT_TIMESTAMP ON UPDATE CURRENT_TIMESTAMP,
  PRIMARY KEY (`id`)
) ENGINE=InnoDB DEFAULT CHARSET=latin1 AUTO_INCREMENT=1 ;

-- --------------------------------------------------------

--
-- Table structure for table `productreturn`
--

CREATE TABLE IF NOT EXISTS `productreturn` (
  `id` int(11) NOT NULL AUTO_INCREMENT,
  `order` int(11) NOT NULL,
  `orderitem` int(11) NOT NULL,
  `status` int(11) NOT NULL,
  `comment` varchar(255) NOT NULL,
  PRIMARY KEY (`id`)
) ENGINE=InnoDB DEFAULT CHARSET=latin1 AUTO_INCREMENT=1 ;

-- --------------------------------------------------------

--
-- Table structure for table `producttype`
--

CREATE TABLE IF NOT EXISTS `producttype` (
  `id` int(11) NOT NULL AUTO_INCREMENT,
  `product` int(11) NOT NULL,
  `type` int(11) NOT NULL,
  PRIMARY KEY (`id`)
) ENGINE=InnoDB  DEFAULT CHARSET=latin1 AUTO_INCREMENT=876 ;

--
-- Dumping data for table `producttype`
--

INSERT INTO `producttype` (`id`, `product`, `type`) VALUES
(1, 1, 1),
(2, 1, 2),
(3, 2, 1),
(4, 2, 2),
(5, 3, 1),
(6, 3, 2),
(7, 4, 1),
(8, 4, 2),
(9, 5, 1),
(10, 5, 2),
(11, 6, 1),
(12, 6, 2),
(13, 7, 1),
(14, 7, 2),
(15, 8, 1),
(16, 8, 2),
(17, 9, 1),
(18, 9, 2),
(19, 10, 1),
(20, 10, 2),
(21, 11, 1),
(22, 11, 3),
(23, 12, 1),
(24, 12, 3),
(25, 13, 1),
(26, 13, 3),
(27, 14, 1),
(28, 14, 3),
(29, 15, 1),
(30, 15, 3),
(31, 16, 1),
(32, 16, 3),
(33, 17, 1),
(34, 17, 3),
(35, 18, 1),
(36, 18, 3),
(37, 19, 1),
(38, 19, 3),
(39, 20, 1),
(40, 20, 3),
(41, 21, 1),
(42, 21, 4),
(43, 22, 1),
(44, 22, 4),
(45, 23, 1),
(46, 23, 4),
(47, 24, 1),
(48, 24, 4),
(49, 25, 1),
(50, 25, 4),
(51, 26, 1),
(52, 26, 4),
(53, 27, 1),
(54, 27, 4),
(55, 28, 1),
(56, 28, 4),
(57, 29, 1),
(58, 29, 4),
(59, 30, 1),
(60, 30, 4),
(61, 31, 1),
(62, 31, 4),
(63, 32, 1),
(64, 32, 4),
(65, 33, 1),
(66, 33, 4),
(67, 34, 1),
(68, 34, 4),
(69, 35, 1),
(70, 35, 2),
(71, 36, 1),
(72, 36, 2),
(73, 37, 1),
(74, 37, 2),
(75, 38, 1),
(76, 38, 2),
(77, 39, 1),
(78, 39, 2),
(79, 40, 1),
(80, 40, 2),
(81, 41, 1),
(82, 41, 2),
(83, 42, 1),
(84, 42, 2),
(85, 43, 1),
(86, 43, 2),
(87, 44, 1),
(88, 44, 2),
(89, 45, 1),
(90, 45, 4),
(91, 46, 1),
(92, 46, 4),
(93, 47, 1),
(94, 47, 4),
(95, 48, 1),
(96, 48, 4),
(97, 49, 1),
(98, 49, 4),
(99, 50, 1),
(100, 50, 4),
(101, 51, 1),
(102, 51, 4),
(103, 52, 1),
(104, 52, 4),
(107, 54, 1),
(108, 54, 4),
(109, 55, 1),
(110, 55, 4),
(111, 56, 1),
(112, 56, 4),
(113, 57, 1),
(114, 57, 4),
(115, 58, 1),
(116, 58, 4),
(117, 59, 1),
(118, 59, 4),
(119, 60, 1),
(120, 60, 4),
(121, 61, 1),
(122, 61, 4),
(123, 62, 1),
(124, 62, 4),
(125, 63, 1),
(126, 63, 4),
(127, 64, 1),
(128, 64, 4),
(129, 65, 1),
(130, 65, 4),
(131, 66, 1),
(132, 66, 4),
(133, 67, 1),
(134, 67, 4),
(135, 68, 1),
(136, 68, 4),
(137, 69, 1),
(138, 69, 4),
(139, 70, 1),
(140, 70, 4),
(141, 71, 1),
(142, 71, 4),
(143, 72, 1),
(144, 72, 4),
(145, 73, 1),
(146, 73, 4),
(147, 74, 1),
(148, 74, 4),
(149, 75, 1),
(150, 75, 4),
(151, 76, 1),
(152, 76, 4),
(153, 77, 1),
(154, 77, 4),
(155, 78, 1),
(156, 78, 4),
(157, 79, 1),
(158, 79, 4),
(159, 80, 5),
(160, 81, 5),
(161, 82, 1),
(162, 82, 2),
(163, 83, 1),
(164, 83, 2),
(165, 84, 1),
(166, 84, 2),
(167, 85, 1),
(168, 85, 2),
(169, 86, 1),
(170, 86, 2),
(171, 87, 1),
(172, 87, 2),
(173, 88, 6),
(174, 89, 6),
(175, 90, 6),
(176, 91, 1),
(177, 91, 2),
(178, 92, 1),
(179, 92, 2),
(180, 93, 1),
(181, 93, 2),
(182, 94, 1),
(183, 94, 2),
(184, 95, 1),
(185, 95, 2),
(186, 96, 1),
(187, 96, 2),
(188, 97, 1),
(189, 97, 2),
(190, 98, 1),
(191, 98, 2),
(192, 99, 1),
(193, 99, 2),
(194, 100, 1),
(195, 100, 3),
(196, 101, 1),
(197, 101, 2),
(198, 102, 1),
(199, 102, 2),
(200, 103, 1),
(201, 103, 2),
(202, 104, 1),
(203, 104, 2),
(204, 105, 1),
(205, 105, 2),
(206, 106, 1),
(207, 106, 2),
(208, 107, 1),
(209, 107, 2),
(210, 108, 1),
(211, 108, 2),
(212, 109, 1),
(213, 109, 2),
(214, 110, 1),
(215, 110, 2),
(216, 111, 1),
(217, 111, 2),
(218, 112, 5),
(219, 113, 5),
(220, 114, 5),
(221, 115, 5),
(222, 116, 1),
(223, 116, 3),
(224, 117, 1),
(225, 117, 2),
(226, 118, 1),
(227, 118, 2),
(228, 119, 1),
(229, 119, 2),
(230, 120, 1),
(231, 120, 2),
(232, 121, 5),
(233, 122, 1),
(234, 123, 1),
(235, 124, 5),
(236, 125, 5),
(237, 126, 1),
(238, 126, 4),
(239, 127, 1),
(240, 127, 4),
(243, 129, 1),
(244, 129, 4),
(245, 130, 1),
(246, 130, 4),
(247, 131, 1),
(248, 131, 4),
(249, 132, 1),
(250, 132, 2),
(251, 133, 1),
(252, 133, 2),
(253, 134, 1),
(254, 134, 2),
(255, 135, 1),
(256, 135, 2),
(257, 136, 1),
(258, 136, 2),
(259, 137, 1),
(260, 137, 4),
(261, 138, 1),
(262, 138, 4),
(263, 139, 1),
(264, 139, 2),
(265, 140, 1),
(266, 140, 2),
(267, 141, 1),
(268, 141, 3),
(269, 142, 1),
(270, 142, 3),
(271, 143, 1),
(272, 143, 2),
(273, 144, 1),
(274, 144, 2),
(275, 145, 1),
(276, 145, 2),
(277, 146, 1),
(278, 146, 2),
(279, 147, 1),
(280, 147, 2),
(281, 148, 5),
(282, 149, 1),
(283, 149, 4),
(284, 150, 1),
(285, 150, 4),
(286, 151, 1),
(287, 151, 2),
(288, 152, 1),
(289, 152, 2),
(290, 153, 1),
(291, 153, 2),
(292, 154, 1),
(293, 154, 2),
(294, 155, 1),
(295, 155, 2),
(296, 156, 1),
(297, 156, 2),
(298, 157, 1),
(299, 157, 2),
(302, 128, 1),
(303, 128, 4),
(308, 53, 1),
(309, 53, 4),
(315, 163, 7),
(316, 164, 7),
(317, 165, 7),
(318, 166, 7),
(319, 167, 7),
(320, 168, 7),
(321, 169, 7),
(322, 170, 7),
(323, 171, 7),
(324, 172, 7),
(325, 173, 7),
(326, 174, 7),
(327, 175, 7),
(328, 176, 7),
(329, 177, 7),
(330, 178, 7),
(331, 179, 7),
(332, 180, 7),
(340, 181, 8),
(341, 181, 9),
(342, 181, 10),
(343, 182, 8),
(344, 182, 9),
(345, 182, 10),
(346, 183, 8),
(347, 183, 9),
(348, 183, 10),
(349, 184, 11),
(350, 184, 9),
(351, 185, 11),
(352, 185, 9),
(353, 186, 8),
(354, 186, 9),
(355, 187, 8),
(356, 187, 9),
(357, 188, 8),
(358, 188, 9),
(359, 189, 8),
(360, 189, 9),
(361, 190, 8),
(362, 190, 9),
(363, 191, 12),
(364, 191, 9),
(365, 192, 12),
(366, 192, 9),
(367, 193, 12),
(368, 193, 9),
(369, 194, 12),
(370, 194, 9),
(371, 194, 13),
(372, 195, 12),
(373, 195, 9),
(374, 195, 13),
(375, 196, 8),
(376, 196, 9),
(377, 197, 11),
(378, 197, 9),
(379, 198, 8),
(380, 198, 9),
(381, 199, 8),
(382, 199, 9),
(383, 200, 8),
(384, 200, 9),
(385, 201, 8),
(386, 201, 9),
(387, 202, 8),
(388, 202, 9),
(389, 203, 12),
(390, 203, 9),
(391, 204, 11),
(392, 204, 9),
(393, 205, 11),
(394, 205, 9),
(395, 206, 8),
(396, 206, 9),
(397, 207, 8),
(398, 207, 9),
(399, 208, 8),
(400, 208, 9),
(401, 209, 8),
(402, 209, 9),
(403, 210, 12),
(404, 210, 9),
(405, 211, 12),
(406, 211, 9),
(407, 212, 12),
(408, 212, 9),
(409, 213, 12),
(410, 213, 9),
(411, 214, 12),
(412, 214, 9),
(413, 214, 13),
(414, 215, 12),
(415, 215, 9),
(416, 215, 13),
(417, 216, 12),
(418, 216, 9),
(419, 216, 13),
(420, 217, 12),
(421, 217, 9),
(422, 218, 12),
(423, 218, 9),
(424, 219, 12),
(425, 219, 9),
(426, 220, 12),
(427, 220, 9),
(428, 221, 12),
(429, 221, 9),
(430, 222, 12),
(431, 222, 9),
(432, 223, 12),
(433, 223, 9),
(434, 224, 12),
(435, 224, 9),
(436, 224, 13),
(437, 225, 12),
(438, 225, 9),
(439, 225, 13),
(440, 226, 12),
(441, 226, 9),
(442, 226, 13),
(443, 227, 12),
(444, 227, 9),
(445, 227, 13),
(446, 228, 11),
(447, 228, 9),
(448, 228, 10),
(449, 229, 11),
(450, 229, 9),
(451, 229, 10),
(452, 230, 11),
(453, 230, 9),
(454, 230, 10),
(455, 231, 11),
(456, 231, 9),
(457, 231, 10),
(458, 232, 11),
(459, 232, 9),
(460, 232, 10),
(461, 233, 11),
(462, 233, 9),
(463, 233, 10),
(464, 234, 11),
(465, 234, 9),
(466, 234, 10),
(467, 235, 11),
(468, 235, 9),
(469, 235, 10),
(470, 236, 11),
(471, 236, 9),
(472, 236, 10),
(473, 237, 11),
(474, 237, 9),
(475, 237, 10),
(476, 238, 11),
(477, 238, 9),
(478, 238, 10),
(479, 239, 11),
(480, 239, 9),
(481, 239, 10),
(482, 240, 11),
(483, 240, 9),
(484, 240, 10),
(485, 241, 8),
(486, 241, 9),
(487, 242, 8),
(488, 242, 9),
(489, 243, 8),
(490, 243, 9),
(491, 244, 8),
(492, 244, 9),
(493, 245, 8),
(494, 245, 9),
(495, 246, 8),
(496, 246, 9),
(497, 247, 8),
(498, 247, 9),
(499, 248, 8),
(500, 248, 9),
(501, 249, 8),
(502, 249, 9),
(503, 250, 8),
(504, 250, 9),
(505, 251, 8),
(506, 251, 9),
(507, 252, 8),
(508, 252, 9),
(509, 253, 8),
(510, 253, 9),
(511, 254, 8),
(512, 254, 9),
(513, 255, 8),
(514, 255, 9),
(515, 256, 8),
(516, 256, 9),
(517, 257, 12),
(518, 257, 9),
(519, 258, 12),
(520, 258, 9),
(521, 259, 12),
(522, 259, 9),
(523, 260, 12),
(524, 260, 9),
(525, 261, 8),
(526, 261, 9),
(527, 262, 12),
(528, 262, 9),
(529, 263, 12),
(530, 263, 9),
(531, 264, 8),
(532, 264, 9),
(533, 265, 8),
(534, 265, 9),
(535, 266, 11),
(536, 266, 9),
(537, 266, 10),
(538, 267, 11),
(539, 267, 9),
(540, 267, 10),
(541, 268, 12),
(542, 268, 9),
(543, 269, 12),
(544, 269, 9),
(545, 270, 8),
(546, 270, 9),
(547, 271, 11),
(548, 271, 9),
(549, 271, 10),
(550, 272, 12),
(551, 272, 9),
(552, 273, 12),
(553, 273, 9),
(554, 274, 8),
(555, 274, 9),
(556, 275, 8),
(557, 275, 9),
(558, 276, 8),
(559, 276, 9),
(560, 277, 11),
(561, 277, 9),
(566, 280, 8),
(567, 280, 9),
(568, 281, 8),
(569, 281, 9),
(570, 282, 8),
(571, 282, 9),
(572, 283, 8),
(573, 283, 9),
(574, 284, 8),
(575, 284, 9),
(576, 285, 8),
(577, 285, 9),
(578, 286, 8),
(579, 286, 9),
(580, 287, 8),
(581, 287, 9),
(582, 288, 11),
(583, 288, 9),
(584, 288, 10),
(585, 289, 11),
(586, 289, 9),
(587, 289, 10),
(588, 290, 8),
(589, 290, 9),
(590, 291, 8),
(591, 291, 9),
(592, 292, 8),
(593, 292, 9),
(594, 293, 8),
(595, 293, 9),
(596, 294, 8),
(597, 294, 9),
(598, 295, 8),
(599, 295, 9),
(600, 296, 8),
(601, 296, 9),
(610, 278, 8),
(611, 278, 9),
(612, 279, 8),
(613, 279, 9),
(618, 301, 8),
(619, 301, 9),
(620, 302, 12),
(621, 302, 14),
(622, 303, 12),
(623, 303, 14),
(624, 304, 12),
(625, 304, 14),
(626, 305, 12),
(627, 305, 14),
(628, 306, 12),
(629, 306, 14),
(630, 307, 12),
(631, 307, 14),
(632, 308, 12),
(633, 308, 14),
(642, 313, 8),
(643, 313, 9),
(644, 314, 12),
(645, 314, 9),
(646, 314, 13),
(647, 314, 17),
(648, 315, 12),
(649, 315, 9),
(650, 315, 13),
(651, 315, 17),
(652, 316, 12),
(653, 316, 9),
(654, 316, 13),
(655, 316, 17),
(656, 317, 7),
(659, 309, 15),
(660, 309, 16),
(661, 310, 15),
(662, 310, 16),
(663, 311, 15),
(664, 311, 16),
(665, 312, 15),
(666, 312, 16),
(667, 318, 5),
(668, 319, 5),
(669, 320, 1),
(670, 320, 2),
(671, 321, 1),
(672, 321, 2),
(673, 322, 1),
(674, 322, 2),
(675, 323, 1),
(676, 323, 2),
(677, 324, 5),
(678, 325, 5),
(679, 326, 5),
(680, 327, 5),
(681, 328, 1),
(682, 328, 2),
(683, 329, 1),
(684, 329, 2),
(685, 330, 1),
(686, 330, 2),
(687, 331, 1),
(688, 331, 2),
(689, 332, 1),
(690, 332, 2),
(691, 333, 1),
(692, 333, 2),
(693, 334, 1),
(694, 334, 2),
(695, 335, 1),
(696, 335, 2),
(697, 336, 1),
(698, 336, 2),
(699, 337, 1),
(700, 337, 2),
(701, 338, 1),
(702, 338, 2),
(703, 339, 1),
(704, 339, 2),
(705, 340, 1),
(706, 340, 2),
(707, 341, 1),
(708, 341, 2),
(709, 342, 1),
(710, 342, 2),
(711, 343, 1),
(712, 343, 2),
(713, 162, 7),
(714, 161, 7),
(715, 160, 7),
(716, 159, 7),
(717, 158, 7),
(718, 344, 18),
(727, 345, 15),
(728, 345, 16),
(729, 346, 15),
(730, 346, 16),
(731, 347, 15),
(732, 347, 16),
(733, 348, 15),
(734, 348, 16),
(735, 297, 7),
(736, 298, 7),
(737, 299, 7),
(738, 300, 7),
(739, 349, 16),
(740, 350, 16),
(741, 351, 16),
(742, 352, 16),
(745, 355, 16),
(746, 357, 5),
(747, 358, 5),
(750, 360, 1),
(751, 360, 2),
(752, 361, 1),
(753, 361, 2),
(754, 362, 1),
(755, 362, 2),
(756, 363, 1),
(757, 363, 2),
(758, 364, 1),
(759, 364, 2),
(760, 365, 1),
(761, 365, 2),
(762, 366, 1),
(763, 366, 2),
(764, 367, 1),
(765, 367, 2),
(766, 368, 1),
(767, 368, 2),
(768, 369, 1),
(769, 369, 2),
(770, 370, 1),
(771, 370, 2),
(772, 371, 1),
(773, 371, 2),
(774, 372, 1),
(775, 372, 2),
(776, 373, 1),
(777, 373, 3),
(778, 374, 1),
(779, 374, 3),
(780, 375, 1),
(781, 375, 3),
(782, 376, 1),
(783, 376, 3),
(784, 377, 1),
(785, 377, 2),
(786, 378, 1),
(787, 378, 2),
(788, 379, 1),
(789, 379, 2),
(790, 380, 5),
(791, 381, 1),
(792, 381, 2),
(793, 382, 1),
(794, 382, 2),
(795, 383, 1),
(796, 383, 2),
(797, 384, 1),
(798, 384, 2),
(799, 385, 1),
(800, 385, 2),
(801, 386, 1),
(802, 386, 2),
(803, 387, 1),
(804, 387, 2),
(805, 388, 1),
(806, 388, 2),
(807, 389, 1),
(808, 389, 2),
(809, 390, 1),
(810, 390, 2),
(811, 391, 1),
(812, 391, 2),
(813, 392, 1),
(814, 392, 2),
(815, 393, 1),
(816, 393, 2),
(817, 394, 1),
(818, 394, 2),
(819, 395, 1),
(820, 395, 2),
(821, 396, 1),
(822, 396, 2),
(823, 397, 1),
(824, 397, 2),
(825, 398, 1),
(826, 398, 2),
(827, 399, 1),
(828, 399, 2),
(829, 400, 1),
(830, 400, 2),
(831, 401, 1),
(832, 401, 2),
(833, 359, 1),
(834, 359, 2),
(835, 402, 7),
(850, 353, 15),
(851, 353, 16),
(852, 354, 15),
(853, 354, 16),
(862, 403, 15),
(863, 403, 16),
(864, 404, 15),
(865, 404, 16),
(866, 405, 15),
(867, 405, 16),
(868, 406, 15),
(869, 406, 16),
(870, 407, 15),
(871, 407, 16),
(872, 408, 15),
(873, 408, 16),
(874, 409, 15),
(875, 409, 16);

-- --------------------------------------------------------

--
-- Table structure for table `productwaiting`
--

CREATE TABLE IF NOT EXISTS `productwaiting` (
  `id` int(11) NOT NULL AUTO_INCREMENT,
  `product` int(11) NOT NULL,
  `user` int(11) NOT NULL,
  `email` varchar(255) NOT NULL,
  `timestamp` timestamp NOT NULL DEFAULT CURRENT_TIMESTAMP,
  PRIMARY KEY (`id`)
) ENGINE=InnoDB  DEFAULT CHARSET=latin1 AUTO_INCREMENT=12 ;

--
-- Dumping data for table `productwaiting`
--

INSERT INTO `productwaiting` (`id`, `product`, `user`, `email`, `timestamp`) VALUES
(5, 162, 10, '', '2015-12-01 13:55:00'),
(7, 298, 10, '', '2015-12-03 14:43:26'),
(10, 317, 10, '', '2015-12-05 07:31:59'),
(11, 354, 10, '', '2015-12-10 15:39:39');

-- --------------------------------------------------------

--
-- Table structure for table `relatedproduct`
--

CREATE TABLE IF NOT EXISTS `relatedproduct` (
  `product` int(11) NOT NULL,
  `relatedproduct` int(11) NOT NULL
) ENGINE=InnoDB DEFAULT CHARSET=latin1;

-- --------------------------------------------------------

--
-- Table structure for table `slider`
--

CREATE TABLE IF NOT EXISTS `slider` (
  `id` int(11) NOT NULL AUTO_INCREMENT,
  `name` varchar(255) NOT NULL,
  `product` varchar(255) NOT NULL,
  `target` varchar(255) NOT NULL,
  `order` int(11) NOT NULL,
  `status` int(11) NOT NULL,
  `fromdate` date NOT NULL,
  `todate` date NOT NULL,
  `image` varchar(255) NOT NULL,
  PRIMARY KEY (`id`)
) ENGINE=InnoDB DEFAULT CHARSET=latin1 AUTO_INCREMENT=1 ;

-- --------------------------------------------------------

--
-- Table structure for table `subscribe`
--

CREATE TABLE IF NOT EXISTS `subscribe` (
  `id` int(11) NOT NULL AUTO_INCREMENT,
  `email` varchar(255) NOT NULL,
  `timestamp` timestamp NOT NULL DEFAULT CURRENT_TIMESTAMP ON UPDATE CURRENT_TIMESTAMP,
  PRIMARY KEY (`id`)
) ENGINE=InnoDB  DEFAULT CHARSET=latin1 AUTO_INCREMENT=26 ;

--
-- Dumping data for table `subscribe`
--

INSERT INTO `subscribe` (`id`, `email`, `timestamp`) VALUES
(11, 'poojathakare55@gmail.com', '2015-09-18 10:48:15'),
(20, 'jaghxrgrjr@fj.dff', '2015-09-22 05:57:10'),
(21, 'pooja.wohlig@gmail.com', '2015-09-23 06:37:34'),
(22, 'jagruti@wohlig.com', '2015-09-23 06:38:30'),
(23, 'dfasdfasd@sdfasdf', '2015-09-23 06:38:46'),
(24, 'chirag@wohlig.com', '2015-11-28 11:24:06'),
(25, 'accessinfoworld@vsnl.com', '2015-11-30 09:40:55');

-- --------------------------------------------------------

--
-- Table structure for table `type`
--

CREATE TABLE IF NOT EXISTS `type` (
  `id` int(11) NOT NULL AUTO_INCREMENT,
  `name` varchar(255) CHARACTER SET utf8 NOT NULL,
  `timestamp` timestamp NOT NULL DEFAULT CURRENT_TIMESTAMP ON UPDATE CURRENT_TIMESTAMP,
  PRIMARY KEY (`id`)
) ENGINE=InnoDB  DEFAULT CHARSET=latin1 AUTO_INCREMENT=20 ;

--
-- Dumping data for table `type`
--

INSERT INTO `type` (`id`, `name`, `timestamp`) VALUES
(1, 'Back Case', '2015-11-26 15:25:49'),
(2, 'Hard Case', '2015-11-26 15:25:49'),
(3, 'Soft Case', '2015-11-26 15:25:49'),
(4, 'Tough Case', '2015-11-26 15:25:49'),
(5, 'Flip Case', '2015-11-27 14:23:30'),
(6, 'Flip Cover', '2015-11-27 14:23:30'),
(7, '', '2015-12-01 10:47:52'),
(8, 'On The Ear', '2015-12-02 10:22:56'),
(9, 'Stereo', '2015-12-02 10:22:56'),
(10, 'Noice Cancelling', '2015-12-02 10:22:56'),
(11, 'Over The Ear', '2015-12-02 10:22:56'),
(12, 'In Ear', '2015-12-02 10:22:56'),
(13, 'Clip Ons', '2015-12-02 10:22:56'),
(14, 'Mono', '2015-12-03 14:36:17'),
(15, 'Portable', '2015-12-04 10:09:20'),
(16, 'Bluetooth', '2015-12-04 10:09:20'),
(17, 'Sweat Resistant', '2015-12-04 10:09:33'),
(18, 'Docks', '2015-12-07 11:09:22');

-- --------------------------------------------------------

--
-- Table structure for table `user`
--

CREATE TABLE IF NOT EXISTS `user` (
  `id` int(11) NOT NULL AUTO_INCREMENT,
  `name` varchar(255) DEFAULT NULL,
  `firstname` varchar(255) NOT NULL,
  `lastname` varchar(255) NOT NULL,
  `email` varchar(255) NOT NULL,
  `phone` varchar(255) DEFAULT NULL,
  `password` varchar(255) NOT NULL,
  `accesslevel` int(11) DEFAULT NULL,
  `status` int(11) DEFAULT NULL,
  `billingaddress` varchar(255) DEFAULT NULL,
  `billingcity` varchar(255) DEFAULT NULL,
  `billingstate` varchar(255) DEFAULT NULL,
  `billingcountry` varchar(255) DEFAULT NULL,
  `shippingaddress` varchar(255) DEFAULT NULL,
  `shippingcity` varchar(255) DEFAULT NULL,
  `shippingcountry` varchar(255) DEFAULT NULL,
  `shippingstate` varchar(255) DEFAULT NULL,
  `shippingpincode` varchar(255) DEFAULT NULL,
  `currency` int(11) DEFAULT NULL,
  `credits` double DEFAULT NULL,
  `companyname` varchar(255) DEFAULT NULL,
  `companyregistrationno` varchar(255) DEFAULT NULL,
  `vatnumber` bigint(20) DEFAULT NULL,
  `country` int(11) DEFAULT NULL,
  `fax` varchar(255) DEFAULT NULL,
  `image` varchar(255) NOT NULL,
  `socialid` varchar(255) NOT NULL,
  `logintype` varchar(255) NOT NULL,
  `json` text NOT NULL,
  `dob` date NOT NULL,
  `street` varchar(255) NOT NULL,
  `address` text NOT NULL,
  `city` varchar(255) NOT NULL,
  `state` varchar(255) NOT NULL,
  `pincode` varchar(255) NOT NULL,
  `facebook` varchar(255) NOT NULL,
  `google` varchar(255) NOT NULL,
  `twitter` varchar(255) NOT NULL,
  `timestamp` timestamp NOT NULL DEFAULT CURRENT_TIMESTAMP ON UPDATE CURRENT_TIMESTAMP,
  `username` varchar(255) NOT NULL,
  `gender` int(11) NOT NULL,
  `billingpincode` varchar(255) NOT NULL,
  PRIMARY KEY (`id`)
) ENGINE=InnoDB  DEFAULT CHARSET=utf8 AUTO_INCREMENT=46 ;

--
-- Dumping data for table `user`
--

INSERT INTO `user` (`id`, `name`, `firstname`, `lastname`, `email`, `phone`, `password`, `accesslevel`, `status`, `billingaddress`, `billingcity`, `billingstate`, `billingcountry`, `shippingaddress`, `shippingcity`, `shippingcountry`, `shippingstate`, `shippingpincode`, `currency`, `credits`, `companyname`, `companyregistrationno`, `vatnumber`, `country`, `fax`, `image`, `socialid`, `logintype`, `json`, `dob`, `street`, `address`, `city`, `state`, `pincode`, `facebook`, `google`, `twitter`, `timestamp`, `username`, `gender`, `billingpincode`) VALUES
(1, 'Aditi', 'Aditi', 'Patil', 'wohlig@wohlig.com', '9898989', 'a63526467438df9566c508027d9cb06b', 1, 1, 'sec-4 airoli', 'NaviMumbai', 'MAharashtra', 'India', 'dombivili', 'kalyan', 'Australia', 'maharashtra', '400125', 1, 500, 'waW', '123', 0, 0, '', '', '', '', '', '0000-00-00', '', '', '', '', '', '', '', '', '2015-12-24 07:16:34', '', 0, '400708'),
(10, NULL, 'dfghjk', 'rtgyhujk', 'shdj@ysgdh.sdgs', NULL, 'a63526467438df9566c508027d9cb06b', NULL, NULL, NULL, NULL, NULL, NULL, NULL, NULL, NULL, NULL, NULL, NULL, NULL, NULL, NULL, NULL, NULL, NULL, '', '', '', '', '0000-00-00', '', '', '', '', '', '', '', '', '2015-09-09 07:14:04', '', 0, ''),
(11, NULL, 'dfgh', 'jdfghj', 'ghd@sdyh.sd', NULL, 'a63526467438df9566c508027d9cb06b', NULL, NULL, NULL, NULL, NULL, NULL, NULL, NULL, NULL, NULL, NULL, NULL, NULL, NULL, NULL, NULL, NULL, NULL, '', '', '', '', '0000-00-00', '', '', '', '', '', '', '', '', '2015-09-09 07:15:06', '', 0, ''),
(12, NULL, 'try', 'trail', 'abc@email.com', NULL, '440ac85892ca43ad26d44c7ad9d47d3e', NULL, NULL, NULL, NULL, NULL, NULL, NULL, NULL, NULL, NULL, NULL, NULL, NULL, NULL, NULL, NULL, NULL, NULL, '', '', '', '', '0000-00-00', '', '', '', '', '', '', '', '', '2015-09-09 07:22:55', '', 0, ''),
(19, NULL, 'tom', 'jerry', 'bobthebuilder@pogo.com', NULL, '30d901e9aea791e635c984a6291b70d5', NULL, NULL, NULL, NULL, NULL, NULL, NULL, NULL, NULL, NULL, NULL, NULL, NULL, NULL, NULL, NULL, NULL, NULL, '', '', '', '', '0000-00-00', '', '', '', '', '', '', '', '', '2015-09-11 07:12:39', '', 0, ''),
(20, 'Avinash Ghare', '', '', 'avinash@wohlig.com', NULL, '', 3, 1, NULL, NULL, NULL, NULL, NULL, NULL, NULL, NULL, NULL, NULL, NULL, NULL, NULL, NULL, 0, NULL, 'https://lh3.googleusercontent.com/-XdUIqdMkCWA/AAAAAAAAAAI/AAAAAAAAAAA/4252rscbv5M/photo.jpg', '118313183524893739637', 'Google', '', '0000-00-00', '', ',', '', '', '', '', '118313183524893739637', '', '2015-09-11 07:14:12', '', 0, ''),
(21, NULL, 'wesrt', 'qwretrt', 'dsa@jdfha.djf', NULL, '440ac85892ca43ad26d44c7ad9d47d3e', NULL, NULL, NULL, NULL, NULL, NULL, NULL, NULL, NULL, NULL, NULL, NULL, NULL, NULL, NULL, NULL, NULL, NULL, '', '', '', '', '0000-00-00', '', '', '', '', '', '', '', '', '2015-09-11 07:17:02', '', 0, ''),
(22, NULL, 'amit', 'verma', 'amitwohig@gmail.com', NULL, 'a63526467438df9566c508027d9cb06b', NULL, NULL, NULL, NULL, NULL, NULL, NULL, NULL, NULL, NULL, NULL, NULL, NULL, NULL, NULL, NULL, NULL, NULL, '', '', '', '', '0000-00-00', '', '', '', '', '', '', '', '', '2015-09-15 05:33:33', '', 0, ''),
(26, 'Pooja Thakare', '', '', 'pooja.wohlig@gmail.com', NULL, '', 3, 1, NULL, NULL, NULL, NULL, NULL, NULL, NULL, NULL, NULL, NULL, NULL, NULL, NULL, NULL, 0, NULL, 'https://lh5.googleusercontent.com/-5B1PwZZrwdI/AAAAAAAAAAI/AAAAAAAAABw/J3Hf871N8IE/photo.jpg', '103402210128529539675', 'Google', '', '0000-00-00', '', ',', '', '', '', '', '103402210128529539675', '', '2015-09-15 10:34:44', '', 0, ''),
(30, NULL, '', '', '', NULL, 'd41d8cd98f00b204e9800998ecf8427e', NULL, NULL, NULL, NULL, NULL, NULL, NULL, NULL, NULL, NULL, NULL, NULL, NULL, NULL, NULL, NULL, NULL, NULL, '', '', '', '', '0000-00-00', '', '', '', '', '', '', '', '', '2015-11-02 07:17:42', '', 0, ''),
(33, NULL, 'vignesh', 'kasturi', 'dhaval@gmail.com', NULL, '49b01b584d0ee82813b940ddad08d231', NULL, NULL, NULL, NULL, NULL, NULL, NULL, NULL, NULL, NULL, NULL, NULL, NULL, NULL, NULL, NULL, NULL, NULL, '', '', '', '', '0000-00-00', '', '', '', '', '', '', '', '', '2015-11-02 07:35:05', '', 0, ''),
(34, NULL, 'abcd', 'abcd', 'abcd@gmail.com', NULL, 'e2fc714c4727ee9395f324cd2e7f331f', NULL, NULL, NULL, NULL, NULL, NULL, NULL, NULL, NULL, NULL, NULL, NULL, NULL, NULL, NULL, NULL, NULL, NULL, '', '', '', '', '0000-00-00', '', '', '', '', '', '', '', '', '2015-11-02 07:39:38', '', 0, ''),
(36, NULL, 'Darshil', 'Shah', 'darshil_210@yahoo.com', NULL, 'a69e9e5409614d0056e41f541cf2b348', NULL, NULL, NULL, NULL, NULL, NULL, NULL, NULL, NULL, NULL, NULL, NULL, NULL, NULL, NULL, NULL, NULL, NULL, '', '', '', '', '0000-00-00', '', '', '', '', '', '', '', '', '2015-11-02 07:41:56', '', 0, ''),
(37, NULL, 'Vignesh', 'Kasturi', 'vigwohlig@gmail.com', NULL, '49b01b584d0ee82813b940ddad08d231', NULL, NULL, NULL, NULL, NULL, NULL, NULL, NULL, NULL, NULL, NULL, NULL, NULL, NULL, NULL, NULL, NULL, NULL, '', '', '', '', '0000-00-00', '', '', '', '', '', '', '', '', '2015-11-03 06:48:22', '', 0, ''),
(38, 'Pooja Thakare', '', '', '', NULL, '', 3, 1, NULL, NULL, NULL, NULL, NULL, NULL, NULL, NULL, NULL, NULL, NULL, NULL, NULL, NULL, 0, NULL, 'https://graph.facebook.com/451648931673334/picture?width=150&height=150', '451648931673334', 'Facebook', '', '0000-00-00', '', ',', '', '', '', '451648931673334', '', '', '2015-11-07 06:46:22', '', 0, ''),
(39, 'Sohan H', '', '', 'sohanh90@gmail.com', NULL, '', 3, 1, NULL, NULL, NULL, NULL, NULL, NULL, NULL, NULL, NULL, NULL, NULL, NULL, NULL, NULL, 0, NULL, 'https://lh3.googleusercontent.com/-XdUIqdMkCWA/AAAAAAAAAAI/AAAAAAAAAAA/4252rscbv5M/photo.jpg', '103430988312500367101', 'Google', '', '0000-00-00', '', ',', '', '', '', '', '103430988312500367101', '', '2015-11-17 12:26:38', '', 0, ''),
(40, 'Sohan Honakeri', '', '', '', NULL, '', 3, 1, NULL, NULL, NULL, NULL, NULL, NULL, NULL, NULL, NULL, NULL, NULL, NULL, NULL, NULL, 0, NULL, 'https://graph.facebook.com/983552028367560/picture?width=150&height=150', '983552028367560', 'Facebook', '', '0000-00-00', '', ',', '', '', '', '983552028367560', '', '', '2015-11-17 12:31:26', '', 0, ''),
(41, 'Dhaval Gala', 'pooja', 'thakare', 'pooja@wohlig.com', '88979887998', '', 3, 1, 'airoli', 'navimumbai', 'maharashtra', 'India', NULL, NULL, NULL, NULL, NULL, NULL, NULL, NULL, NULL, NULL, 0, NULL, 'https://lh6.googleusercontent.com/-XeGx92qk6q4/AAAAAAAAAAI/AAAAAAAAAAw/XhrdRsAwdlA/photo.jpg', '109691319281292568606', 'Google', '', '0000-00-00', '', ',', '', '', '', '', '109691319281292568606', '', '2015-11-25 09:02:17', '', 0, '400708'),
(42, 'Darshil Shah', '', '', '', NULL, '', 3, 1, NULL, NULL, NULL, NULL, NULL, NULL, NULL, NULL, NULL, NULL, NULL, NULL, NULL, NULL, 0, NULL, 'https://graph.facebook.com/10205547092222259/picture?width=150&height=150', '10205547092222259', 'Facebook', '', '0000-00-00', '', ',', '', '', '', '10205547092222259', '', '', '2015-11-26 15:46:14', '', 0, ''),
(43, NULL, 'vikas', 'pal', 'drvickztheinsane@gmail.com', NULL, 'bebe68374a49cb41b7c9219e97250044', NULL, NULL, NULL, NULL, NULL, NULL, NULL, NULL, NULL, NULL, NULL, NULL, NULL, NULL, NULL, NULL, NULL, NULL, '', '', '', '', '0000-00-00', '', '', '', '', '', '', '', '', '2015-12-12 15:30:02', '', 0, ''),
(44, 'Mahesh Maurya', '', '', '', NULL, '', 3, 1, NULL, NULL, NULL, NULL, NULL, NULL, NULL, NULL, NULL, NULL, NULL, NULL, NULL, NULL, 0, NULL, 'https://graph.facebook.com/923538304398922/picture?width=150&height=150', '923538304398922', 'Facebook', '', '0000-00-00', '', ',', '', '', '', '923538304398922', '', '', '2015-12-23 13:29:56', '', 0, ''),
(45, NULL, 'mahesh maurya', 'maurya', 'mahesh@wohlig.com', NULL, 'e10adc3949ba59abbe56e057f20f883e', NULL, NULL, NULL, NULL, NULL, NULL, NULL, NULL, NULL, NULL, NULL, NULL, NULL, NULL, NULL, NULL, NULL, NULL, '', '', '', '', '0000-00-00', '', '', '', '', '', '', '', '', '2015-12-23 13:30:34', '', 0, '');

-- --------------------------------------------------------

--
-- Table structure for table `usercart`
--

CREATE TABLE IF NOT EXISTS `usercart` (
  `user` int(11) NOT NULL,
  `product` int(11) NOT NULL,
  `quantity` int(11) NOT NULL,
  `status` int(11) NOT NULL,
  `timestamp` timestamp NOT NULL DEFAULT CURRENT_TIMESTAMP
) ENGINE=InnoDB DEFAULT CHARSET=latin1;

--
-- Dumping data for table `usercart`
--

INSERT INTO `usercart` (`user`, `product`, `quantity`, `status`, `timestamp`) VALUES
(1, 122, 1, 1, '2015-11-17 13:31:06'),
(41, 130, 1, 1, '2015-11-25 10:22:58'),
(1, 2, 1, 1, '2015-11-26 15:41:34'),
(1, 128, 1, 1, '2015-11-28 08:16:36'),
(1, 88, 1, 1, '2015-11-28 08:19:38'),
(1, 1, 1, 1, '2015-12-01 14:30:00'),
(1, 163, 1, 1, '2015-12-01 14:36:06'),
(1, 63, 1, 1, '2015-12-14 11:56:18'),
(1, 354, 1, 1, '2015-12-23 13:22:27'),
(45, 181, 1, 1, '2015-12-23 13:31:06');

-- --------------------------------------------------------

--
-- Table structure for table `userlog`
--

CREATE TABLE IF NOT EXISTS `userlog` (
  `id` int(11) NOT NULL,
  `user` int(11) NOT NULL,
  `action` varchar(255) NOT NULL,
  `timestamp` timestamp NOT NULL DEFAULT CURRENT_TIMESTAMP,
  `fromuser` int(11) NOT NULL,
  PRIMARY KEY (`id`)
) ENGINE=InnoDB DEFAULT CHARSET=latin1;

--
-- Dumping data for table `userlog`
--

INSERT INTO `userlog` (`id`, `user`, `action`, `timestamp`, `fromuser`) VALUES
(0, 27, 'User Created', '2015-09-23 11:29:37', 1),
(1, 49, 'User Details Edited', '2015-05-06 07:39:13', 1),
(2, 36, 'User Details Edited', '2015-06-01 12:38:10', 1),
(3, 1, 'User Details Edited', '2015-08-18 07:56:24', 1);

-- --------------------------------------------------------

--
-- Table structure for table `userwishlist`
--

CREATE TABLE IF NOT EXISTS `userwishlist` (
  `id` int(11) NOT NULL AUTO_INCREMENT,
  `user` int(11) NOT NULL,
  `timestamp` timestamp NOT NULL DEFAULT CURRENT_TIMESTAMP,
  `product` int(11) NOT NULL,
  PRIMARY KEY (`id`)
) ENGINE=InnoDB  DEFAULT CHARSET=latin1 AUTO_INCREMENT=6 ;

--
-- Dumping data for table `userwishlist`
--

INSERT INTO `userwishlist` (`id`, `user`, `timestamp`, `product`) VALUES
(1, 1, '2015-09-15 07:06:00', 3),
(2, 2, '2015-09-15 08:03:02', 4),
(3, 3, '2015-09-23 08:53:39', 4),
(4, 1, '2015-11-06 12:36:42', 2),
(5, 43, '2015-11-27 14:52:39', 121);

/*!40101 SET CHARACTER_SET_CLIENT=@OLD_CHARACTER_SET_CLIENT */;
/*!40101 SET CHARACTER_SET_RESULTS=@OLD_CHARACTER_SET_RESULTS */;
/*!40101 SET COLLATION_CONNECTION=@OLD_COLLATION_CONNECTION */;
